countyCode,state,total_claims,total_building_damage,total_content_damage
01001,AL,77,1162621.56,205584.8
01003,AL,19745,564338260.13,88111950.82
01005,AL,34,540607.13,154243.6
01007,AL,12,30485.45,2500.0
01009,AL,26,118153.97,680773.43
01011,AL,3,41265.12,20849.52
01013,AL,3,4900.0,5000.0
01015,AL,129,569820.1,136438.26
01017,AL,24,706228.27,215239.45
01019,AL,27,359303.37,27272.24
01021,AL,10,75313.82,3178.51
01023,AL,53,499313.97,63495.02
01025,AL,31,724208.91,170376.1
01027,AL,1,0.0,0.0
01031,AL,590,11194853.96,6483933.41
01033,AL,143,1521397.68,397955.82
01035,AL,3,54500.0,7989.5
01037,AL,10,111743.53,74320.08
01039,AL,37,319741.1,76821.98
01041,AL,2,0.0,0.0
01043,AL,30,498600.25,64995.3
01045,AL,144,2485533.53,1153487.02
01047,AL,196,1661901.55,292329.08
01049,AL,40,508100.15,530104.1
01051,AL,66,946018.72,145757.46
01053,AL,384,6626237.95,7130445.29
01055,AL,129,678036.3,137023.77
01059,AL,4,52093.23,0.0
01061,AL,154,2245708.72,531735.24
01063,AL,111,922560.19,145364.97
01065,AL,114,541648.41,129193.97
01067,AL,19,360560.91,105947.44
01069,AL,194,3240041.8,867288.99
01071,AL,69,558561.43,105500.33
01073,AL,2880,36860392.82,10413245.87
01075,AL,14,30204.35,36367.8
01077,AL,141,1110563.68,289796.63
01079,AL,46,669018.4,123467.44
01081,AL,61,465156.18,36130.34
01083,AL,59,589489.05,81337.18
01085,AL,11,105201.66,21250.0
01087,AL,5,32688.61,23273.51
01089,AL,778,8903882.36,2455241.49
01091,AL,40,162700.57,23807.35
01093,AL,11,131688.71,37846.15
01095,AL,41,777471.28,249087.58
01097,AL,15102,279900661.21,82308612.16
01099,AL,24,97490.79,13447.12
01101,AL,416,5579513.43,1079741.85
01103,AL,200,2281147.1,738191.04
01105,AL,2,7314.9,0.0
01107,AL,115,979467.59,173166.71
01111,AL,1,10868.35,4960.62
01113,AL,60,949963.34,132970.58
01115,AL,96,1177881.85,199713.25
01117,AL,797,15062807.33,4131884.99
01119,AL,17,216804.16,40354.88
01121,AL,107,1858755.04,233815.33
01123,AL,6,57533.47,0.0
01125,AL,298,2935854.56,447927.94
01127,AL,64,582397.48,95856.25
01129,AL,15,88636.62,26079.36
01131,AL,21,97134.66,26962.7
01133,AL,11,107487.29,22150.98
02020,AK,79,267443.55,452.72
02050,AK,45,268200.33,37326.9
02090,AK,244,2055144.81,463019.86
02110,AK,101,4441687.0,459095.5
02122,AK,82,625641.3,67881.62
02130,AK,11,96148.1,33304.1
02170,AK,87,2120377.88,30273.49
02180,AK,25,1516481.27,4615.75
02185,AK,1,55781.71,0.0
02188,AK,11,97392.18,0.0
02220,AK,6,20130.27,0.0
02261,AK,8,57655.59,10374.85
02270,AK,2,13411.25,0.0
02280,AK,1,0.0,0.0
02290,AK,72,3200598.73,140900.73
04001,AZ,10,18327.83,0.0
04003,AZ,114,561877.54,61388.54
04005,AZ,294,4707315.07,533400.39
04007,AZ,154,3152700.14,311459.68
04009,AZ,42,260818.85,90469.86
04011,AZ,142,1591000.76,565925.15
04012,AZ,112,868139.01,183917.66
04013,AZ,2630,21871229.64,4167409.6
04015,AZ,162,1675940.35,162670.4
04017,AZ,106,889368.02,81825.23
04019,AZ,581,6721830.48,1149646.78
04021,AZ,150,2514094.34,929093.26
04023,AZ,161,1058424.77,227833.38
04025,AZ,466,5687901.49,550930.02
04027,AZ,123,1014969.25,33853.89
05001,AR,89,1322532.27,110939.54
05003,AR,61,725797.33,99000.81
05005,AR,115,2402311.63,411298.33
05007,AR,336,7716878.58,1415671.05
05009,AR,35,462640.56,21859.75
05011,AR,59,1280854.08,133677.39
05013,AR,9,148393.61,0.0
05015,AR,7,7725.71,1297.32
05017,AR,153,3623406.22,482362.78
05019,AR,32,562483.15,328504.91
05021,AR,180,3575585.2,233298.54
05023,AR,37,968799.35,257523.52
05025,AR,4,44382.73,13914.75
05027,AR,14,61588.52,27977.48
05029,AR,27,247691.31,31722.16
05031,AR,409,5893938.37,2029284.91
05033,AR,71,1326366.25,217910.73
05035,AR,885,11395936.79,1385152.93
05037,AR,61,2009241.23,236514.1
05039,AR,1,7083.83,0.0
05041,AR,206,3196893.3,367695.88
05043,AR,40,609338.3,46029.61
05045,AR,320,6806931.49,844385.22
05047,AR,48,574130.95,141926.04
05049,AR,61,1295331.15,296270.68
05051,AR,270,2949175.28,1355206.5
05053,AR,16,145200.81,255.68
05055,AR,235,1020364.35,26362.75
05057,AR,9,593591.62,24132.36
05059,AR,20,224212.64,65314.84
05061,AR,26,104367.52,57711.19
05063,AR,187,2054878.41,225905.63
05065,AR,71,2100378.99,308906.96
05067,AR,174,2748250.1,334734.97
05069,AR,596,12252467.68,1555250.86
05071,AR,6,29075.82,5032.34
05073,AR,5,78940.75,22934.54
05075,AR,48,838412.29,48343.71
05077,AR,59,1130190.71,151618.26
05079,AR,29,679706.28,21259.12
05081,AR,3,66114.67,15389.25
05083,AR,7,74111.15,4067.47
05085,AR,89,1106571.33,195735.56
05087,AR,7,88024.92,24474.32
05089,AR,9,582378.77,530000.0
05091,AR,140,2521746.66,193266.45
05093,AR,91,1806496.59,346274.76
05095,AR,170,3555498.26,251610.64
05097,AR,57,1126092.51,299126.04
05099,AR,1,5209.28,0.0
05101,AR,7,119094.33,0.0
05103,AR,91,1311629.64,208813.2
05105,AR,30,1103111.8,29223.9
05107,AR,455,2657267.6,1050342.96
05109,AR,10,261653.9,115384.63
05111,AR,68,1553452.81,132464.57
05113,AR,23,188081.01,3683.1
05115,AR,64,747803.02,222182.54
05117,AR,87,2518272.35,184064.42
05119,AR,1719,24385893.6,5787233.66
05121,AR,234,8282885.64,1214591.97
05123,AR,27,422099.22,24788.17
05125,AR,275,5749201.3,1887710.44
05127,AR,10,837724.8,181762.69
05131,AR,421,16623815.97,2338569.77
05133,AR,19,367054.19,406717.3
05135,AR,113,3011081.72,500121.49
05137,AR,8,176802.97,19880.74
05139,AR,137,1760140.58,308712.02
05141,AR,18,368758.31,219243.41
05143,AR,433,12359386.85,1147890.18
05145,AR,134,2784577.39,174620.41
05147,AR,72,1451201.74,137064.3
05149,AR,12,139654.81,7476.64
06001,CA,568,4168629.58,280051.44
06003,CA,5,41652.98,4344.0
06005,CA,78,1462367.93,48299.86
06007,CA,335,6105438.94,1092728.55
06009,CA,74,2086171.39,167219.72
06011,CA,160,2262285.29,688483.7
06013,CA,1202,11653242.13,1193291.25
06015,CA,37,424038.0,30559.56
06017,CA,206,3408806.05,624538.86
06019,CA,277,1981546.18,249560.19
06021,CA,194,2036496.21,357693.09
06023,CA,200,2637035.7,220672.63
06025,CA,103,482557.14,77766.98
06027,CA,4,9258.08,2411.36
06029,CA,280,1396886.8,118586.37
06031,CA,10,145314.21,5486.37
06033,CA,1432,13128531.85,967628.26
06035,CA,52,1027996.42,17617.94
06037,CA,9092,62226613.31,9946070.6
06039,CA,63,534913.47,163807.94
06041,CA,3295,42793946.7,8468532.4
06045,CA,183,4195212.5,505820.09
06047,CA,497,13852415.22,646452.34
06051,CA,46,300761.78,103972.37
06053,CA,1492,35942551.52,6193532.36
06055,CA,1361,24506746.89,5277966.38
06057,CA,63,957572.9,187800.18
06059,CA,3829,18362770.51,2702813.85
06061,CA,627,13163403.32,2928746.48
06063,CA,57,972635.1,159693.63
06065,CA,1634,18229263.16,2917524.3
06067,CA,3858,32871534.34,5524471.87
06069,CA,129,3618558.63,189596.87
06071,CA,864,8613069.25,991555.42
06073,CA,2438,40061689.19,6226238.22
06075,CA,147,2369085.86,293723.09
06077,CA,420,7085037.54,1070293.98
06079,CA,613,7591492.35,1004698.84
06081,CA,1109,16553756.9,3464447.34
06083,CA,1308,28788372.21,2565220.51
06085,CA,1630,23130629.87,1418105.86
06087,CA,1633,22770403.51,1982458.25
06089,CA,256,3112582.45,396241.15
06091,CA,26,557481.58,34800.61
06093,CA,67,447602.63,21931.5
06095,CA,594,8632822.95,2322199.97
06097,CA,7402,107680377.77,24047071.27
06099,CA,242,4129392.51,549167.14
06101,CA,199,2501466.62,545198.74
06103,CA,428,4639262.69,919433.91
06105,CA,23,62456.72,10095.0
06107,CA,364,4094727.95,222730.87
06109,CA,20,294295.22,14524.29
06111,CA,1331,13360609.07,2530456.99
06113,CA,340,2856845.83,447238.0
06115,CA,319,6475535.71,1842410.31
08001,CO,154,463645.87,133968.11
08003,CO,18,4195.16,0.0
08005,CO,204,960040.95,76815.09
08007,CO,9,62815.62,1404.1
08013,CO,1783,45084061.06,4501475.51
08014,CO,20,147622.6,31313.48
08015,CO,7,274483.04,32659.27
08019,CO,29,35800.43,7139.0
08021,CO,5,0.0,0.0
08023,CO,3,10316.64,0.0
08025,CO,1,0.0,0.0
08027,CO,1,768.7,0.0
08029,CO,19,76713.17,9348.33
08031,CO,242,473570.37,245854.18
08035,CO,70,503857.82,157472.45
08037,CO,35,248093.47,21432.28
08039,CO,2,0.0,0.0
08041,CO,855,5530215.53,442795.49
08043,CO,72,256105.16,87481.61
08045,CO,30,78490.76,15226.48
08047,CO,4,1462.46,0.0
08049,CO,7,42179.06,4000.0
08051,CO,40,85244.22,1639.49
08053,CO,1,0.0,0.0
08055,CO,5,1115.56,0.0
08059,CO,477,2205171.38,335860.85
08065,CO,1,2582.02,0.0
08067,CO,67,1047924.21,171564.0
08069,CO,546,13430002.59,1612855.33
08071,CO,4,10992.16,0.0
08073,CO,6,4361.98,0.0
08075,CO,74,820968.92,25961.8
08077,CO,61,279485.0,13187.7
08083,CO,19,19603.36,0.0
08085,CO,6,56012.55,4114.14
08087,CO,42,249852.07,182723.04
08089,CO,139,1508148.04,191700.92
08091,CO,6,33726.43,0.0
08093,CO,3,342.9,0.0
08095,CO,2,7248.41,154.08
08097,CO,31,189815.45,43173.62
08099,CO,25,24131.96,5594.31
08101,CO,99,300991.55,31058.01
08103,CO,9,28255.85,2775.34
08105,CO,11,14318.38,0.0
08107,CO,36,379135.45,35593.09
08109,CO,2,5441.5,0.0
08111,CO,1,802.08,342.0
08113,CO,18,127512.93,5091.56
08117,CO,30,19391.86,931.94
08119,CO,10,12024.68,0.0
08123,CO,194,4558682.96,946795.28
08125,CO,5,129762.51,10042.82
09001,CT,12618,246497591.3,33687045.55
09003,CT,1916,11870612.5,3342020.08
09005,CT,479,4983186.54,2148759.32
09007,CT,2241,32932061.48,4594642.56
09009,CT,9594,149468260.47,18327220.14
09011,CT,2153,27555726.26,3347305.05
09013,CT,167,1416650.15,375774.61
09015,CT,74,1429911.02,402711.73
10001,DE,375,3078944.47,377467.35
10003,DE,1571,33631323.12,16126486.39
10005,DE,4305,32730891.68,2730196.18
11001,DC,492,4840247.51,696037.31
12001,FL,307,7681701.81,1097608.89
12003,FL,95,2148447.38,617969.53
12005,FL,9000,278829794.81,57728196.11
12007,FL,184,3463362.43,735481.84
12009,FL,5683,57215570.28,11242418.74
12011,FL,35020,389873049.34,67746870.14
12013,FL,142,1746887.39,323096.28
12015,FL,11684,426523837.87,42654007.49
12017,FL,7074,333254307.17,48003624.47
12019,FL,1744,61267989.17,14103839.38
12021,FL,14753,1001136417.01,124101831.57
12023,FL,338,5991165.33,1513205.05
12027,FL,453,14412920.44,2564077.36
12029,FL,916,18549918.11,2814008.13
12031,FL,6060,175032024.39,39322891.18
12033,FL,16500,596902565.25,126293058.72
12035,FL,2151,65105545.17,13020477.09
12037,FL,2866,40023204.13,5935845.73
12039,FL,39,239961.42,83991.43
12041,FL,214,2053542.28,190157.29
12043,FL,56,315731.85,78093.68
12045,FL,1717,78281858.3,15605567.4
12047,FL,116,1402318.19,211324.87
12049,FL,129,5040511.96,1091714.88
12051,FL,132,622709.74,118990.12
12053,FL,3242,116080933.72,20880279.25
12055,FL,202,2227512.4,368174.9
12057,FL,18537,1013634891.47,159669482.79
12059,FL,165,2296327.26,538612.06
12061,FL,3348,55162720.27,10925544.08
12063,FL,72,735787.67,111555.16
12065,FL,18,77701.35,10280.98
12067,FL,207,2149177.06,334259.91
12069,FL,469,6518449.03,724877.77
12071,FL,48441,3538866116.38,399629101.02
12073,FL,1014,9678416.4,2162526.94
12075,FL,1314,49432258.98,5380985.03
12077,FL,9,113633.18,18000.0
12079,FL,84,1268932.52,202620.12
12081,FL,11377,553610939.03,80951518.66
12083,FL,246,5226834.24,750192.31
12085,FL,2629,33293318.83,6950406.35
12086,FL,62001,672710097.23,182185205.47
12087,FL,27423,602973506.99,105831976.33
12089,FL,844,10650741.98,1998211.55
12091,FL,8220,240705252.41,41442362.85
12093,FL,295,1564990.93,356435.44
12095,FL,2264,63733222.41,9207134.69
12097,FL,1030,21711139.4,3383802.25
12099,FL,10748,56428526.05,13332960.5
12101,FL,14527,598296483.93,91556986.82
12103,FL,51741,3196800052.18,508927106.42
12105,FL,1666,37869142.9,7703700.51
12107,FL,621,9176717.81,1468547.39
12109,FL,7637,215433580.41,34757501.76
12111,FL,3986,70239155.41,14157431.33
12113,FL,10434,405246169.52,114466263.29
12115,FL,14403,741926869.56,100144309.7
12117,FL,1560,45738315.55,8459042.39
12119,FL,123,1231936.97,214668.32
12121,FL,362,6851483.34,1363193.46
12123,FL,693,31897973.14,5389473.56
12125,FL,31,403555.64,96235.5
12127,FL,12564,497144716.75,83976303.39
12129,FL,1553,27682580.97,5624431.75
12131,FL,3174,60674964.33,7737559.65
12133,FL,184,3775227.36,780478.25
13001,GA,28,500613.11,60492.93
13003,GA,2,1640.3,0.0
13005,GA,1,0.0,0.0
13007,GA,40,609012.66,33082.36
13009,GA,7,78136.55,7022.73
13011,GA,2,37494.29,15963.92
13013,GA,11,342785.49,2925.42
13015,GA,49,694389.25,212461.33
13017,GA,22,167787.86,11652.6
13019,GA,8,131548.85,24348.2
13021,GA,154,3339320.07,507623.68
13023,GA,1,6202.69,0.0
13025,GA,23,421260.55,4395.26
13027,GA,16,363859.71,79302.14
13029,GA,282,4973248.02,765760.79
13031,GA,182,4049041.1,810614.11
13033,GA,2,39729.56,22095.84
13035,GA,47,1420452.68,174423.58
13037,GA,5,89527.04,11179.45
13039,GA,345,5237106.84,1037881.76
13043,GA,6,124028.27,0.0
13045,GA,59,2959510.77,2526976.88
13047,GA,319,4444155.15,955321.28
13049,GA,39,885130.05,246181.65
13051,GA,5461,65804915.26,16219465.56
13053,GA,2,2420.0,0.0
13055,GA,52,1448254.89,238707.28
13057,GA,73,4527374.03,1070323.25
13059,GA,37,189479.04,13524.43
13063,GA,285,2940264.91,346253.82
13065,GA,5,1099.75,0.0
13067,GA,2019,54810011.39,11348222.57
13069,GA,41,658185.64,62908.07
13071,GA,64,601863.89,686454.34
13073,GA,158,1780280.53,303269.52
13075,GA,9,100041.63,50000.0
13077,GA,37,409305.02,52190.51
13081,GA,70,2103605.57,63196.17
13083,GA,9,69088.93,39607.36
13085,GA,3,4140.86,0.0
13087,GA,204,4410849.25,378354.47
13089,GA,1998,25832456.74,3357274.1
13091,GA,1,0.0,0.0
13093,GA,19,287147.98,5993.53
13095,GA,1255,26751083.09,1639654.96
13097,GA,215,5848587.99,1147381.31
13099,GA,40,812858.75,89196.66
13101,GA,1,40031.01,10679.55
13103,GA,77,989050.71,134044.54
13105,GA,5,13732.12,0.0
13107,GA,6,4777.47,0.0
13109,GA,7,241240.34,19677.76
13111,GA,87,811580.23,38816.69
13113,GA,162,1671994.48,210428.66
13115,GA,382,2729906.57,640057.63
13117,GA,66,767073.28,161178.67
13119,GA,1,12218.02,0.0
13121,GA,3086,81932877.77,12801130.45
13123,GA,197,4590210.95,601128.6
13127,GA,1995,37819258.43,5430274.35
13129,GA,41,1020953.13,742178.53
13131,GA,13,137253.7,30745.4
13133,GA,2,4210.34,1628.75
13135,GA,487,9031348.23,1311302.88
13137,GA,22,1367858.43,349356.33
13139,GA,46,586919.96,146533.74
13143,GA,1,22000.0,18300.0
13145,GA,11,115471.34,2547.78
13147,GA,1,0.0,0.0
13149,GA,3,3100.87,0.0
13151,GA,76,980982.51,168650.89
13153,GA,161,1705117.78,207951.68
13155,GA,1,1432.34,0.0
13157,GA,7,58882.89,6840.47
13159,GA,9,106962.42,21454.75
13161,GA,11,48325.15,0.0
13163,GA,2,11442.66,0.0
13165,GA,9,44559.18,13792.03
13167,GA,2,36948.77,0.0
13169,GA,10,91768.5,5754.09
13171,GA,5,150457.7,45185.97
13173,GA,5,35844.49,0.0
13175,GA,49,1110596.68,185604.01
13177,GA,700,14543950.39,2147691.28
13179,GA,172,2435430.52,464227.37
13183,GA,17,299142.75,83826.25
13185,GA,134,4366237.16,584013.37
13187,GA,18,125232.41,21595.33
13189,GA,1,0.0,0.0
13191,GA,65,907856.49,137181.93
13193,GA,5,35747.09,1962.75
13195,GA,2,0.0,1448.27
13201,GA,16,255064.76,78701.0
13205,GA,100,2026907.5,78166.22
13207,GA,61,2271098.84,716377.5
13209,GA,32,370165.7,90766.08
13211,GA,1,0.0,0.0
13213,GA,42,419818.76,192007.95
13215,GA,242,2064977.38,264966.94
13217,GA,45,653797.29,82456.88
13219,GA,4,34830.1,0.0
13223,GA,54,798279.11,89319.24
13225,GA,6,201757.64,35621.83
13227,GA,14,161014.69,1232.23
13229,GA,11,296072.02,48775.23
13231,GA,4,13440.58,0.0
13233,GA,143,764299.33,216914.1
13235,GA,15,237977.02,16347.0
13237,GA,5,21863.49,0.0
13239,GA,1,335.0,0.0
13241,GA,31,400131.23,1240.12
13243,GA,1,1035.48,0.0
13245,GA,571,4335967.97,847568.96
13247,GA,70,1309714.91,190048.63
13251,GA,5,101707.47,80582.4
13253,GA,80,1408847.97,299169.0
13255,GA,24,127909.65,25581.23
13257,GA,13,84209.83,17319.35
13261,GA,16,106445.26,19210.02
13263,GA,6,79754.7,24375.97
13267,GA,26,361860.82,37113.58
13269,GA,4,7004.24,0.0
13271,GA,6,78415.51,13550.41
13273,GA,6,56086.88,1761.81
13275,GA,63,2098870.41,528186.08
13277,GA,90,2733743.89,838455.38
13279,GA,36,400824.07,57229.59
13281,GA,31,235473.0,5415.54
13285,GA,76,1181135.79,691157.92
13287,GA,1,0.0,0.0
13289,GA,1,1563.25,0.0
13291,GA,59,516499.53,155901.73
13293,GA,26,245330.93,97974.88
13295,GA,134,2706996.95,848623.78
13297,GA,33,235725.88,50025.53
13299,GA,44,266808.95,19790.12
13303,GA,14,201473.16,22361.06
13305,GA,7,51425.34,4762.52
13309,GA,10,77323.17,4770.51
13311,GA,58,609859.78,83517.32
13313,GA,93,2838908.6,2346802.74
13321,GA,34,400772.4,79818.74
15001,HI,777,19599986.54,2514416.08
15003,HI,2797,49311470.94,8376101.92
15007,HI,1490,38607433.5,9056590.88
15009,HI,661,14161654.49,918294.88
16001,ID,131,495666.5,3258.38
16003,ID,4,9388.5,0.0
16005,ID,40,112097.6,2910.0
16009,ID,34,527495.9,90606.98
16011,ID,31,95805.97,3677.35
16013,ID,309,3751040.37,120492.69
16015,ID,1,35644.71,0.0
16017,ID,40,155151.62,885.08
16019,ID,16,35007.92,4659.9
16021,ID,3,8394.96,0.0
16027,ID,28,99928.84,0.0
16029,ID,1,6485.76,1536.79
16031,ID,2,59541.39,3898.12
16035,ID,8,16795.77,19752.44
16037,ID,1,1902.49,0.0
16039,ID,11,105551.0,2474.17
16041,ID,1,2525.03,0.0
16043,ID,7,69985.3,20144.44
16045,ID,4,19220.35,0.0
16047,ID,6,31848.15,2030.38
16049,ID,5,9890.76,0.0
16051,ID,18,103982.11,11682.59
16053,ID,1,0.0,0.0
16055,ID,91,676254.06,70131.71
16057,ID,55,575439.58,32196.08
16059,ID,24,250925.96,16175.76
16063,ID,5,29506.59,6004.0
16065,ID,9,16018.7,3903.82
16067,ID,5,141056.92,46234.47
16069,ID,6,30561.55,0.0
16071,ID,1,0.0,0.0
16075,ID,26,221584.13,25235.75
16079,ID,108,806040.85,117593.39
16081,ID,4,25465.01,0.0
16083,ID,16,24809.28,0.0
16085,ID,1,0.0,0.0
16087,ID,23,655261.35,335392.23
17001,IL,374,8765800.65,4484425.15
17003,IL,437,2834027.08,172941.89
17005,IL,6,281021.64,1153.83
17007,IL,46,251928.21,19326.28
17009,IL,32,348232.77,30260.92
17011,IL,73,195995.89,47933.84
17013,IL,1690,12909649.57,2761756.69
17015,IL,57,644296.62,102208.87
17017,IL,167,802016.51,90312.29
17019,IL,231,1625112.72,428502.49
17021,IL,14,151114.81,46629.15
17023,IL,18,178314.87,30216.18
17025,IL,4,28581.46,0.0
17027,IL,29,518774.36,92145.51
17029,IL,62,605008.15,105398.16
17031,IL,15172,121712185.64,17272086.44
17033,IL,26,436562.2,46513.78
17035,IL,2,11970.64,640.3
17037,IL,403,3684008.31,832982.84
17039,IL,59,300014.78,77121.9
17041,IL,209,1046413.88,111771.56
17043,IL,3575,48049803.73,6747435.51
17045,IL,5,36643.79,5277.7
17049,IL,4,46133.47,6130.0
17051,IL,3,3935.64,386.95
17053,IL,2,3538.54,0.0
17055,IL,60,460406.17,88630.45
17057,IL,369,2320245.48,419392.14
17059,IL,46,773629.46,68759.62
17061,IL,77,1014178.44,499068.0
17063,IL,333,5540952.97,729406.91
17065,IL,5,22370.74,15072.0
17067,IL,288,4639733.37,1018353.9
17069,IL,16,159811.91,50092.54
17071,IL,411,9234846.71,1189035.47
17073,IL,236,1381344.43,261984.35
17075,IL,840,13552747.09,732158.49
17077,IL,118,1914494.81,162649.03
17079,IL,10,132288.29,28662.24
17081,IL,13,207452.7,54070.05
17083,IL,1869,18502951.18,3862653.02
17085,IL,343,3170755.21,651715.56
17087,IL,3,15563.66,4257.07
17089,IL,921,9750392.89,1473765.64
17091,IL,695,8701827.08,1075736.33
17093,IL,174,2642244.79,378696.39
17095,IL,40,338224.68,23826.22
17097,IL,2397,24072021.94,3030269.23
17099,IL,679,9919967.91,2257001.87
17101,IL,23,231275.7,40982.02
17103,IL,142,584086.28,146363.98
17105,IL,282,1841311.59,119014.09
17107,IL,58,88272.82,25154.92
17109,IL,16,109023.75,23959.4
17111,IL,954,6502544.88,480206.63
17113,IL,184,1432738.82,263123.91
17115,IL,208,1086563.04,342482.31
17117,IL,47,206886.72,65210.07
17119,IL,1087,5831188.67,1964416.28
17121,IL,29,350662.23,197678.74
17123,IL,81,617726.5,90432.63
17125,IL,452,2797099.41,331326.62
17127,IL,108,2059401.85,322655.42
17129,IL,35,153197.49,9173.8
17131,IL,61,1288916.16,63415.97
17133,IL,689,18670837.06,4047173.49
17135,IL,22,203442.4,54611.34
17137,IL,242,1455228.13,122965.74
17139,IL,20,106645.33,14016.48
17141,IL,306,2931012.11,338683.72
17143,IL,2545,19840302.47,2807698.57
17145,IL,11,53558.38,11023.27
17147,IL,19,310727.65,53028.71
17149,IL,335,5887345.34,977754.83
17151,IL,1,0.0,0.0
17153,IL,29,117377.5,13996.96
17155,IL,66,839508.29,155090.12
17157,IL,182,1862015.25,829312.56
17159,IL,25,143202.01,55322.71
17161,IL,2128,16687537.06,2090414.93
17163,IL,1465,6298502.43,1495417.71
17165,IL,28,433433.67,24461.22
17167,IL,291,2960648.41,717907.62
17169,IL,93,291478.6,35351.73
17171,IL,29,126860.63,4940.13
17173,IL,3,58040.45,6144.81
17175,IL,1,0.0,0.0
17177,IL,192,2860807.65,676848.56
17179,IL,344,1645252.28,273440.12
17181,IL,109,382548.2,60571.01
17183,IL,98,1698183.9,452498.49
17185,IL,10,13550.44,16827.85
17187,IL,26,140061.92,23191.09
17189,IL,8,174306.31,0.0
17191,IL,12,66795.06,4585.02
17193,IL,88,1272733.57,124396.29
17195,IL,286,1995606.21,179422.62
17197,IL,2288,17278641.75,3699986.63
17199,IL,236,1404211.36,671816.62
17201,IL,1728,23977163.83,2697009.2
17203,IL,518,4751488.22,297205.21
18001,IN,119,1169144.98,43362.52
18003,IN,1671,12769715.59,2959730.58
18005,IN,504,13227784.35,1534748.01
18009,IN,4,1516.19,0.0
18011,IN,98,618506.14,26195.79
18013,IN,160,4408331.97,467099.72
18015,IN,501,13215509.99,1892910.72
18017,IN,63,471070.28,369599.13
18019,IN,860,15767900.2,1562174.75
18021,IN,23,450355.6,89031.47
18023,IN,25,303726.06,67860.34
18025,IN,134,1594023.94,563590.91
18027,IN,11,180820.56,2672.5
18029,IN,111,1770169.66,263842.37
18031,IN,29,766232.02,64501.37
18033,IN,67,1062814.62,486840.91
18035,IN,243,2269811.33,324590.14
18037,IN,17,298111.69,82973.8
18039,IN,377,3552471.23,234818.12
18041,IN,16,100533.41,31243.69
18043,IN,233,3922972.11,477802.71
18045,IN,7,27062.41,6588.42
18047,IN,45,618953.88,117932.87
18049,IN,173,1772591.02,310513.35
18051,IN,49,402203.63,102237.51
18053,IN,135,1316710.3,388433.67
18055,IN,10,130388.99,10584.28
18057,IN,418,3387919.26,433222.15
18059,IN,92,936931.92,73496.14
18061,IN,200,8020242.58,464859.9
18063,IN,77,624305.27,71313.61
18065,IN,16,98144.67,1185.39
18067,IN,488,6883600.1,2821820.36
18069,IN,111,941229.07,155298.6
18071,IN,95,872669.34,123997.92
18073,IN,112,1501522.66,78059.6
18075,IN,43,455610.12,67777.88
18077,IN,246,4987644.57,525626.38
18079,IN,9,66391.0,35832.24
18081,IN,453,11713498.39,711471.27
18083,IN,81,756641.21,227897.23
18085,IN,377,3775939.82,304824.0
18087,IN,45,590945.96,35735.89
18089,IN,2975,45708542.41,2971943.62
18091,IN,143,701135.49,116048.22
18093,IN,43,777384.33,223179.55
18095,IN,257,2521131.94,696029.9
18097,IN,2185,15131381.04,1972574.33
18099,IN,188,1367248.81,188368.11
18101,IN,13,172055.93,40000.0
18103,IN,29,180156.88,16307.53
18105,IN,125,3000764.38,784591.34
18107,IN,25,351873.8,21750.05
18109,IN,230,7106056.9,1489121.45
18111,IN,42,314053.92,108305.83
18113,IN,222,2040372.27,196828.91
18115,IN,17,86499.9,24374.37
18117,IN,113,1015944.64,318485.0
18119,IN,146,3043287.88,340267.7
18121,IN,19,301351.55,24265.8
18123,IN,42,239574.48,58870.13
18125,IN,1,44000.0,0.0
18127,IN,186,1736955.64,544875.3
18129,IN,144,1996244.11,168926.17
18131,IN,172,2018863.89,278753.63
18133,IN,23,366427.33,133002.99
18135,IN,22,108765.73,10814.5
18137,IN,18,112855.77,0.0
18139,IN,19,89577.78,7586.93
18141,IN,180,1183691.09,157165.42
18143,IN,11,61955.5,11727.55
18145,IN,229,2720114.27,321331.87
18147,IN,44,354630.48,35530.11
18149,IN,22,351764.55,5424.29
18151,IN,55,139011.32,12408.75
18153,IN,1,35000.0,7214.64
18155,IN,110,1444418.43,229028.61
18157,IN,217,2740998.2,333578.85
18159,IN,97,1386055.66,149691.28
18161,IN,3,49657.26,862.37
18163,IN,820,6078607.48,1279811.17
18165,IN,67,382735.97,28406.19
18167,IN,660,15933934.58,1200800.67
18169,IN,46,410681.77,32252.61
18171,IN,2,1983.17,0.0
18173,IN,77,527144.02,114438.4
18175,IN,58,1742910.05,1001679.85
18177,IN,68,344842.36,55799.16
18179,IN,42,614874.74,111845.4
18181,IN,235,3770978.61,514330.05
18183,IN,29,139856.63,16773.84
19003,IA,5,123293.26,89223.4
19005,IA,17,98790.5,2656.51
19007,IA,8,56314.09,0.0
19009,IA,14,50007.68,76919.78
19011,IA,108,1901476.17,130189.46
19013,IA,1472,23766345.85,1978140.5
19015,IA,18,386338.19,61172.03
19017,IA,643,13597487.33,475985.79
19019,IA,375,2856924.7,288623.21
19021,IA,1,0.0,0.0
19023,IA,316,6586235.47,489831.28
19027,IA,13,87207.87,273037.84
19029,IA,57,317022.53,20570.25
19031,IA,38,783759.86,133409.32
19033,IA,216,2819804.83,357068.28
19035,IA,140,1562499.87,70784.36
19037,IA,41,454759.39,43360.79
19041,IA,78,5203664.19,277709.85
19043,IA,212,2821221.07,273274.25
19045,IA,180,1094860.06,132013.58
19047,IA,88,869639.23,833761.86
19049,IA,41,549787.6,37982.75
19053,IA,7,18940.14,5383.19
19055,IA,105,2287546.91,1760282.46
19057,IA,348,7742722.12,881178.44
19059,IA,15,283755.39,27272.21
19061,IA,252,1878257.56,195717.69
19063,IA,19,78071.56,3017.8
19065,IA,94,741118.66,104635.11
19067,IA,264,3922560.49,417401.13
19069,IA,2,26532.33,14473.25
19071,IA,233,8627500.97,1967069.22
19073,IA,4,6004.64,0.0
19075,IA,13,31395.02,0.0
19077,IA,10,145077.56,11855.26
19079,IA,28,174904.58,4895.38
19081,IA,3,5269.02,2709.58
19083,IA,17,195369.87,15434.45
19085,IA,192,3150293.72,125116.89
19087,IA,1,0.0,0.0
19089,IA,8,25717.4,6131.15
19091,IA,39,229466.7,1541.01
19093,IA,8,35529.57,136.95
19095,IA,36,187360.63,79653.1
19097,IA,42,338777.8,26518.55
19099,IA,36,1045910.95,229978.35
19103,IA,446,24710977.18,6677622.17
19105,IA,121,2424246.62,1637841.76
19107,IA,3,29216.38,2495.84
19109,IA,2,22494.0,167.5
19111,IA,141,2327141.81,1630082.11
19113,IA,1351,55647189.18,10432983.42
19115,IA,120,3609298.71,470553.99
19117,IA,5,19112.52,0.0
19119,IA,75,1579820.45,96529.03
19121,IA,7,98908.96,0.0
19123,IA,11,133408.56,1020.0
19125,IA,26,450197.79,36271.26
19127,IA,30,151630.66,23595.73
19129,IA,121,4360663.94,1797196.8
19131,IA,24,374643.57,92643.16
19133,IA,30,678598.62,22071.08
19135,IA,1,355.0,0.0
19137,IA,82,232941.34,7293.9
19139,IA,354,4633535.33,455275.68
19141,IA,4,122457.97,22015.99
19143,IA,2,21352.38,0.0
19145,IA,3,6833.12,0.0
19147,IA,4,27245.39,10457.95
19149,IA,25,592735.79,12814.29
19153,IA,1524,27720295.55,8863044.14
19155,IA,867,9585435.26,1226316.64
19161,IA,2,0.0,0.0
19163,IA,2265,28475393.38,5733084.78
19165,IA,15,218572.32,39093.58
19167,IA,40,3418102.17,507231.81
19167,SD,3,40811.16,0.0
19169,IA,283,10100357.32,2822903.28
19171,IA,145,1205621.72,166784.18
19173,IA,6,27870.86,0.0
19175,IA,13,62985.92,63555.72
19177,IA,53,483595.59,34161.06
19179,IA,119,1850555.1,444572.75
19181,IA,23,190177.59,57442.65
19183,IA,15,180067.11,8638.92
19187,IA,93,2071765.96,583163.8
19189,IA,2,186.0,0.0
19191,IA,31,311126.05,53615.66
19193,IA,294,1812153.41,92155.38
19195,IA,5,0.0,7347.39
19197,IA,2,2368.61,0.0
20001,KS,91,2478298.64,676798.96
20003,KS,4,160192.35,30361.49
20005,KS,3,31391.41,0.0
20007,KS,3,1219.16,0.0
20009,KS,513,2202870.45,129221.76
20011,KS,64,1345848.9,1092258.31
20015,KS,505,8535027.21,3886969.23
20017,KS,28,217457.0,15367.88
20019,KS,1,439.0,0.0
20021,KS,85,1342760.99,195479.14
20027,KS,5,9017.55,1728.1
20029,KS,2,35000.0,0.0
20031,KS,5,134622.11,0.0
20035,KS,142,1881778.15,222973.57
20037,KS,145,1288722.83,415398.13
20041,KS,86,170315.73,3833.98
20043,KS,95,642181.58,210324.76
20045,KS,149,1569228.97,297364.84
20047,KS,10,1669.34,0.0
20049,KS,1,25000.0,0.0
20051,KS,97,205078.37,40722.37
20053,KS,7,49233.88,5300.0
20055,KS,13,29159.83,4352.92
20057,KS,55,133646.2,9014.25
20059,KS,28,590183.86,91107.89
20061,KS,31,220603.0,6067.0
20067,KS,1,1882.34,0.0
20073,KS,6,5495.66,0.0
20077,KS,1,0.0,0.0
20079,KS,403,2890934.23,324813.43
20085,KS,4,103608.83,0.0
20087,KS,49,1040079.56,66751.4
20089,KS,1,9396.95,2458.88
20091,KS,1155,9769420.09,3371494.15
20093,KS,1,0.0,0.0
20095,KS,9,479765.26,512800.0
20099,KS,100,1112777.23,486393.63
20103,KS,208,2371243.68,408945.48
20105,KS,2,4570.41,0.0
20107,KS,1,6602.37,2581.91
20111,KS,64,651934.02,318050.54
20113,KS,37,248496.98,61732.16
20115,KS,18,257141.82,15449.8
20117,KS,27,59814.98,41870.34
20119,KS,2,0.0,0.0
20121,KS,27,890987.91,188313.51
20123,KS,16,128325.07,25361.27
20125,KS,310,4604799.42,964407.11
20131,KS,2,24874.43,2833.67
20133,KS,99,1375324.41,114144.29
20135,KS,2,0.0,0.0
20139,KS,14,161481.87,10000.0
20141,KS,8,108900.0,58700.0
20143,KS,39,163505.64,3600.0
20145,KS,7,12501.18,0.0
20149,KS,72,331496.94,35657.49
20151,KS,12,1938.94,70.08
20155,KS,108,1131800.87,60473.29
20157,KS,9,63439.97,34879.29
20159,KS,26,292944.16,5418.26
20161,KS,404,8197673.07,1014918.0
20165,KS,7,16045.91,0.0
20169,KS,240,3682813.5,855447.99
20173,KS,983,12281260.72,1828628.51
20175,KS,39,113300.14,676.5
20177,KS,350,3186892.22,387145.51
20191,KS,208,2834813.13,532327.25
20193,KS,3,0.0,0.0
20197,KS,7,32080.04,1126.26
20201,KS,1,0.0,0.0
20205,KS,72,1425702.79,214232.1
20209,KS,430,5276937.68,5329285.85
21001,KY,1,37185.79,0.0
21003,KY,11,492823.45,103899.32
21005,KY,59,1183990.14,179389.05
21007,KY,45,489576.96,65437.56
21009,KY,21,107149.55,85418.21
21011,KY,100,1217326.32,188305.61
21013,KY,565,5374504.38,1944034.42
21015,KY,39,307741.27,64379.54
21017,KY,395,5539144.71,873160.08
21019,KY,461,5022074.66,1982505.95
21021,KY,15,149337.57,19307.89
21023,KY,113,1860331.36,92489.35
21025,KY,207,6307533.71,1292784.06
21027,KY,27,272133.03,53058.89
21029,KY,358,5552809.79,533946.62
21031,KY,34,512800.84,93905.84
21033,KY,11,135935.72,116928.04
21035,KY,28,865799.06,242881.35
21037,KY,450,5430164.41,395949.53
21039,KY,3,15327.51,0.0
21041,KY,70,1524538.87,88113.37
21043,KY,449,7172085.58,1553568.45
21045,KY,24,2406344.73,576914.64
21047,KY,978,16692912.14,4593649.13
21049,KY,288,5160933.27,884983.78
21051,KY,66,618453.06,78627.38
21055,KY,15,364152.6,5308.48
21057,KY,4,135000.0,30868.76
21059,KY,325,3308798.58,233411.2
21061,KY,1,436.4,0.0
21063,KY,2,10003.65,0.0
21065,KY,42,1011828.22,84842.87
21067,KY,453,4075906.57,1195084.71
21069,KY,49,680142.77,262713.97
21071,KY,2615,28847848.06,7891165.16
21073,KY,1518,27862339.23,4018506.69
21075,KY,25,332724.0,258288.66
21077,KY,33,410703.1,47323.14
21079,KY,23,918941.51,29115.8
21081,KY,2,4500.0,0.0
21083,KY,80,1222203.52,153858.94
21085,KY,6,145569.19,10266.12
21087,KY,3,150706.55,54375.06
21089,KY,713,8579819.55,2269446.23
21091,KY,11,52667.57,0.0
21093,KY,474,8973914.9,791025.56
21095,KY,440,1749271.72,576410.66
21097,KY,141,2961493.52,587425.24
21099,KY,11,215213.56,7070.04
21101,KY,380,5413094.54,856308.31
21103,KY,32,480904.47,93618.52
21105,KY,13,5476.6,675.0
21107,KY,72,1016511.79,160750.91
21109,KY,23,166139.46,18764.96
21111,KY,5548,87218713.44,11239398.75
21113,KY,176,3376839.41,721926.87
21115,KY,309,4419720.99,801194.43
21117,KY,286,2399657.83,270968.61
21119,KY,204,5166161.54,1401363.18
21121,KY,120,664742.26,227329.06
21123,KY,21,185500.5,16312.59
21125,KY,12,1059113.48,76281.61
21127,KY,32,396559.1,71147.77
21129,KY,33,1258126.4,49008.1
21131,KY,54,267933.38,94531.1
21133,KY,187,7095112.16,605647.01
21135,KY,116,1531447.25,457170.85
21137,KY,27,268781.62,93293.69
21139,KY,24,395378.16,102064.76
21141,KY,35,436093.17,63390.26
21145,KY,304,7151533.53,1371009.82
21147,KY,1,1568.66,0.0
21149,KY,134,1862450.23,117550.53
21151,KY,119,2205755.15,617627.11
21153,KY,260,1955029.93,817577.23
21155,KY,10,132549.4,3733.02
21157,KY,68,1012342.61,185048.68
21159,KY,462,4969796.55,1603685.44
21161,KY,16,134399.28,43969.76
21163,KY,15,789826.04,10057.64
21165,KY,17,850990.64,172487.92
21167,KY,182,3762652.29,999106.51
21169,KY,7,13481.5,3888.92
21171,KY,2,1872.07,0.0
21173,KY,75,963754.29,858995.28
21175,KY,49,745981.31,355249.13
21177,KY,15,217367.09,111365.55
21179,KY,121,2949723.49,496525.28
21181,KY,48,1170925.61,680214.93
21183,KY,15,175834.26,3849.27
21185,KY,1080,24517121.97,2558342.43
21187,KY,73,1305758.07,113001.81
21189,KY,6,64960.86,0.0
21191,KY,180,4996608.73,287797.1
21193,KY,594,7353689.3,2598341.11
21195,KY,2473,42620755.34,12858378.8
21197,KY,125,1550894.07,203434.4
21199,KY,29,731468.23,86241.52
21203,KY,19,456724.11,159054.3
21205,KY,291,4226353.19,787848.5
21207,KY,3,97669.63,6042.37
21209,KY,79,1524957.34,326033.16
21211,KY,31,252247.96,116288.84
21213,KY,24,773917.73,136724.55
21215,KY,52,726802.23,46530.15
21217,KY,8,273324.17,48848.72
21219,KY,10,139669.93,0.0
21221,KY,1,0.0,0.0
21223,KY,42,621913.13,55759.55
21225,KY,16,295862.24,32198.34
21227,KY,124,2092456.58,301198.85
21229,KY,32,696288.78,214833.74
21231,KY,1,3107.04,0.0
21233,KY,9,178617.39,69441.14
21235,KY,30,177416.84,35073.87
21237,KY,1,0.0,0.0
21239,KY,508,14346708.35,2503721.38
22001,LA,1480,31398581.2,4998797.16
22003,LA,442,7630142.83,1808678.92
22005,LA,6778,309236281.32,40040387.53
22007,LA,883,4622496.81,523562.69
22009,LA,1559,9949329.55,1719107.79
22011,LA,514,7065745.32,1603299.48
22013,LA,41,373055.76,112696.32
22015,LA,1098,21999782.49,3921722.58
22017,LA,2425,34735457.64,6762915.89
22019,LA,10377,263347874.43,58188074.9
22021,LA,490,4260991.87,995841.93
22023,LA,3470,159141866.13,43947718.16
22025,LA,1627,11550086.85,2877779.91
22027,LA,65,1392385.61,443872.35
22029,LA,1210,9398720.61,1842728.43
22029,TX,1,35296.84,0.0
22031,LA,39,727965.21,84311.18
22033,LA,22521,1141189686.34,169526667.6
22035,LA,116,1757092.94,229147.26
22037,LA,110,2515058.85,595468.7
22039,LA,286,5512180.53,862921.63
22041,LA,320,4480373.56,954141.33
22043,LA,438,4062133.87,1241123.3
22045,LA,2891,69247840.29,13939713.03
22047,LA,618,11066904.17,2603040.47
22049,LA,20,73674.97,27324.82
22051,LA,135477,2668718840.45,853438909.51
22053,LA,313,5395684.35,799474.84
22055,LA,6578,216625555.1,49480892.87
22057,LA,6122,79411929.87,19414820.88
22059,LA,271,2774557.09,648887.07
22061,LA,56,527025.39,67007.85
22063,LA,14636,716280009.45,113419086.22
22065,LA,250,2498517.77,153245.34
22067,LA,238,5621000.71,1238682.52
22069,LA,541,8355039.13,1417062.58
22071,LA,127222,5896177097.13,1294072973.92
22073,LA,6979,137756386.92,24791435.96
22075,LA,6086,275542693.0,102808011.95
22077,LA,1890,20783018.29,4128705.48
22079,LA,4219,55527323.11,12353799.41
22081,LA,16,322823.12,58975.79
22083,LA,473,9270668.19,1801793.62
22085,LA,40,587261.03,110711.1
22087,LA,23919,1680436635.47,553971249.92
22089,LA,7449,119945755.45,36333299.46
22091,LA,64,2115732.38,448641.61
22093,LA,342,6018105.53,1505805.98
22095,LA,8974,494268056.1,159635507.83
22097,LA,970,18632288.08,3206126.86
22099,LA,1457,23466890.04,4439734.22
22101,LA,2532,30724861.44,5977992.29
22103,LA,38327,1381300602.31,383616465.01
22105,LA,4295,143649893.81,32508291.17
22107,LA,161,2250636.16,250725.91
22109,LA,13402,216317503.6,79752985.34
22111,LA,379,7678501.45,1270638.45
22113,LA,4799,143618281.16,27112598.47
22115,LA,338,7748532.7,1643202.35
22117,LA,672,12625040.87,2894025.13
22119,LA,223,5752174.68,1365880.27
22121,LA,278,6495427.6,542528.55
22123,LA,63,1511616.45,258441.3
22125,LA,370,3552541.44,743184.8
22127,LA,140,1864682.82,500942.47
23001,ME,147,1000063.56,147028.0
23003,ME,358,3545443.35,1028011.62
23005,ME,504,4800209.24,694174.19
23007,ME,88,1659253.27,143237.55
23009,ME,89,894258.47,190121.76
23011,ME,441,5601812.32,1846078.23
23013,ME,92,1491018.26,330903.58
23015,ME,148,3419518.17,211113.8
23017,ME,352,4775805.26,1048392.64
23019,ME,238,1262479.05,442659.94
23021,ME,87,1190207.62,760549.6
23023,ME,85,1037023.25,101515.8
23025,ME,138,1820490.1,202187.74
23027,ME,73,1196291.77,314622.17
23029,ME,30,84982.31,803.0
23031,ME,2666,39773740.23,4578320.24
24001,MD,376,4346116.87,1010495.14
24003,MD,2820,43000069.3,7294522.01
24005,MD,3363,51691532.93,11658133.93
24009,MD,559,7774160.66,879096.22
24011,MD,77,1260176.22,120779.79
24013,MD,138,924679.4,254123.22
24015,MD,702,11902479.63,1901762.49
24017,MD,361,5402126.15,1014455.62
24019,MD,1141,18451075.54,1737862.96
24021,MD,270,1789713.41,283827.44
24023,MD,109,867183.85,257237.9
24025,MD,353,3059202.46,845710.24
24027,MD,421,13795040.65,1954608.04
24029,MD,341,7306295.98,825550.68
24031,MD,775,4116101.74,649700.58
24033,MD,1149,6836392.28,1016571.74
24035,MD,1073,13466925.08,1486921.53
24037,MD,613,9006837.07,1661131.43
24039,MD,1258,13750999.42,920767.57
24041,MD,676,12352767.02,1410052.75
24043,MD,370,3117417.22,809710.91
24045,MD,243,5491660.99,437329.85
24047,MD,2517,16760215.45,2561369.43
24510,MD,1062,17067193.34,9642873.34
25001,MA,3175,38005427.77,4652091.53
25003,MA,388,2780735.07,260171.97
25005,MA,1556,11347410.29,2350864.83
25007,MA,160,1465777.68,280374.91
25009,MA,5454,81472868.8,12542427.05
25011,MA,114,3338160.27,95255.07
25013,MA,278,2176754.47,514493.13
25015,MA,215,1784252.33,216660.83
25017,MA,3749,29557882.33,6859546.75
25019,MA,601,16161373.0,1399508.27
25021,MA,3261,23032456.48,2807786.68
25023,MA,10956,133503890.65,19128434.12
25025,MA,4365,24106650.32,4837958.53
25027,MA,764,9851591.3,2731992.36
26001,MI,13,24641.1,0.0
26003,MI,7,51923.66,0.0
26005,MI,69,1173793.31,76309.27
26007,MI,15,29322.67,1924.26
26009,MI,5,2843.4,670.17
26011,MI,118,1703097.22,280611.34
26013,MI,6,14324.6,0.0
26015,MI,278,2704008.35,266409.98
26017,MI,515,2171868.42,318352.71
26019,MI,11,86663.79,0.0
26021,MI,309,3664008.71,764598.03
26023,MI,32,540827.07,49651.96
26025,MI,60,202489.15,24139.24
26027,MI,15,103915.76,8429.7
26029,MI,7,105400.06,24693.36
26031,MI,4,759.51,0.0
26033,MI,5,122642.88,0.0
26035,MI,8,26830.09,0.0
26037,MI,28,425417.1,34948.48
26041,MI,27,164945.65,57672.69
26043,MI,6,14756.0,0.0
26045,MI,148,586507.08,116252.14
26047,MI,5,13134.92,415.5
26049,MI,453,2357572.13,753249.74
26051,MI,31,1504668.29,233098.68
26053,MI,10,36832.09,1510.62
26055,MI,47,305078.84,74007.48
26057,MI,32,91028.43,49721.62
26059,MI,12,141497.89,8592.72
26061,MI,6,92379.35,24707.07
26063,MI,49,211471.08,16836.38
26065,MI,390,1973300.5,394404.17
26067,MI,37,273021.44,19046.59
26069,MI,74,716796.4,58103.36
26071,MI,3,0.0,0.0
26073,MI,37,410721.88,132021.9
26075,MI,41,187212.68,29108.17
26077,MI,290,4006541.23,1135594.49
26081,MI,657,8409485.32,1811752.79
26085,MI,46,935688.84,251404.79
26087,MI,27,149899.95,23681.16
26089,MI,19,116106.57,6029.12
26091,MI,60,308917.95,36109.5
26093,MI,127,938382.9,32504.11
26095,MI,1,5510.94,0.0
26097,MI,6,8897.56,0.0
26099,MI,1435,8040577.04,831428.25
26101,MI,28,243357.75,10028.26
26103,MI,20,230238.56,3187.48
26105,MI,13,207055.29,30654.47
26107,MI,57,1072671.7,257392.5
26109,MI,43,189870.17,4932.04
26111,MI,546,24636529.19,3171218.56
26115,MI,1672,8320326.44,1537186.26
26117,MI,6,21173.71,5000.0
26121,MI,128,776729.27,65019.24
26123,MI,124,2264623.45,538402.85
26125,MI,577,4835147.83,611887.21
26127,MI,27,81624.33,18753.76
26131,MI,9,3272.71,1380.42
26133,MI,52,994305.08,137185.12
26139,MI,328,2925230.99,357405.48
26141,MI,1,0.0,0.0
26143,MI,1,16141.66,0.0
26145,MI,758,10828973.06,599096.75
26147,MI,1181,4734521.61,434962.87
26149,MI,110,1141198.07,495895.99
26151,MI,14,110731.0,2097.0
26153,MI,2,7513.22,2505.81
26155,MI,61,86803.42,10442.85
26157,MI,133,888917.2,149228.78
26159,MI,31,221111.55,275.97
26161,MI,132,1512357.0,120047.99
26163,MI,2879,12072969.77,1444165.03
26165,MI,7,20098.16,0.0
27001,MN,95,711221.12,43565.78
27003,MN,96,395618.42,55521.01
27005,MN,92,1088928.37,52231.07
27007,MN,3,11207.01,0.0
27009,MN,46,168635.21,11335.96
27011,MN,92,754823.75,79470.03
27013,MN,92,1104998.88,214658.84
27015,MN,35,423427.36,69948.31
27017,MN,19,481964.06,145207.11
27019,MN,70,189714.72,25145.06
27021,MN,12,51667.92,13732.86
27023,MN,172,2199260.83,323477.66
27025,MN,37,369155.51,52571.66
27027,MN,1358,12778501.44,902672.91
27029,MN,15,212765.28,21754.21
27031,MN,15,64491.52,0.0
27033,MN,43,451354.83,18276.72
27035,MN,13,70730.68,984.6
27037,MN,181,2821701.54,1060765.26
27039,MN,32,382174.41,64310.36
27041,MN,16,275973.33,5328.91
27043,MN,12,61766.28,8680.02
27045,MN,99,654524.88,98588.97
27047,MN,45,770476.44,131258.08
27049,MN,209,2164706.58,521403.1
27051,MN,3,62419.53,0.0
27053,MN,682,3978416.26,613706.52
27055,MN,78,1002074.96,46407.67
27057,MN,28,289384.09,2313.81
27059,MN,26,172995.83,53367.25
27061,MN,12,118702.85,3204.61
27063,MN,20,339822.53,26324.22
27065,MN,21,171803.88,1194.06
27067,MN,8,70120.89,62205.53
27069,MN,247,1590220.24,163151.82
27071,MN,17,320770.35,1588.0
27073,MN,45,219948.87,4408.87
27075,MN,9,905074.5,33194.59
27077,MN,5,103261.04,25357.47
27079,MN,87,2374467.4,205837.2
27081,MN,3,7495.78,0.0
27083,MN,63,159720.77,3729.78
27085,MN,19,94178.82,8328.05
27087,MN,10,111786.7,37820.74
27089,MN,1405,5755873.11,1021507.53
27093,MN,6,122104.12,19479.58
27095,MN,24,97390.83,21539.47
27097,MN,50,554010.1,59354.2
27099,MN,730,8685950.15,2264467.23
27101,MN,15,165080.85,634.45
27103,MN,59,536552.47,16426.55
27105,MN,83,205617.26,3811.07
27107,MN,247,1882283.49,568548.76
27109,MN,719,4595880.37,679404.03
27111,MN,109,1340686.48,55731.88
27113,MN,25,54302.96,3472.68
27115,MN,60,1116684.73,239469.04
27117,MN,17,294017.8,63376.47
27119,MN,1455,32422763.28,3855234.24
27121,MN,7,37544.61,553.8
27123,MN,145,1200469.27,148657.31
27125,MN,2,7068.75,1172.63
27127,MN,3,126607.12,16845.01
27129,MN,6,58449.76,11240.53
27131,MN,78,2340450.3,1235963.54
27133,MN,29,158962.26,3148.7
27135,MN,279,3217090.18,150764.26
27137,MN,183,1604597.31,187673.95
27139,MN,117,1072977.38,59912.86
27141,MN,59,472880.36,5437.01
27143,MN,12,65259.43,955.48
27145,MN,111,830982.83,251265.52
27147,MN,90,1962823.46,83520.64
27149,MN,2,7926.0,0.0
27151,MN,12,121683.9,22313.73
27153,MN,13,109800.12,16835.45
27155,MN,146,895351.72,169853.71
27157,MN,162,3123424.41,213738.67
27159,MN,7,29785.57,2678.22
27161,MN,9,94210.58,16995.35
27163,MN,533,5153881.68,195364.2
27165,MN,16,942227.05,190597.81
27167,MN,495,6300340.15,1104669.59
27169,MN,115,3556049.15,218340.56
27171,MN,223,1937550.84,62428.84
27173,MN,146,1678265.76,243941.84
28001,MS,187,1171849.61,258721.71
28003,MS,67,3156840.4,1189820.53
28005,MS,24,155099.75,39434.48
28007,MS,26,394680.63,60785.49
28009,MS,3,518.3,280.0
28011,MS,994,17281257.37,2415829.05
28013,MS,38,636765.48,170474.31
28015,MS,16,227377.47,41065.45
28017,MS,3,8170.38,0.0
28019,MS,17,126823.95,27956.69
28021,MS,222,1917999.46,441599.53
28023,MS,79,1163554.91,141115.27
28025,MS,121,1244228.45,74769.54
28027,MS,333,5827273.49,706795.54
28029,MS,37,218443.16,20613.74
28031,MS,70,475016.07,211680.43
28033,MS,280,5740875.75,926184.54
28035,MS,1751,10439722.9,2192619.77
28037,MS,12,45172.33,53557.94
28039,MS,65,326143.45,59008.58
28041,MS,45,566501.79,84541.69
28043,MS,320,2896006.2,837708.99
28045,MS,9843,556831309.91,168283817.85
28047,MS,15796,982251981.11,283679372.14
28049,MS,4714,60265396.9,10451591.81
28051,MS,117,965163.97,472340.06
28053,MS,342,3188162.93,629762.75
28055,MS,127,1680292.2,188401.51
28057,MS,3,51649.2,0.0
28059,MS,11295,544928123.72,162013644.06
28061,MS,13,71185.95,41187.76
28063,MS,67,705116.27,86694.45
28065,MS,6,5024.57,0.0
28067,MS,248,2034680.9,398828.38
28071,MS,31,559204.1,177486.45
28073,MS,397,5185957.68,587549.34
28075,MS,271,2563046.94,830739.51
28077,MS,43,517692.25,127974.86
28079,MS,54,808396.13,173597.9
28081,MS,174,3065951.5,798897.07
28083,MS,442,3375879.92,987961.46
28085,MS,73,331088.37,74667.86
28087,MS,1186,5595258.54,1647068.99
28089,MS,1003,7306921.81,2120685.32
28091,MS,685,4427919.93,2825385.8
28093,MS,11,183851.84,42884.27
28095,MS,147,1126287.42,254926.84
28099,MS,9,56734.04,1758.7
28101,MS,12,94609.25,25983.4
28103,MS,15,149323.52,6129.48
28105,MS,44,581495.8,96568.19
28107,MS,87,961585.22,276632.52
28109,MS,803,13240000.95,3416178.48
28111,MS,123,1526330.47,178580.17
28113,MS,188,2405013.49,1824777.05
28115,MS,3,48136.99,0.0
28117,MS,2,42169.36,3842.0
28119,MS,253,1713610.46,617823.41
28121,MS,976,17320082.57,3349845.04
28123,MS,32,835289.78,187821.26
28125,MS,238,2358917.67,218211.33
28127,MS,246,1926480.93,649009.63
28129,MS,11,58844.28,19536.99
28131,MS,33,437637.6,106803.06
28133,MS,191,1372603.84,332538.22
28135,MS,102,669920.6,96663.85
28137,MS,38,1178247.2,298433.44
28139,MS,7,34192.69,2558.99
28141,MS,18,236672.24,32714.11
28143,MS,449,3943812.42,520909.24
28145,MS,19,397893.0,105931.63
28147,MS,233,2356547.55,277410.56
28149,MS,2688,29074643.19,5805178.92
28151,MS,1955,31636757.92,4599524.57
28153,MS,53,715648.04,134296.71
28155,MS,24,34017.28,74545.83
28157,MS,1394,14933477.23,3109915.47
28159,MS,28,455344.0,89325.48
28161,MS,39,131098.74,232730.19
28163,MS,409,6735319.4,313715.53
29001,MO,21,443172.7,87552.56
29003,MO,146,3401480.88,447473.79
29005,MO,146,3930211.57,799092.99
29007,MO,60,514491.32,141218.18
29009,MO,53,1005347.77,1124111.5
29011,MO,17,229224.23,40473.25
29013,MO,24,450741.04,182518.11
29015,MO,38,271014.11,41950.3
29017,MO,116,1876348.28,414095.3
29019,MO,195,2986816.0,1076181.05
29021,MO,623,18601957.83,3855136.9
29023,MO,517,7298079.5,2803860.51
29025,MO,1,271.01,0.0
29027,MO,316,3579269.15,920201.69
29029,MO,91,1465509.79,241665.76
29031,MO,1074,7601588.0,3433956.5
29033,MO,179,2734582.97,926778.37
29035,MO,123,4771640.65,587337.16
29037,MO,328,4159348.01,1231501.42
29041,MO,57,713214.01,31546.96
29043,MO,77,2484200.55,447846.61
29045,MO,106,2775040.78,4776360.57
29047,MO,785,7486916.96,3217215.25
29049,MO,7,59315.13,7429.66
29051,MO,416,6342100.89,1211903.74
29053,MO,9,136613.84,500.0
29055,MO,122,4946121.4,1070783.35
29059,MO,3,24026.64,3910.98
29061,MO,37,441676.55,166894.05
29063,MO,6,61260.11,7800.0
29065,MO,5,26601.9,0.0
29069,MO,56,398000.74,1484.03
29071,MO,1096,25362358.9,5566365.98
29073,MO,445,5771731.64,2238017.05
29075,MO,2,17416.07,18138.33
29077,MO,199,2377955.7,578360.1
29079,MO,4,147554.04,10000.0
29081,MO,6,153843.06,2814.0
29083,MO,1,8414.35,0.0
29085,MO,5,92000.0,248500.0
29087,MO,1254,30921571.37,3416211.99
29089,MO,68,700702.51,112217.36
29091,MO,75,2474074.94,904596.86
29093,MO,58,332674.63,63720.07
29095,MO,2113,22242501.78,23471298.34
29097,MO,175,2480193.51,312625.4
29099,MO,4591,55842133.63,13155630.49
29101,MO,44,266342.93,40782.66
29103,MO,4,76164.23,985863.35
29105,MO,26,475479.99,178282.67
29107,MO,18,251635.11,23921.34
29109,MO,34,561702.02,95533.13
29111,MO,143,2016411.93,1494471.81
29113,MO,2249,28309899.33,5379849.48
29115,MO,22,169374.51,45325.25
29117,MO,24,299273.54,17586.97
29119,MO,386,11309652.65,1263917.66
29121,MO,2,8284.73,0.0
29123,MO,155,2198783.82,413073.78
29125,MO,101,2568574.15,361176.76
29127,MO,535,7013090.13,3884773.71
29131,MO,28,445481.46,107774.27
29133,MO,211,4196479.8,143761.79
29135,MO,27,239764.38,21730.75
29137,MO,12,163880.95,35000.0
29139,MO,126,1102613.1,192259.85
29141,MO,15,139898.92,21998.31
29143,MO,201,2681493.35,311629.1
29145,MO,209,4666939.14,527586.25
29147,MO,7,136919.34,11700.0
29149,MO,39,415504.06,49671.43
29151,MO,180,2758806.06,377353.58
29153,MO,6,297053.56,37803.81
29155,MO,127,631161.1,114869.92
29157,MO,258,3639306.57,1331103.37
29159,MO,45,271980.87,63463.07
29161,MO,305,9498208.36,1773499.82
29163,MO,934,9146874.61,902570.39
29165,MO,366,10227259.81,2643921.26
29167,MO,9,88067.83,6459.55
29169,MO,267,6006300.12,783085.33
29171,MO,1,3122.06,0.0
29173,MO,51,788380.66,122908.23
29175,MO,3,1988.42,0.0
29177,MO,191,2005374.29,152629.17
29179,MO,134,1793190.61,837784.41
29181,MO,244,10348147.87,2019452.11
29183,MO,9993,117759177.12,34010270.52
29186,MO,1160,5671068.61,1295375.13
29187,MO,93,1865736.78,910633.19
29189,MO,12025,182336386.86,82182420.35
29195,MO,16,249319.57,23087.95
29201,MO,482,4063570.91,277188.12
29203,MO,18,134140.69,23481.74
29205,MO,2,45869.81,4703.47
29207,MO,102,991526.44,73421.11
29209,MO,75,1816049.05,255504.08
29211,MO,2,0.0,328.76
29213,MO,400,16563093.34,1683227.22
29215,MO,15,264521.46,45191.62
29217,MO,12,81527.43,11829.82
29219,MO,102,2163069.29,146630.53
29221,MO,38,214408.73,50407.53
29223,MO,141,2564551.57,573890.9
29225,MO,13,267341.67,43883.1
29229,MO,8,75455.27,17655.47
29510,MO,739,7586181.72,2536512.18
30001,MT,12,2055.08,408.99
30003,MT,16,219125.56,25991.19
30005,MT,50,62530.41,6539.97
30007,MT,2,6500.47,0.0
30009,MT,59,2277447.91,433822.51
30013,MT,257,806991.97,47708.63
30017,MT,156,326630.44,73430.81
30021,MT,7,116423.29,28187.18
30023,MT,9,6652.54,1631.25
30025,MT,1,0.0,0.0
30027,MT,27,202290.97,41334.32
30029,MT,132,676949.84,13371.11
30031,MT,76,324612.57,15478.69
30033,MT,2,0.0,0.0
30035,MT,8,32242.9,0.0
30039,MT,7,14167.19,2767.26
30041,MT,17,52038.49,3469.75
30043,MT,5,6965.6,0.0
30047,MT,12,20284.57,0.0
30049,MT,102,397132.37,34585.01
30051,MT,4,7074.91,0.0
30053,MT,38,424092.74,23365.55
30057,MT,6,23489.78,2601.3
30059,MT,6,60840.15,17217.44
30061,MT,5,10767.53,0.0
30063,MT,172,900616.21,72710.01
30065,MT,60,1110551.76,91281.62
30067,MT,141,2919515.45,366022.93
30071,MT,39,129627.11,5089.74
30075,MT,7,23387.82,1993.96
30077,MT,18,119585.08,0.0
30081,MT,36,115488.85,0.0
30083,MT,8,89908.11,4921.41
30085,MT,9,65078.12,0.0
30087,MT,12,15452.01,0.0
30089,MT,9,222936.15,95.0
30091,MT,1,72.89,0.0
30093,MT,10,7913.69,331.15
30095,MT,60,1149039.07,194017.66
30097,MT,10,295246.68,123861.35
30099,MT,5,30662.44,0.0
30101,MT,1,415.66,0.0
30105,MT,250,1360735.47,133217.36
30107,MT,19,37387.44,981.85
30109,MT,3,75876.16,1208.1
30111,MT,272,1965344.12,314291.51
31001,NE,24,238496.66,43965.13
31003,NE,15,376519.47,29729.11
31011,NE,15,124168.7,10634.82
31013,NE,2,0.0,0.0
31015,NE,18,283298.97,30027.74
31019,NE,64,5638318.18,1541252.37
31021,NE,63,1522473.3,104957.41
31023,NE,11,239280.07,49296.75
31025,NE,410,7494300.31,1056086.46
31027,NE,4,22862.35,864.73
31033,NE,27,76421.65,0.0
31035,NE,1,1561.21,0.0
31037,NE,171,1398063.05,442322.3
31039,NE,43,461329.39,18148.61
31041,NE,11,50817.6,32618.69
31043,NE,89,865968.36,60522.41
31047,NE,89,488536.64,19942.34
31049,NE,3,15883.13,0.0
31051,NE,3,31694.78,1008.55
31053,NE,809,10439517.57,1251145.61
31055,NE,1045,12860286.72,1606712.1
31057,NE,1,3018.51,0.0
31059,NE,2,15000.0,10000.0
31061,NE,2,1251.0,607.0
31065,NE,3,4117.61,0.0
31067,NE,184,1076424.85,664172.28
31069,NE,2,4926.39,0.0
31079,NE,126,709847.21,101693.36
31081,NE,15,71586.55,5063.35
31089,NE,6,4898.98,0.0
31093,NE,19,213957.38,9372.11
31095,NE,10,13415.93,770.0
31097,NE,3,960.0,1012.39
31099,NE,4,6348.75,0.0
31101,NE,7,35176.52,3375.96
31107,NE,26,716693.35,42775.51
31109,NE,313,2203769.75,787390.31
31111,NE,78,247604.62,7775.37
31113,NE,1,0.0,0.0
31119,NE,70,2129045.15,1278914.43
31121,NE,16,18991.73,0.0
31125,NE,4,28953.45,0.0
31127,NE,49,293525.69,160136.63
31129,NE,5,11870.03,0.0
31131,NE,27,389888.97,25839.05
31137,NE,9,69614.92,9431.37
31139,NE,12,160084.15,37031.33
31141,NE,87,1340541.47,115092.75
31143,NE,6,28473.74,210.53
31145,NE,15,56588.64,3510.43
31147,NE,85,1603593.3,453875.6
31151,NE,194,1033400.44,51309.9
31153,NE,848,17704778.42,3361967.24
31155,NE,259,3528296.0,782126.83
31157,NE,52,176788.06,927.21
31159,NE,28,114789.98,50906.12
31161,NE,1,1191.87,0.0
31167,NE,4,103405.04,50000.0
31169,NE,25,313918.42,11918.85
31173,NE,13,551123.29,931.62
31175,NE,8,110632.43,30.82
31177,NE,159,2687015.2,409276.97
31179,NE,5,5443.54,0.0
31181,NE,3,13134.67,191.44
31183,NE,2,7763.06,0.0
31185,NE,9,26783.91,3800.0
32001,NV,7,24670.43,0.0
32003,NV,626,7313248.28,1976384.87
32005,NV,226,3945192.73,355642.49
32007,NV,31,137313.41,4586.19
32011,NV,1,587.73,0.0
32013,NV,16,78105.42,1152.55
32015,NV,3,1058.48,0.0
32017,NV,4,0.0,0.0
32019,NV,24,548299.7,130270.47
32021,NV,1,2662.8,0.0
32023,NV,136,1333345.48,7481.7
32027,NV,4,18852.65,0.0
32029,NV,10,34365.99,1668.0
32031,NV,752,21007443.2,9863563.25
32033,NV,8,1510.79,0.0
32510,NV,91,551812.44,7576.75
33001,NH,108,856920.96,67229.79
33003,NH,290,2529630.14,239789.6
33005,NH,247,4450299.97,2239260.24
33007,NH,95,627950.2,41354.7
33009,NH,362,4161065.48,559001.89
33011,NH,629,8214447.0,1601155.15
33013,NH,299,5248309.03,781250.55
33015,NH,2164,28192830.75,2131949.68
33017,NH,137,2038443.14,215408.56
33019,NH,62,1213282.5,51908.67
34001,NJ,20906,428944240.45,45191947.98
34003,NJ,14463,334454194.65,96870626.46
34005,NJ,2178,25050345.98,3875708.63
34007,NJ,1297,7014166.68,1255183.3
34009,NJ,28013,348742187.41,56043368.23
34011,NJ,756,11108848.72,1325642.99
34013,NJ,5835,126246078.8,36587576.85
34015,NJ,706,4165951.02,570585.02
34017,NJ,5180,144841896.21,32386573.61
34019,NJ,1571,34016618.86,5104200.23
34021,NJ,2430,32566964.58,15835846.79
34023,NJ,5246,143494078.32,19104058.64
34025,NJ,19974,799283678.23,96744444.35
34027,NJ,9459,162320564.47,37198084.94
34029,NJ,52870,2162221116.14,275389442.06
34031,NJ,14381,235546487.23,79699155.9
34033,NJ,824,8849238.65,261115.78
34035,NJ,6501,200706282.06,38675545.89
34037,NJ,192,1818675.27,135405.08
34039,NJ,7498,136801073.17,26499071.51
34041,NJ,1272,27611478.41,4271940.07
35001,NM,173,1364667.79,69611.52
35003,NM,5,150256.09,17829.13
35005,NM,132,7716091.63,361212.28
35006,NM,28,604591.5,5973.79
35007,NM,8,12839.43,210.47
35009,NM,56,495738.54,67183.57
35013,NM,207,4674340.81,217211.68
35015,NM,51,312773.71,19872.81
35017,NM,9,98671.52,15443.64
35023,NM,3,26191.79,1636.0
35025,NM,207,858606.52,72651.39
35027,NM,268,14547935.69,1929433.43
35028,NM,10,22039.85,8827.91
35029,NM,4,130736.52,20291.74
35031,NM,18,6368.06,12764.08
35033,NM,59,448344.56,11405.33
35035,NM,130,1496476.11,42889.74
35037,NM,11,32633.95,0.0
35039,NM,31,284412.41,14975.11
35041,NM,30,322343.2,80.8
35043,NM,50,298719.53,60376.01
35045,NM,48,472092.5,65350.59
35047,NM,134,710314.8,97804.36
35049,NM,53,836752.55,121742.74
35051,NM,15,147392.8,10464.59
35053,NM,23,302704.39,90035.13
35055,NM,24,46248.2,4827.83
35057,NM,1,4797.45,0.0
35061,NM,125,899955.1,82335.45
36001,NY,360,3569062.0,899078.53
36003,NY,193,636886.33,77953.23
36005,NY,1944,24111333.31,3217053.56
36007,NY,3099,107876248.84,28987684.25
36009,NY,493,4429158.56,642412.38
36011,NY,262,1304691.25,206889.08
36013,NY,1803,7015627.59,2799557.46
36015,NY,304,2177657.87,436959.77
36017,NY,632,9699203.61,1582137.0
36019,NY,296,4791321.2,368751.48
36021,NY,236,2122827.72,889326.06
36023,NY,356,2877685.4,559828.34
36025,NY,1290,32880452.77,6485636.1
36027,NY,762,11710778.66,2239639.23
36029,NY,2477,9977463.01,2599543.86
36031,NY,369,5460634.07,820006.57
36033,NY,40,165907.05,12603.9
36035,NY,116,521057.57,352680.11
36037,NY,130,1140304.57,331802.47
36039,NY,578,16165449.95,2534125.11
36041,NY,35,591961.37,127054.13
36043,NY,422,5451671.55,680686.74
36045,NY,249,2266844.53,114863.18
36047,NY,6296,295450457.67,32213837.17
36049,NY,38,361550.44,64008.09
36051,NY,97,594829.1,27958.27
36053,NY,312,4495348.24,146745.05
36055,NY,817,4510410.9,276066.01
36057,NY,288,6812318.07,1962575.48
36059,NY,51509,1973789132.96,290565547.32
36061,NY,1492,113218618.57,7273394.86
36063,NY,179,661556.02,102888.95
36065,NY,1067,13790614.65,2327433.27
36067,NY,964,7097249.36,1428224.61
36069,NY,259,2573493.79,1267500.58
36071,NY,2028,21769007.69,4812260.15
36073,NY,39,152471.32,865.29
36075,NY,221,2068097.57,394771.67
36077,NY,463,7959508.63,996736.3
36079,NY,370,4988521.26,448312.55
36081,NY,14902,613703814.64,80090556.71
36083,NY,460,5275030.51,381050.91
36085,NY,19422,245070534.28,33269698.88
36087,NY,3475,36336804.98,8857577.98
36089,NY,95,1094165.36,581924.32
36091,NY,580,6600147.33,1355131.48
36093,NY,353,6895638.52,819847.93
36095,NY,666,26762853.62,4252983.09
36097,NY,30,361976.05,47935.15
36099,NY,108,893887.93,83235.41
36101,NY,372,1806002.09,281816.16
36103,NY,33914,978086966.54,121549944.99
36105,NY,939,13611055.94,2395169.32
36107,NY,1558,52055305.47,8327049.08
36109,NY,289,1634336.47,250453.57
36111,NY,1275,25956218.13,3827597.05
36113,NY,116,1616205.05,191792.47
36115,NY,135,1238923.03,178158.67
36117,NY,207,2294303.47,101836.84
36119,NY,12245,221090592.01,51388546.76
36121,NY,112,785596.32,176687.24
36123,NY,146,984196.53,44591.49
37001,NC,167,4270614.26,794152.03
37003,NC,6,41884.1,0.0
37005,NC,13,444629.91,30759.04
37007,NC,3,21304.6,220.0
37009,NC,183,6472701.79,864222.01
37011,NC,288,13086580.0,1681781.21
37013,NC,9460,109178993.94,16027785.52
37015,NC,423,10282128.91,2645147.97
37017,NC,195,8013769.26,1035403.36
37019,NC,9878,87425822.42,11754153.49
37021,NC,1190,79725923.24,23283127.62
37023,NC,131,9944135.65,1330125.83
37025,NC,240,4372664.75,940134.19
37027,NC,85,1171234.3,375748.95
37029,NC,284,3079566.43,315557.01
37031,NC,8994,106901737.73,16232230.53
37033,NC,1,0.0,0.0
37035,NC,210,4047197.36,788769.66
37037,NC,41,1731720.09,377242.58
37039,NC,56,657013.87,226523.89
37041,NC,282,5138727.17,790873.83
37043,NC,35,166364.86,3471.77
37045,NC,54,553212.86,123115.15
37047,NC,712,19931076.14,4187680.37
37049,NC,6125,207392758.81,28928565.71
37051,NC,823,21963345.6,2822764.77
37053,NC,2005,19171132.26,2567813.84
37055,NC,18908,197710650.83,25850526.77
37057,NC,103,1363046.37,343530.84
37059,NC,12,116517.55,30330.53
37061,NC,542,40218748.32,11836330.93
37063,NC,442,9530830.59,1202679.55
37065,NC,795,24401040.64,3811228.74
37067,NC,440,3702756.27,996542.23
37069,NC,23,206898.11,42119.06
37071,NC,105,1245067.2,90609.76
37073,NC,26,291818.44,42508.59
37075,NC,7,10737.01,3432.34
37077,NC,15,188690.62,6979.23
37079,NC,82,2054198.36,494225.04
37081,NC,680,8421738.24,955176.29
37083,NC,54,683307.47,79803.45
37085,NC,116,2115233.04,383554.0
37087,NC,730,32164101.35,3689382.44
37089,NC,440,25678564.53,3289408.43
37091,NC,159,2528952.52,545790.26
37093,NC,39,581775.85,33808.72
37095,NC,1734,36750954.4,5062807.02
37097,NC,60,852090.72,276384.4
37099,NC,97,877565.69,182550.7
37101,NC,311,9694444.92,1595076.31
37103,NC,205,13862969.65,2988826.45
37105,NC,63,936606.71,120531.96
37107,NC,835,37461596.03,6833858.94
37109,NC,15,233880.97,12560.94
37111,NC,110,6549069.48,1811642.37
37113,NC,79,1622580.96,346171.58
37115,NC,109,7945911.99,823045.46
37117,NC,42,568585.01,52764.33
37119,NC,2881,53155067.69,7687085.53
37121,NC,50,2223519.96,440098.02
37123,NC,6,97149.55,3916.36
37125,NC,154,2410481.66,282938.62
37127,NC,735,29798829.24,3859293.05
37129,NC,11178,161327986.55,25704846.86
37131,NC,34,246634.22,35961.29
37133,NC,4432,60377948.85,10145270.15
37135,NC,568,29072183.74,5607576.4
37137,NC,4330,80804997.85,13822721.46
37139,NC,531,5911328.21,579656.2
37141,NC,5888,98196160.34,19249755.95
37143,NC,160,807024.35,168622.15
37145,NC,9,47290.32,2361.23
37147,NC,1205,32687974.1,3252465.8
37149,NC,79,3798962.55,636864.02
37151,NC,65,346039.46,49141.08
37153,NC,25,290707.41,27501.07
37155,NC,1430,47801480.04,6732873.5
37157,NC,108,618909.72,106438.48
37159,NC,65,1001858.08,113103.35
37161,NC,117,6817519.11,1023449.17
37163,NC,148,5312976.45,821278.51
37165,NC,20,455241.45,104876.41
37167,NC,66,2241524.43,737021.85
37169,NC,18,146880.61,99781.6
37171,NC,66,314996.04,852224.28
37173,NC,56,798848.88,408204.0
37175,NC,153,5464204.32,764436.36
37177,NC,588,7976821.42,661034.57
37179,NC,78,1098624.05,279701.02
37181,NC,12,124321.25,50175.66
37183,NC,1638,26345501.86,4893327.87
37185,NC,4,0.0,0.0
37187,NC,156,2360420.18,294504.55
37189,NC,460,14140154.7,2109347.39
37191,NC,1192,39464556.0,7106792.38
37193,NC,34,899555.43,479571.66
37195,NC,497,9517162.37,3096758.68
37197,NC,6,5894.8,258.5
37199,NC,146,7519574.74,1398412.79
38001,ND,1,12872.3,0.0
38003,ND,389,2473322.95,194062.57
38005,ND,420,11166677.44,4794.2
38007,ND,13,99600.9,0.0
38009,ND,3,1800.4,0.0
38011,ND,10,11760.17,0.0
38013,ND,3,4527.15,58.0
38015,ND,698,14680811.77,587884.28
38017,ND,3345,22657930.26,2148789.29
38019,ND,13,255840.93,0.0
38021,ND,6,20330.97,0.0
38027,ND,23,204373.56,2108.05
38029,ND,82,1027877.63,21001.91
38031,ND,11,95629.5,2489.79
38033,ND,2,0.0,0.0
38035,ND,3114,66499424.59,9041983.95
38037,ND,13,41570.7,9386.03
38039,ND,5,21669.31,1374.8
38041,ND,89,197150.58,40801.4
38045,ND,14,90461.68,11208.0
38047,ND,3,257994.13,4582.82
38049,ND,61,580412.39,66953.59
38051,ND,2,7284.84,0.0
38053,ND,2,0.0,0.0
38055,ND,10,76661.57,0.0
38057,ND,81,653814.51,6607.28
38059,ND,216,2585058.2,240222.46
38061,ND,4,2563.39,350.5
38063,ND,52,1017028.31,451.0
38065,ND,8,67712.11,0.0
38067,ND,610,2852683.21,867193.54
38069,ND,10,55785.67,0.0
38071,ND,1103,37438396.98,120525.32
38073,ND,148,707609.67,23084.87
38075,ND,33,117480.3,6037.05
38077,ND,223,2129124.27,170297.58
38079,ND,4,58523.6,0.0
38081,ND,7,89159.33,0.0
38083,ND,5,116900.0,23000.0
38085,ND,2,0.0,373.85
38089,ND,30,88681.24,3164.46
38091,ND,8,134975.52,0.0
38093,ND,127,740129.76,17534.8
38095,ND,26,374072.0,0.0
38097,ND,128,1342333.25,154551.92
38099,ND,782,2429116.87,647878.39
38101,ND,1107,61889618.15,7557491.67
38103,ND,2,80850.0,0.0
38105,ND,19,194478.0,53519.31
39001,OH,155,1269122.49,144587.48
39003,OH,259,3068449.7,1038484.37
39005,OH,58,636136.81,125522.45
39007,OH,146,1632368.62,357875.11
39009,OH,416,4170819.63,935453.59
39011,OH,124,2056721.35,230575.19
39013,OH,653,6247829.97,1416162.06
39015,OH,149,1672152.74,105692.09
39017,OH,461,3594210.63,646119.49
39019,OH,31,472138.5,141522.84
39021,OH,38,241143.09,11144.87
39023,OH,129,3767534.06,367928.53
39025,OH,621,8435760.5,1735393.81
39027,OH,16,203463.12,2591.81
39029,OH,112,692789.32,164537.3
39031,OH,60,184075.44,32247.63
39033,OH,154,2427764.68,369266.52
39035,OH,1729,22951003.42,12040142.51
39037,OH,35,211209.79,26374.42
39039,OH,330,1915249.41,530925.16
39041,OH,101,889011.16,106230.43
39043,OH,1103,6390846.4,1910754.01
39045,OH,299,1734980.61,1103856.54
39047,OH,20,22036.62,2009.16
39049,OH,1328,6478364.87,1363838.99
39051,OH,33,143537.38,8520.1
39053,OH,176,1201328.34,432922.36
39055,OH,73,1352729.23,140319.78
39057,OH,151,949034.56,482937.65
39059,OH,372,5952363.01,2406599.84
39061,OH,1913,24193312.24,9321661.26
39063,OH,2046,34879091.2,2782938.87
39065,OH,17,275277.83,17996.35
39067,OH,90,424613.46,102809.9
39069,OH,163,1059315.82,286897.81
39071,OH,2,0.0,11992.37
39073,OH,156,1506858.39,622442.75
39075,OH,120,528230.25,128788.66
39077,OH,71,729710.35,70987.7
39079,OH,192,2498722.21,474576.15
39081,OH,396,3279547.75,681929.47
39083,OH,65,256983.34,6695.82
39085,OH,878,10845504.82,1493766.47
39087,OH,467,3927599.34,734180.59
39089,OH,388,3968355.65,423410.25
39091,OH,115,1223127.55,102547.15
39093,OH,534,6284455.55,806055.65
39095,OH,1193,6638277.03,905660.04
39097,OH,22,125081.33,24362.34
39099,OH,296,1312598.03,1480673.27
39101,OH,240,3038725.77,168743.29
39103,OH,289,3473597.98,1176732.43
39105,OH,273,1780043.89,719771.88
39107,OH,96,1111289.71,236664.33
39109,OH,148,1845118.57,266800.88
39111,OH,108,1065944.79,108966.45
39113,OH,325,1805727.68,201760.35
39115,OH,182,1800328.1,188256.97
39117,OH,9,70269.29,0.0
39119,OH,172,1831015.53,336289.13
39121,OH,171,2140141.19,518011.37
39123,OH,1378,7666902.6,1717312.04
39125,OH,34,215645.6,22965.8
39127,OH,114,1527932.47,163352.2
39129,OH,71,609472.75,100028.08
39131,OH,105,1457811.7,197434.19
39133,OH,85,748832.57,114495.53
39135,OH,48,296883.68,74882.66
39137,OH,460,8936975.3,570152.45
39139,OH,329,6965123.88,2758734.32
39141,OH,125,1034906.21,126015.98
39143,OH,139,691320.24,72508.23
39145,OH,318,2278573.14,375495.19
39147,OH,121,1657805.22,85373.22
39149,OH,97,1047478.07,518312.12
39151,OH,452,5916104.92,2376847.78
39153,OH,814,10500555.18,2474692.07
39155,OH,402,3002803.96,709322.5
39157,OH,192,1088955.99,86857.98
39159,OH,56,378572.24,51521.93
39161,OH,36,195117.4,35826.54
39163,OH,15,142879.69,19667.45
39165,OH,208,1591358.0,557263.24
39167,OH,1295,15502719.69,2766823.33
39169,OH,173,1895409.85,890306.26
39171,OH,31,399746.03,342034.85
39173,OH,202,1230770.06,216161.27
39175,OH,125,2216021.1,128664.05
40001,OK,25,972333.57,56293.52
40003,OK,37,232772.61,0.0
40005,OK,7,94800.0,0.0
40007,OK,1,0.0,0.0
40009,OK,8,42738.62,11010.0
40011,OK,7,97208.8,8000.07
40013,OK,26,1017225.72,120085.94
40015,OK,44,1077316.22,239419.08
40017,OK,232,3006441.17,539851.37
40019,OK,84,2203186.76,326200.83
40021,OK,105,1841447.56,98414.5
40023,OK,6,236493.96,0.0
40027,OK,400,6063350.54,1161275.04
40029,OK,2,20416.65,6279.9
40031,OK,834,19900512.65,3432425.75
40033,OK,17,160552.51,0.0
40035,OK,46,1063085.3,248867.5
40037,OK,255,2311951.9,566367.45
40039,OK,19,172593.45,11490.38
40041,OK,115,1561770.23,103061.95
40045,OK,3,10164.56,0.0
40047,OK,81,354240.08,68131.54
40049,OK,65,1039123.62,347246.63
40051,OK,229,3943038.46,1007520.75
40053,OK,9,87381.08,22863.85
40055,OK,4,35259.47,0.0
40057,OK,27,185378.3,10000.0
40059,OK,2,3869.31,5000.0
40061,OK,6,86408.16,45404.56
40063,OK,2,9944.96,0.0
40065,OK,7,1354.2,5164.0
40067,OK,6,59209.0,21374.5
40069,OK,4,213346.79,9623.07
40071,OK,344,2773218.89,388580.18
40073,OK,288,4053565.24,975846.59
40075,OK,22,392752.64,123058.93
40077,OK,3,46010.2,0.0
40079,OK,43,1170467.28,133238.47
40081,OK,27,55702.68,20839.38
40083,OK,460,3461869.72,1469815.46
40085,OK,1,9956.3,0.0
40087,OK,49,649941.14,81144.01
40089,OK,49,812315.09,31048.71
40091,OK,3,76214.94,28722.18
40093,OK,18,224126.36,32478.71
40095,OK,8,16767.3,6273.0
40097,OK,122,2755140.36,535151.55
40099,OK,7,92670.91,39776.52
40101,OK,260,12083178.05,3697598.04
40103,OK,4,13853.95,8410.41
40105,OK,13,320808.06,36192.02
40107,OK,2,4170.03,0.0
40109,OK,1714,20415157.14,4354258.88
40111,OK,110,3016940.53,798722.76
40113,OK,96,946979.41,224879.18
40115,OK,1159,26398013.09,4048611.85
40117,OK,6,42415.01,732.5
40119,OK,100,1070908.89,176969.39
40121,OK,26,342531.38,66562.46
40123,OK,22,682607.59,8867.69
40125,OK,153,2158106.63,196369.35
40127,OK,1,0.0,0.0
40131,OK,245,4334062.45,1534249.47
40133,OK,43,1045154.87,46975.49
40135,OK,46,974703.15,198914.8
40137,OK,90,766993.17,151714.13
40139,OK,3,125348.38,0.0
40141,OK,5,65882.8,0.0
40143,OK,3812,52058284.02,18922333.19
40145,OK,340,7786984.87,1841038.2
40147,OK,372,7007264.08,1514333.38
40149,OK,5,104187.19,422.02
40151,OK,11,94068.94,24139.35
40153,OK,46,187665.56,0.0
41001,OR,4,4732.78,0.0
41003,OR,69,459384.57,51203.44
41005,OR,812,19106622.36,4243632.56
41007,OR,160,1692664.2,289930.19
41009,OR,432,14705203.48,3954691.24
41011,OR,193,2882845.83,330932.85
41013,OR,67,444179.62,6329.88
41015,OR,88,1153350.46,186209.93
41017,OR,21,186222.92,0.0
41019,OR,300,3630588.88,239757.95
41021,OR,1,1156.47,0.0
41023,OR,12,38742.67,13821.42
41025,OR,56,558086.69,6174.8
41027,OR,4,11655.21,17960.81
41029,OR,304,2282146.44,193764.91
41031,OR,7,9423.97,3314.86
41033,OR,81,584874.55,102675.89
41035,OR,10,155154.53,52279.44
41037,OR,10,145521.23,5447.68
41039,OR,454,3727417.15,464344.93
41041,OR,462,4872945.06,843554.22
41043,OR,136,1529789.52,190373.84
41045,OR,48,166557.75,17808.12
41047,OR,400,4979271.66,981199.74
41049,OR,8,11142.18,4467.81
41051,OR,346,4040688.73,507346.45
41053,OR,78,625488.63,192167.04
41055,OR,1,35828.99,4897.5
41057,OR,754,11329472.16,3622448.97
41059,OR,93,1562086.68,185065.23
41061,OR,21,157764.44,7626.42
41063,OR,16,17277.41,220.0
41065,OR,10,88731.75,5046.07
41067,OR,408,4980523.37,436177.81
41069,OR,3,8765.46,0.0
41071,OR,108,1162458.76,57306.13
42001,PA,399,5938635.43,672672.54
42003,PA,4817,58613509.33,22468345.04
42005,PA,435,4937733.82,1211272.71
42007,PA,830,10987115.34,2266630.67
42009,PA,1185,10474674.63,2793253.5
42011,PA,1312,17485532.98,6052594.6
42013,PA,1111,7313389.78,1195007.7
42015,PA,898,19520697.14,4818051.81
42017,PA,5252,122932197.7,24462402.98
42019,PA,874,11674383.08,3693370.32
42021,PA,798,2334610.62,872759.35
42023,PA,73,438426.74,93512.57
42025,PA,94,416220.82,34567.06
42027,PA,337,2129834.92,832623.52
42029,PA,1910,27995846.73,9501715.94
42031,PA,188,1794621.92,1132884.41
42033,PA,531,4846048.49,1020010.65
42035,PA,899,6309107.74,1840375.54
42037,PA,2200,52602532.15,8656853.75
42039,PA,330,1443076.88,228150.92
42041,PA,1598,14099489.47,2716031.63
42043,PA,5245,72938918.95,11972762.73
42045,PA,3032,42923240.1,14182511.08
42047,PA,316,4156475.39,4036133.75
42049,PA,511,4750666.23,1222028.49
42051,PA,718,7539510.08,2506765.07
42053,PA,14,162204.68,31360.98
42055,PA,188,951410.93,96199.19
42057,PA,16,310407.89,52438.26
42059,PA,264,2603055.92,876692.66
42061,PA,531,5948532.8,2826124.03
42063,PA,384,2142994.88,169431.39
42065,PA,370,4292847.15,3416647.71
42067,PA,178,949646.95,165883.26
42069,PA,1368,14647758.53,5833927.77
42071,PA,2105,26074125.06,6606379.41
42073,PA,207,1476071.2,427883.68
42075,PA,1005,12515207.94,2883720.91
42077,PA,965,8031924.64,4392424.24
42079,PA,4146,73893131.05,18709501.55
42081,NY,2,150643.0,42963.89
42081,PA,3871,49495783.87,8018785.13
42083,PA,157,852408.94,149279.08
42085,PA,120,653071.17,226930.23
42087,PA,487,2972100.12,880734.34
42089,PA,436,11050297.59,3498162.74
42091,PA,6187,143958967.75,40752922.79
42093,PA,154,2337031.54,824544.46
42095,PA,1560,39756333.7,6826956.96
42097,PA,1721,19780821.08,4351774.67
42099,PA,749,6785811.59,625182.62
42101,PA,1695,38286000.68,9238254.47
42103,PA,219,2441546.75,522999.38
42105,PA,90,1005415.81,118400.64
42107,PA,1041,19223283.31,6913559.08
42109,PA,904,10130790.97,1466939.58
42111,PA,390,2188739.12,373774.55
42113,PA,134,3240746.43,619473.14
42115,PA,506,10114018.16,3149514.03
42117,PA,230,2990023.47,399390.03
42119,PA,927,9892136.84,1844827.91
42121,PA,428,2580247.42,3296536.01
42123,PA,126,863307.68,198101.23
42125,PA,1125,15118159.92,5630175.51
42127,PA,221,4130542.14,568756.28
42129,PA,1571,16052669.64,5111676.36
42131,PA,1189,22351808.99,5134986.8
42133,PA,1753,16546243.49,4067447.59
44001,RI,830,4452600.16,451129.41
44003,RI,1300,16498886.35,4984344.63
44005,RI,804,10787768.32,1031484.48
44007,RI,1623,35688102.95,13107995.2
44009,RI,2397,44083225.04,7166242.99
45001,SC,2,27580.94,0.0
45003,SC,42,183210.15,27729.1
45005,SC,6,185911.17,96178.82
45007,SC,39,805303.64,121888.54
45009,SC,33,836576.39,863067.25
45011,SC,6,39087.96,1447.55
45013,SC,4965,70721930.31,9825452.95
45015,SC,618,7520795.92,1196565.23
45017,SC,5,9562.3,0.0
45019,SC,19281,278311682.48,33609948.04
45021,SC,6,43156.32,2921.23
45023,SC,8,81493.32,7059.64
45025,SC,13,147713.93,18730.41
45027,SC,43,496960.94,43049.84
45029,SC,766,6602339.76,617358.51
45031,SC,109,1346799.27,195184.87
45033,SC,102,3961637.37,849717.94
45035,SC,779,14247222.99,2510943.23
45037,SC,18,292963.67,72816.94
45039,SC,75,894035.33,69629.08
45041,SC,399,5865244.14,1121741.31
45043,SC,4746,98570274.46,15704480.79
45045,SC,857,11411983.27,3135181.9
45047,SC,42,654421.47,66882.13
45049,SC,20,216485.2,32227.1
45051,SC,12522,288242029.79,49993069.07
45053,SC,113,1978844.04,620980.01
45055,SC,122,954970.88,17616.09
45057,SC,34,460439.19,53260.0
45059,SC,18,559573.1,3824.39
45061,SC,16,139774.05,43472.6
45063,SC,691,13191793.35,917675.0
45065,SC,2,88140.99,0.0
45067,SC,491,17956162.23,2542144.75
45069,SC,24,403108.28,15055.24
45071,SC,39,228329.01,52981.23
45073,SC,24,170274.76,9100.0
45075,SC,122,2832133.77,644822.11
45077,SC,63,1478742.88,185151.48
45079,SC,1358,53114906.12,6627956.85
45081,SC,11,26053.7,2688.9
45083,SC,157,2177503.34,409574.99
45085,SC,291,6895178.95,749834.32
45087,SC,1,34357.45,6166.05
45089,SC,118,2969536.85,386165.27
45091,SC,77,561129.8,89967.8
46003,SD,2,74396.15,20000.0
46005,SD,24,347823.53,20260.49
46009,SD,2,24184.01,0.0
46011,SD,143,1145832.73,69094.41
46013,SD,484,3058316.62,209089.37
46015,SD,7,195764.0,57092.93
46019,SD,13,13691.63,625.5
46021,SD,1,165942.06,0.0
46023,SD,11,405263.56,98996.89
46025,SD,15,191041.64,1496.35
46027,SD,13,49151.86,3801.5
46029,SD,472,5602974.3,915131.47
46031,SD,1,450.0,0.0
46033,SD,50,626564.19,18954.29
46035,SD,30,1555123.58,470789.91
46037,SD,256,3957861.33,63775.87
46043,SD,1,520.3,0.0
46045,SD,6,990.46,2278.1
46047,SD,1,25.0,0.0
46049,SD,3,5206.44,0.0
46051,SD,40,293445.99,35692.79
46053,SD,3,158753.74,8581.43
46055,SD,2,0.0,0.0
46057,SD,347,4083661.13,353519.49
46059,SD,8,109747.93,12151.08
46061,SD,10,143643.6,23284.19
46063,SD,1,0.0,0.0
46065,SD,88,658643.6,36528.48
46067,SD,14,205911.94,102790.06
46069,SD,1,0.0,0.0
46077,SD,47,611278.12,9619.05
46079,SD,291,6374965.85,1328942.38
46081,SD,38,269640.43,7092.25
46083,SD,39,1835415.52,191046.98
46085,SD,16,276730.85,116097.84
46087,SD,29,512225.08,63631.52
46089,SD,3,14910.58,0.0
46091,SD,13,149192.25,5866.64
46093,SD,23,51003.17,1778.07
46099,SD,425,7298206.7,1532215.87
46101,SD,59,729475.66,30386.86
46103,SD,135,528430.32,27152.82
46109,MN,2,34479.68,1000.0
46109,SD,49,519545.03,42025.41
46111,SD,11,43054.75,0.0
46115,SD,74,864781.33,105377.69
46117,SD,117,2268941.34,151394.24
46119,SD,5,22792.99,0.0
46121,SD,4,1937.12,0.0
46125,SD,26,910975.45,140546.26
46127,SD,443,6826448.95,685219.57
46135,SD,62,1337132.0,180603.99
46137,SD,3,3427.42,0.0
47001,TN,55,236284.53,25744.76
47003,TN,30,279342.44,52675.23
47005,TN,19,464549.31,46275.63
47009,TN,60,553831.55,702111.28
47011,TN,203,1833433.76,375188.41
47013,TN,60,647178.27,63130.59
47015,TN,48,794048.45,575454.22
47017,TN,19,420541.67,100278.9
47019,TN,287,4949042.59,300252.86
47021,TN,513,19604390.69,5631552.47
47023,TN,2,40722.12,1126.14
47025,TN,30,424260.96,55497.75
47027,TN,24,364464.67,71230.79
47029,TN,82,4804501.53,996454.17
47031,TN,26,149366.88,21696.9
47033,TN,10,407813.57,16679.64
47035,TN,4,7780.48,0.0
47037,TN,4770,151800599.98,32463262.07
47039,TN,111,1629646.42,124347.43
47041,TN,17,149337.81,11810.2
47043,TN,71,3782344.4,267188.57
47045,TN,297,6428188.1,705541.91
47047,TN,26,662275.67,69459.93
47051,TN,32,202799.13,20440.46
47053,TN,223,2383662.42,814913.34
47055,TN,30,421957.42,35263.35
47057,TN,2,24507.75,0.0
47059,TN,35,1001702.35,363497.15
47061,TN,3,15890.61,19859.22
47063,TN,26,236218.89,39079.22
47065,TN,1748,25201801.58,4864759.22
47067,TN,16,257875.09,33122.81
47069,TN,3,12312.63,0.0
47071,TN,209,3294183.95,538519.81
47073,TN,16,100766.41,7472.09
47075,TN,89,1490737.75,58499.97
47077,TN,18,461013.06,89801.81
47079,TN,30,124115.95,7445.99
47081,TN,54,3794961.21,795216.62
47083,TN,64,1474900.01,164277.04
47085,TN,235,14172672.07,1491183.45
47087,TN,18,732519.3,515948.29
47089,TN,24,227134.83,41104.76
47091,TN,51,1821106.05,405892.13
47093,TN,597,6403832.18,1469297.61
47095,TN,29,323617.83,47399.16
47097,TN,323,4018935.15,561595.66
47099,TN,35,611432.2,103648.31
47101,TN,19,437896.86,39531.66
47103,TN,49,584944.62,73730.9
47105,TN,45,436819.93,72766.84
47107,TN,40,130272.94,220649.12
47109,TN,17,760612.47,55161.05
47111,TN,20,176948.96,15887.87
47113,TN,173,2866526.91,564524.84
47115,TN,117,1087845.75,115560.31
47117,TN,50,447375.46,79246.21
47119,TN,198,2815257.94,482965.41
47121,TN,3,14515.67,3213.16
47123,TN,16,149125.52,71135.0
47125,TN,313,9874954.64,1112404.85
47129,TN,8,57633.8,319.95
47131,TN,188,3149719.06,753165.24
47133,TN,11,139898.23,19514.97
47135,TN,112,2133773.76,346660.32
47139,TN,43,538177.14,99386.79
47141,TN,34,832786.01,281088.12
47143,TN,82,1131727.17,555665.44
47145,TN,40,216384.42,287033.88
47147,TN,70,1754791.95,371188.92
47149,TN,452,5952326.61,1055311.86
47153,TN,20,132645.59,1320.62
47155,TN,349,3276890.69,837034.1
47157,TN,1014,20991816.19,3907802.05
47159,TN,283,3748515.74,1663967.86
47161,TN,17,478876.55,92848.0
47163,TN,197,1647054.5,331873.59
47165,TN,704,11516572.02,2749514.08
47167,TN,145,4238301.14,915160.18
47169,TN,26,251497.52,21171.8
47171,TN,63,879645.2,397452.48
47173,TN,9,194101.59,6767.27
47175,TN,14,343629.6,2616.1
47177,TN,28,263609.49,47658.4
47179,TN,151,4364751.74,1649404.79
47181,TN,71,1440727.27,402551.29
47183,TN,17,50113.44,23756.25
47185,TN,5,53377.24,0.0
47187,TN,1099,26766340.99,3985453.81
47189,TN,572,10228410.46,975230.13
48001,TX,19,247344.56,45644.94
48005,TX,328,4700377.93,701560.31
48007,TX,4121,50396443.64,13318887.54
48009,TX,24,726733.54,132666.05
48013,TX,36,390514.59,125386.65
48015,TX,326,11163589.02,2902725.01
48019,TX,215,4167957.37,1492716.25
48021,TX,331,8066503.63,1792825.49
48023,TX,3,14295.2,8307.24
48025,TX,90,995269.85,264199.98
48027,TX,497,11750785.73,2636840.57
48029,TX,2298,27061079.35,6558782.88
48031,TX,43,1844264.6,642828.38
48035,TX,43,1139370.67,333647.82
48037,TX,242,4188542.39,984160.61
48039,TX,21409,480228187.12,147087677.77
48041,TX,569,6719044.6,893475.02
48043,TX,12,41853.06,10318.6
48047,TX,185,905149.23,263102.09
48049,TX,533,7343185.5,2179113.42
48051,TX,62,1259177.78,235420.92
48053,TX,626,20716310.25,3836021.23
48055,TX,180,6002380.35,1322759.34
48057,TX,831,6478214.71,1533610.14
48059,TX,6,31379.83,14700.0
48061,TX,7054,146805661.95,37516740.83
48063,TX,3,6887.34,0.0
48065,TX,3,36311.15,0.0
48067,TX,30,585463.09,187808.15
48071,TX,2093,94692703.29,34027573.75
48073,TX,66,596085.44,28589.01
48075,TX,1,6100.0,1700.0
48077,TX,48,1179852.96,499820.64
48083,TX,13,115658.06,22846.47
48085,TX,356,4303237.99,898190.21
48087,TX,4,16149.75,1166.08
48089,TX,83,3788916.67,628839.56
48091,TX,1218,46138357.52,14257045.06
48093,TX,12,51379.87,22115.56
48095,TX,1,16344.57,10000.0
48097,TX,370,8739055.32,1710521.12
48099,TX,72,1065426.38,45617.15
48105,TX,1,11661.63,0.0
48107,TX,1,30244.66,2274.29
48109,TX,1,63111.62,0.0
48111,TX,3,884.33,0.0
48113,TX,3427,53416537.03,14507902.4
48115,TX,10,124242.93,18360.0
48117,TX,10,33017.95,0.0
48119,TX,1,2840.52,0.0
48121,TX,556,9041421.63,1371621.93
48123,TX,227,4563375.49,1246407.54
48127,TX,10,347226.53,126919.17
48129,TX,7,7175.1,0.0
48131,TX,17,251534.83,47621.99
48133,TX,171,4094090.47,986058.44
48135,TX,184,2268739.07,97376.61
48139,TX,157,4596967.53,1376346.0
48141,TX,779,5836044.16,517595.94
48143,TX,21,584386.83,85263.11
48145,TX,9,171656.11,6028.87
48147,TX,60,1393505.57,342066.79
48149,TX,133,7075182.43,1259962.51
48151,TX,8,57885.06,8704.53
48157,TX,7385,343778011.66,105939974.59
48159,TX,13,271360.88,54906.5
48161,TX,17,463187.29,124206.94
48163,TX,6,49663.4,7196.13
48165,TX,10,50554.89,7198.38
48167,TX,60611,1898791762.5,549987946.94
48169,TX,1,11852.99,0.0
48171,TX,13,87102.32,3883.0
48175,TX,16,351683.33,72020.92
48177,TX,219,5099437.17,1296255.3
48179,TX,3,5050.64,0.0
48181,TX,743,15837632.56,2396554.0
48183,TX,239,3411039.13,578913.58
48185,TX,89,1234332.97,155580.71
48187,TX,2455,83738421.92,23975929.44
48189,TX,13,33838.14,515.0
48191,TX,2,1760.66,1000.0
48193,TX,2,5523.1,0.0
48195,TX,1,966.2,0.0
48199,TX,2388,140282308.68,50023814.03
48201,TX,170766,6802812122.87,1937028460.5
48203,TX,257,4572504.45,863522.31
48205,TX,1,3534.58,0.0
48207,TX,176,1870318.91,440144.96
48209,TX,1489,58339577.43,13082753.27
48213,TX,84,1576669.63,1334607.81
48215,TX,4379,93642573.5,23717735.96
48217,TX,31,375345.32,87233.16
48219,TX,15,131533.21,0.0
48221,TX,179,3148247.49,414217.58
48223,TX,36,258153.31,46039.48
48225,TX,28,314377.85,68392.43
48227,TX,30,447971.95,31791.31
48229,TX,1,245314.1,0.0
48231,TX,62,1334525.69,291911.4
48233,TX,2,11615.26,2900.0
48235,TX,2,13409.54,0.0
48237,TX,6,228827.3,55660.07
48239,TX,232,2874859.17,506771.07
48241,TX,228,5669661.55,1864313.56
48245,TX,22637,877253735.46,308178504.47
48247,TX,11,37014.58,41.2
48249,TX,187,1410850.94,217344.21
48251,TX,332,3857647.34,1055870.31
48253,TX,119,3121441.8,821273.76
48255,TX,15,101962.93,2692.6
48257,TX,77,1638673.33,428390.51
48259,TX,227,2707491.89,677508.45
48261,TX,1,56217.19,3111.3
48265,TX,308,16531750.51,2986079.42
48267,TX,18,298040.98,91369.13
48271,TX,6,136487.9,22292.85
48273,TX,279,1726300.88,432345.31
48277,TX,130,1945288.24,200670.89
48279,TX,1,0.0,0.0
48281,TX,43,616562.97,138401.24
48283,TX,18,63676.55,5676.47
48285,TX,115,798067.65,698827.49
48287,TX,25,553457.5,94545.05
48289,TX,8,101297.18,28460.67
48291,TX,3304,84117653.77,24976875.03
48293,TX,291,3715976.44,869961.73
48295,TX,6,187844.7,50000.0
48297,TX,56,714240.99,213800.02
48299,TX,692,17896022.78,1999083.85
48303,TX,346,2588364.95,147951.04
48305,TX,1,21527.42,199.62
48307,TX,1,16990.15,2000.0
48309,TX,354,4256136.86,893561.82
48311,TX,2,642.05,0.0
48313,TX,26,416716.37,35182.05
48315,TX,46,585089.91,104454.82
48317,TX,1,196.0,194.25
48319,TX,5,99062.45,20000.0
48321,TX,2137,19127373.29,5282618.19
48323,TX,161,4411517.84,1030245.91
48325,TX,146,2930434.14,712059.91
48327,TX,36,230206.93,59939.95
48329,TX,145,1404759.11,173110.81
48331,TX,15,170563.67,29760.05
48335,TX,6,39206.99,13692.75
48337,TX,77,1200028.5,257504.08
48339,TX,13008,498261042.99,133084406.3
48343,TX,5,26907.36,0.0
48347,TX,241,3701820.71,392222.06
48349,TX,108,2310235.42,276996.96
48351,TX,552,21835212.04,5886934.44
48353,TX,56,1031259.3,80567.78
48355,TX,8655,147651595.56,38720247.86
48361,TX,12854,740779828.8,301559519.8
48363,TX,97,1192860.52,201631.7
48365,TX,7,40764.46,26401.9
48367,TX,277,3451855.63,1023763.45
48373,TX,346,7893111.23,2154882.58
48375,TX,387,4106075.87,1326565.93
48377,TX,3,24032.27,0.0
48379,TX,8,203862.17,51022.81
48381,TX,328,2742253.46,571381.53
48385,TX,59,587854.84,84856.94
48389,TX,2,1019.89,0.0
48391,TX,122,1453524.95,440386.89
48395,TX,53,1290821.86,161858.62
48397,TX,59,1313019.13,99647.65
48399,TX,6,114194.23,26042.92
48401,TX,62,350295.58,32258.56
48403,TX,5,24092.82,1546.26
48405,TX,6,82282.9,0.0
48407,TX,491,7903825.51,2271834.91
48409,TX,1978,15149679.32,4592916.72
48411,TX,28,1079373.67,189391.23
48413,TX,1,0.0,0.0
48415,TX,6,7234.79,6871.21
48417,TX,23,108835.27,5289.33
48419,TX,6,99026.32,0.0
48423,TX,311,3677401.32,1018869.19
48425,TX,33,418645.29,199762.21
48427,TX,82,1427659.17,410225.95
48429,TX,68,661137.22,235006.27
48433,TX,1,3752.85,2199.45
48435,TX,29,803228.96,91135.92
48437,TX,1,8312.77,750.85
48439,TX,3555,47901598.41,13181337.64
48441,TX,935,13839504.54,1785299.78
48443,TX,3,2511.21,2647.84
48445,TX,13,73508.39,10935.36
48447,TX,3,132204.8,26346.99
48449,TX,6,248693.65,185.52
48451,TX,206,5807367.73,514878.55
48453,TX,4412,95144248.8,19247175.16
48455,TX,140,1921978.54,590032.93
48457,TX,187,3042722.45,860363.42
48459,TX,8,177527.66,3384.62
48463,TX,93,2374634.75,616746.37
48465,TX,156,3009048.1,472765.43
48467,TX,35,1146697.52,71539.69
48469,TX,744,9219558.16,1983741.38
48471,TX,391,12872663.38,2624183.27
48473,TX,877,34726576.71,9143267.47
48477,TX,71,1373723.24,294488.22
48479,TX,268,6235816.0,549353.69
48481,TX,1165,44346067.67,7123312.93
48483,TX,1,29964.44,0.0
48485,TX,1295,15217593.08,4597873.47
48487,TX,10,150939.63,35974.67
48489,TX,522,4207363.52,935395.74
48491,TX,736,17769049.47,3928186.57
48493,TX,71,1667604.92,351801.18
48497,TX,94,1827321.53,629336.28
48499,TX,11,139602.16,14931.35
48501,TX,14,65807.76,6824.71
48503,TX,84,431724.94,66270.66
48505,TX,7,89137.31,8501.63
48507,TX,39,339616.7,85591.53
49001,UT,1,2083.64,1363.3
49003,UT,18,213304.29,79045.32
49005,UT,42,131258.35,818.38
49007,UT,8,292500.19,39988.49
49011,UT,185,1008694.08,56416.09
49013,UT,6,9196.34,0.0
49015,UT,4,12158.57,0.0
49017,UT,1,7178.98,0.0
49019,UT,8,146466.08,0.0
49021,UT,23,172506.6,21768.43
49023,UT,6,0.0,0.0
49025,UT,8,81016.71,896.45
49027,UT,48,565366.1,209128.4
49029,UT,9,9654.32,1233.08
49031,UT,1,3372.82,299.12
49033,UT,1,2841.72,0.0
49035,UT,403,1409018.85,300110.42
49039,UT,12,41175.6,0.0
49041,UT,15,29830.78,5672.94
49043,UT,46,151817.8,9839.75
49045,UT,7,56269.15,6204.68
49047,UT,14,67592.89,12863.0
49049,UT,105,440394.72,64548.61
49051,UT,12,35782.6,3764.8
49053,UT,62,1135396.78,58762.28
49055,UT,2,0.0,0.0
49057,UT,86,285918.49,14435.18
50001,VT,99,1417820.72,112588.88
50003,VT,112,1415827.81,117301.89
50005,VT,270,4321746.32,1749327.86
50007,VT,255,3549189.38,412738.84
50009,VT,13,194939.31,154706.48
50011,VT,177,2305690.93,136045.72
50013,VT,59,719502.79,69676.28
50015,VT,174,4978239.03,666199.41
50017,VT,83,1811584.06,62258.42
50019,VT,102,1914488.97,674767.69
50021,VT,283,4622126.39,173261.85
50023,VT,1234,43729987.39,6024345.84
50025,VT,311,9884703.47,991238.99
50027,VT,511,22677587.32,2088674.84
51001,VA,1113,10728026.97,1242932.79
51003,VA,123,717609.32,592504.87
51005,VA,213,2041849.98,828760.04
51007,VA,7,83211.24,39824.23
51009,VA,53,402469.78,353984.42
51011,VA,9,213335.05,42800.81
51013,VA,215,1503713.57,113814.15
51015,VA,183,2437394.84,565418.25
51017,VA,16,106979.67,37072.91
51019,VA,26,182455.28,33738.88
51021,VA,50,770784.8,179661.42
51023,VA,239,2435169.76,1301967.59
51025,VA,12,29026.74,5681.26
51027,VA,359,3408349.58,1144257.71
51029,VA,8,52117.68,5901.17
51031,VA,30,370202.02,44769.37
51033,VA,8,24355.81,17871.18
51035,VA,21,210636.0,28849.31
51036,VA,9,47523.1,13408.96
51037,VA,2,299.39,1410.09
51041,VA,263,3201408.69,284424.65
51043,VA,34,401476.11,139166.53
51045,VA,94,925987.3,320458.21
51047,VA,43,612066.28,109830.79
51049,VA,11,265340.73,36374.51
51051,VA,118,360516.46,153082.74
51053,VA,8,55414.12,30036.62
51057,VA,241,4305160.59,951494.64
51059,VA,1486,15079836.49,1322202.26
51061,VA,31,119392.66,55978.48
51063,VA,19,582227.52,112855.53
51065,VA,23,163023.75,113592.6
51067,VA,45,322375.01,324397.36
51069,VA,57,307184.44,245178.86
51071,VA,88,1475172.09,258263.59
51073,VA,1378,24637853.15,3486246.41
51075,VA,18,146599.05,10096.04
51077,VA,6,11311.6,91.0
51079,VA,28,219200.41,11624.76
51081,VA,5,44559.78,5000.0
51083,VA,186,1965557.87,372746.35
51085,VA,39,542020.37,54371.81
51087,VA,356,3555553.53,647227.52
51089,VA,148,1856192.67,634650.91
51091,VA,6,50515.95,4473.13
51093,VA,183,3668157.71,1497736.45
51095,VA,370,5529776.55,704259.57
51097,VA,22,533289.46,81395.37
51099,VA,16,87438.21,3938.64
51101,VA,89,1902602.37,314016.61
51103,VA,396,5055923.9,618110.07
51105,VA,49,438365.1,294798.57
51107,VA,168,1510716.95,505657.45
51109,VA,4,36039.85,437.5
51113,VA,19,114188.57,13937.37
51115,VA,1162,16663861.12,2156254.28
51117,VA,8,32746.33,39651.09
51119,VA,234,2578828.6,376318.33
51121,VA,181,2661126.62,556447.77
51125,VA,31,189751.5,48215.75
51127,VA,36,461523.57,106020.55
51131,VA,98,1018333.47,82482.85
51133,VA,385,5533129.51,949658.18
51135,VA,1,2599.24,0.0
51137,VA,20,238970.99,40075.88
51139,VA,188,2975115.91,615765.08
51141,VA,45,500330.74,559752.11
51143,VA,26,339117.0,91545.9
51145,VA,1,4867.3,0.0
51147,VA,40,341948.17,118630.03
51149,VA,35,260366.52,57857.75
51153,VA,483,4343054.6,1302610.52
51155,VA,99,2346594.03,264114.2
51157,VA,9,16159.83,625.89
51159,VA,56,956558.0,306759.63
51161,VA,583,5270567.81,1331627.41
51163,VA,313,3803484.65,1327308.22
51165,VA,282,3449112.85,1017006.74
51167,VA,52,410227.81,30709.95
51169,VA,36,222999.72,171716.38
51171,VA,205,4282302.56,1393962.69
51173,VA,160,1101674.43,99550.19
51175,VA,91,2504246.64,847985.5
51177,VA,54,158395.11,4339.93
51179,VA,164,1172488.43,185067.3
51181,VA,70,2035290.52,398955.75
51183,VA,34,125346.45,18182.21
51185,VA,480,6474415.12,1154009.85
51187,VA,370,5353876.79,1424478.96
51191,VA,80,1444138.94,226204.81
51193,VA,230,5125876.49,1220819.34
51195,VA,348,2092906.41,592204.31
51197,VA,31,319177.76,67645.38
51199,VA,1569,27763381.1,4435436.7
51510,VA,403,5713917.6,1480720.5
51520,VA,24,114445.64,13298.73
51530,VA,276,1987303.64,2005850.21
51540,VA,44,255697.18,31623.58
51550,VA,2634,23935270.43,3007641.18
51570,VA,79,1160795.19,45585.86
51580,VA,206,1540594.39,376066.97
51590,VA,164,4158286.98,797601.36
51595,VA,18,24515.16,9854.39
51600,VA,53,823502.56,116163.64
51610,VA,74,447216.56,24507.42
51620,VA,106,3942047.76,1037560.39
51630,VA,44,253745.01,5362.8
51640,VA,2,1247.8,1979.21
51650,VA,5774,64430547.47,7484326.32
51660,VA,55,546851.85,214868.13
51670,VA,18,143320.82,27415.85
51678,VA,34,246870.89,6513.0
51680,VA,151,2074128.05,2002053.03
51683,VA,25,97895.43,21476.55
51685,VA,5,5790.09,3355.18
51700,VA,1064,22079263.1,1709676.51
51710,VA,6007,62894605.18,5212328.0
51720,VA,46,247228.37,55999.05
51730,VA,128,1825990.37,174042.05
51735,VA,4290,57648514.25,7167368.67
51740,VA,1737,18376107.92,1403815.07
51750,VA,6,459025.51,33944.15
51760,VA,547,6848739.33,5000521.4
51770,VA,1184,13030781.84,7144671.84
51775,VA,812,16842964.79,2007771.67
51790,VA,57,781588.47,4525.7
51800,VA,234,3839877.19,1351073.15
51810,VA,6253,89815429.59,13241395.35
51820,VA,367,3710277.19,2280108.28
51830,VA,18,82195.66,2234.39
51840,VA,17,98726.68,1874.09
53001,WA,8,9900.86,0.0
53003,WA,4,48176.89,6302.72
53005,WA,108,1162812.84,284580.75
53007,WA,182,1944600.79,261784.95
53009,WA,101,1111538.73,84431.25
53011,WA,161,1983192.47,319762.88
53013,WA,51,213087.28,5954.28
53015,WA,681,11996320.9,2722627.89
53017,WA,4,50029.18,0.0
53019,WA,4,53739.9,0.0
53021,WA,1,0.0,0.0
53023,WA,2,94.98,0.0
53025,WA,17,78690.16,2128.98
53027,WA,921,12064225.26,1432720.85
53029,WA,279,3768542.7,245533.09
53031,WA,53,560833.03,62192.12
53033,WA,3366,54248101.77,7813771.27
53035,WA,228,3779942.62,380011.66
53037,WA,251,2740421.22,322344.01
53039,WA,20,269832.32,16168.48
53041,WA,2099,65560902.62,14516730.13
53043,WA,12,38767.89,0.0
53045,WA,305,5400107.44,696686.45
53047,WA,89,441871.09,36904.51
53049,WA,216,3748535.65,306702.67
53051,WA,99,1476235.57,77729.87
53053,WA,1099,22319234.53,2609876.19
53055,WA,9,129506.26,10936.08
53057,WA,1285,18306707.04,1811113.94
53059,WA,15,311947.68,21989.21
53061,WA,1957,30526505.92,5205994.9
53063,WA,62,1162964.11,605671.11
53065,WA,15,43424.44,18001.06
53067,WA,387,5309174.73,1029729.55
53069,WA,93,1480798.11,248102.72
53071,WA,96,1612376.22,171852.32
53073,WA,1196,44114032.23,3453014.28
53075,WA,58,540935.65,119717.23
53077,WA,320,2339164.28,421043.9
54001,WV,373,2457872.05,1013455.24
54003,WV,310,3903629.77,951266.04
54005,WV,469,2780631.49,808293.0
54007,WV,40,428477.73,80661.45
54009,WV,488,5664827.98,691091.73
54011,WV,806,9660084.93,1692746.39
54013,WV,264,1721232.82,640463.76
54015,WV,76,1458924.49,185340.98
54017,WV,52,303832.19,172898.06
54019,WV,295,2706587.19,386236.91
54021,WV,455,3199770.16,2004899.51
54023,WV,155,1992353.24,903198.64
54025,WV,943,20287394.39,5271862.66
54027,WV,261,3351162.17,846332.97
54029,WV,365,3265076.18,679622.87
54031,WV,188,2378545.14,1068539.71
54033,WV,773,3779315.55,1828090.05
54035,WV,311,3042886.17,1431697.56
54037,WV,143,1457087.49,295614.2
54039,WV,2445,36278533.48,6554820.46
54041,WV,287,1509779.78,509113.42
54043,WV,344,3109905.52,1156679.74
54045,WV,2143,16457133.13,14022019.86
54047,WV,1049,7500279.98,2171136.39
54049,WV,371,3167407.52,2676712.43
54051,WV,541,3604751.73,677520.84
54053,WV,140,893856.18,181754.35
54055,WV,436,3968380.7,1253876.88
54057,WV,192,1213223.13,199383.49
54059,WV,1675,19121707.23,10998789.11
54061,WV,361,2304031.01,858809.25
54063,WV,89,1360121.82,339933.79
54065,WV,204,2588773.16,529695.64
54067,WV,216,6431252.75,2283733.54
54069,WV,3120,28679154.96,4991390.78
54071,WV,67,397381.81,45097.03
54073,WV,43,457208.78,78693.1
54075,WV,706,9210515.63,5932933.18
54077,WV,99,730856.54,94383.8
54079,WV,289,2738443.85,557101.54
54081,WV,474,3370408.81,1137730.3
54083,WV,536,3706885.84,1009104.64
54085,WV,65,353599.37,87201.41
54087,WV,189,2580765.12,679624.48
54089,WV,312,4625432.42,1061477.09
54091,WV,50,506784.04,230679.01
54093,WV,367,3456718.71,3644061.26
54095,WV,59,327978.43,50328.48
54097,WV,382,2156823.5,539375.84
54099,WV,469,3217012.43,1094352.48
54101,WV,199,1937041.84,487239.22
54103,WV,498,5804993.79,485410.95
54105,WV,67,445870.71,89137.03
54107,WV,947,10949171.85,2295188.65
54109,WV,923,10837695.64,3019085.9
55001,WI,32,86482.28,3182.5
55003,WI,11,483189.73,6069.43
55005,WI,10,114147.3,1990.4
55007,WI,16,130979.92,6039.04
55009,WI,366,1854244.74,117229.17
55011,WI,29,277177.62,25435.04
55013,WI,36,265818.5,12620.6
55015,WI,24,61949.23,0.0
55017,WI,46,248681.53,88065.86
55019,WI,35,391295.34,212191.15
55021,WI,173,1976154.66,177825.54
55023,WI,235,4123357.73,362403.86
55025,WI,333,7109216.95,1157760.6
55027,WI,46,191699.43,12845.17
55029,WI,64,544933.54,22569.56
55031,WI,21,552071.4,154761.67
55033,WI,9,51416.45,1100.0
55035,WI,58,435091.32,68673.99
55037,WI,1,4848.7,0.0
55039,WI,523,6979668.72,352142.11
55041,WI,3,32326.32,932.52
55043,WI,85,579482.12,29046.29
55045,WI,36,263888.77,28107.95
55047,WI,53,400671.61,40045.1
55049,WI,24,201661.25,14004.13
55051,WI,2,10347.23,0.0
55053,WI,29,378952.89,65487.23
55055,WI,499,9571487.86,1332609.78
55057,WI,114,2564228.06,1630541.59
55059,WI,321,4348882.92,451624.07
55061,WI,20,83951.31,50558.65
55063,WI,215,1192556.49,31639.1
55065,WI,61,369213.07,193385.05
55067,WI,17,51951.42,1417.02
55069,WI,3,16928.78,0.0
55071,WI,34,432716.56,35473.38
55073,WI,68,328486.42,28551.47
55075,WI,20,166806.49,27182.38
55077,WI,33,404052.97,27800.03
55079,WI,2423,23495002.68,4225987.83
55081,WI,97,1138887.42,177205.24
55083,WI,132,868773.16,83022.74
55085,WI,4,14772.91,0.0
55087,WI,51,276695.42,148128.31
55089,WI,348,3567009.85,299714.9
55091,WI,75,557681.5,101654.28
55093,WI,126,2226970.71,584696.69
55095,WI,15,103002.08,1728.9
55097,WI,21,131894.51,20694.12
55099,WI,6,89746.44,6812.5
55101,WI,176,2359435.49,213732.93
55103,WI,95,1071624.86,109764.74
55105,WI,295,3751038.51,251636.46
55107,WI,10,65179.62,224878.02
55109,WI,74,1428308.09,88028.24
55111,WI,197,5657021.68,1172260.02
55113,WI,8,68507.51,663.9
55115,WI,10,103898.49,8645.43
55117,WI,52,467471.87,84007.66
55121,WI,141,1640787.97,958446.82
55123,WI,178,3598939.38,544117.54
55127,WI,42,500983.19,50067.83
55129,WI,24,837380.63,2976.57
55131,WI,75,1096733.25,73810.31
55133,WI,455,6922706.98,1604537.74
55135,WI,75,237431.81,3015.46
55137,WI,24,219612.83,5848.59
55139,WI,189,3089965.7,304254.23
55141,WI,48,655606.96,71319.55
56001,WY,16,94690.17,27079.67
56003,WY,9,177055.72,70565.2
56005,WY,22,26402.92,11685.93
56007,WY,34,101800.53,14795.45
56009,WY,13,97222.22,15389.5
56013,WY,17,41897.17,8045.08
56015,WY,12,49859.88,1205.82
56017,WY,1,0.0,0.0
56019,WY,6,21905.1,0.0
56021,WY,192,775351.99,194565.53
56023,WY,11,64482.7,1085.52
56025,WY,57,233099.2,14335.42
56027,WY,1,569.76,0.0
56029,WY,19,348688.46,778.44
56031,WY,1,0.0,0.0
56033,WY,74,243567.86,49262.01
56035,WY,7,0.0,0.0
56037,WY,22,397176.24,503908.83
56039,WY,24,116610.72,626.4
56041,WY,6,10050.93,81.64
56043,WY,5,0.0,0.0
56045,WY,1,1173.6,0.0
60010,AS,8,4283.72,459.65
66010,GU,177,1910455.14,441773.56
72001,PR,11,52909.37,34263.75
72003,PR,32,354457.29,102352.27
72011,PR,98,628997.05,119724.79
72013,PR,994,5290797.1,6183431.28
72021,PR,522,1640124.19,1827343.4
72027,PR,7,9992.4,16290.38
72031,PR,1064,3212732.37,1059570.4
72043,PR,28,34633.32,17603.2
72049,PR,2,31314.3,6165.35
72053,PR,474,643120.22,924694.6
72055,PR,120,151370.76,158136.74
72057,PR,211,783678.41,568964.4
72059,PR,229,577254.64,1353310.81
72061,PR,244,1425396.76,1339696.22
72069,PR,1056,1745578.96,2140051.68
72079,PR,27,71663.97,35063.56
72085,PR,32,55302.11,42904.14
72087,PR,467,771247.25,419997.27
72091,PR,80,182323.89,134897.46
72095,PR,91,43704.97,44744.85
72109,PR,128,425993.88,178037.9
72113,PR,608,1473094.75,1583477.09
72137,PR,2038,7462880.84,10445991.14
72153,PR,129,433963.0,1072342.86
78010,VI,1873,21836950.12,13582622.21
78020,VI,29,512752.89,133660.63
78030,VI,1384,12765921.81,24271786.0
,AK,30,164102.7,15416.58
,AL,805,4488026.09,1251791.96
,AR,196,2433845.43,555204.97
,AS,20,51523.14,17227.85
,AZ,78,826634.14,178518.64
,CA,285,2348540.51,478994.12
,CO,239,666442.99,164101.33
,CT,181,2322501.91,178250.5
,DE,81,450426.28,540558.17
,FL,1423,11783347.99,2695634.74
,GA,57,291589.81,46044.4
,GU,11,46614.4,22920.0
,HI,100,618756.29,109292.32
,IA,109,1161836.45,246326.53
,ID,26,114098.38,19597.36
,IL,1725,9315301.12,2237769.69
,IN,232,911792.92,218443.49
,KS,87,376920.26,55746.27
,KY,565,3887794.02,2776948.6
,LA,4472,28207908.75,9144217.98
,MA,304,2483001.64,434559.01
,MD,4577,734767.24,485841.43
,ME,140,995451.25,110380.63
,MI,164,641739.58,173406.11
,MN,178,1336855.19,464332.57
,MO,2220,17078214.08,4553320.16
,MP,5,10323.3,3224.0
,MS,1676,8878093.09,2199182.4
,MT,57,154215.14,12668.96
,NC,863,7763325.27,1303407.93
,ND,247,1500751.3,202373.36
,NE,353,1508188.49,422705.13
,NH,28,49566.31,20777.74
,NJ,560,6895166.92,2519906.06
,NM,10,50548.08,0.0
,NV,21,112176.25,13910.15
,NY,869,6694511.84,1399974.62
,OH,208,1105310.32,299078.76
,OK,123,1724755.2,745967.74
,OR,102,461076.31,56104.52
,PA,1277,6596040.82,2947982.43
,PR,16706,48769936.74,55489670.7
,RI,68,288564.81,129320.08
,SC,325,2716066.76,440424.51
,SD,60,194050.6,18620.59
,TN,86,349433.24,70212.17
,TX,2109,15649808.7,4938506.36
,UN,16458,60542819.82,21317078.74
,UT,75,892626.6,170515.22
,VA,575,6105827.15,2297803.33
,VI,229,5124832.66,1400375.59
,VT,45,1114104.1,2701.75
,WA,149,1212794.53,163485.91
,WI,126,959129.78,349519.73
,WV,708,6193157.62,2064204.73
,WY,13,60006.76,19579.37
