Utility ID,Utility Name,Plant Code,Plant Name,Street Address,City,State,Zip,County,Latitude,Longitude,NERC Region,Balancing Authority Code,Balancing Authority Name,Name of Water Source,Primary Purpose (NAICS Code),Regulatory Status,Sector,Sector Name,FERC Cogeneration Status,FERC Cogeneration Docket Number,FERC Small Power Producer Status,FERC Small Power Producer Docket Number,FERC Exempt Wholesale Generator Status,FERC Exempt Wholesale Generator Docket Number,Ash Impoundment?,Ash Impoundment Lined?,Ash Impoundment Status,Transmission or Distribution System Owner,Transmission or Distribution System Owner ID,Transmission or Distribution System Owner State,Grid Voltage (kV),Grid Voltage 2 (kV),Grid Voltage 3 (kV),Energy Storage,Natural Gas LDC Name,Natural Gas Pipeline Name 1,Natural Gas Pipeline Name 2,Natural Gas Pipeline Name 3,Pipeline Notes,Natural Gas Storage,Liquefied Natural Gas Storage
18642,Tennessee Valley Authority,46,Browns Ferry,Shaw Rd. PO Box 2000,Decatur,AL,35609,Limestone,34.7042,-87.1189,SERC,TVA,Tennessee Valley Authority,Tennessee River,22,RE,1,Electric Utility,N,,N,,N,,,X,,Tennessee Valley Authority,18642,AL,500, , ,N,,,,,,N,
55951,Constellation Nuclear,204,Clinton Power Station,Rt. 54 West,Clinton,IL,61727,DeWitt,40.1719,-88.8339,SERC,MISO,"Midcontinent Independent Transmission System Operator, Inc..",Salt Creek,22,NR,2,IPP Non-CHP,N,,N,,N,,N,X,,Ameren Illinois Company,56697,IL,345, , ,N,,,,,,N,X
20893,Wolf Creek Nuclear Optg Corp,210,Wolf Creek Generating Station,1550 Oxen Lane N.E.,Burlington,KS,66839,Coffey,38.23926,-95.68978,MRO,SWPP,Southwest Power Pool,Wolf Creek Cooling Lake,22,RE,1,Electric Utility,N,,N,,N,,N,X,,Kansas Gas & Electric Co,10005,KS,345, , ,N,,,,,,,
20160,Energy Northwest,371,Columbia Generating Station,76 N Power Plant Loop,Richland,WA,99352,Benton,46.4711,-119.3339,WECC,BPAT,Bonneville Power Administration,Columbia River,22,RE,1,Electric Utility,N,,N,,N,,N,X,,Bonneville Power Administration,1738,WA,500, , ,N,,,,,,X,X
5221,Dominion Energy Nuclear Conn Inc,566,Millstone,314 Rope Ferry Road,Waterford,CT,6385,New London,41.3107,-72.1677,NPCC,ISNE,ISO New England Inc.,Long Island Sound,22,NR,2,IPP Non-CHP,N,,N,,N,,N,X,,NSTAR Electric Company,54913,MA,345, , ,N,,,,,,X,X
6452,Florida Power & Light Co,621,Turkey Point,9700 SW 344th Street,Homestead,FL,33035,Miami Dade,25.4356,-80.3308,SERC,FPL,Florida Power & Light Company,Biscayne Bay,22,RE,1,Electric Utility,N,,N,,N,,,X,,Florida Power & Light Co,6452,FL,230, , ,N,,FLORIDA GAS TRANSMISSION COMPANY,,,,N,
7140,Georgia Power Co,649,Vogtle,7821 River Road,Waynesboro,GA,30830,Burke,33.1427,-81.7625,SERC,SOCO,"Southern Company Services, Inc. - Trans",Savannah River,22,RE,1,Electric Utility,N,,N,,N,,N,X,,Georgia Power Co,7140,GA,500, , ,N,,,,,,X,X
55951,Constellation Nuclear,869,Dresden Generating Station,12RR1 Morris,Morris,IL,60450,Grundy,41.39,-88.27,RFC,PJM,"PJM Interconnection, LLC",Kankakee River,22,NR,2,IPP Non-CHP,N,,N,,N,,N,X,,Commonwealth Edison Co,4110,IL,345, , ,N,,,,,,N,X
55951,Constellation Nuclear,880,Quad Cities Generating Station,22710 206 Ave N,Cordova,IL,61242,Rock Island,41.726111,-90.310278,RFC,PJM,"PJM Interconnection, LLC",Mississippi River,22,NR,2,IPP Non-CHP,N,,N,,N,,N,X,,Commonwealth Edison Co,4110,IL,345, , ,N,,,,,,N,X
66469,"Holtec Palisades, LLC",1715,Palisades,27780 Blue Star Memorial Hwy.,Covert,MI,49043,Van Buren,42.323,-86.3146,REC,MISO,"Midcontinent Independent Transmission System Operator, Inc..",Lake Michigan,22,NR,2,IPP Non-CHP,N,,N,,Y,"06-155-000, 06-1410-000, 06-1411-000",N,X,,ITC Transmission,56068,MI,345, , ,N,,,,,,N,N
5109,DTE Electric Company,1729,Fermi,6400 N Dixie Hwy,Frenchtown Twp,MI,48166,Monroe,41.9631,-83.2581,RFC,MISO,"Midcontinent Independent Transmission System Operator, Inc..",Lake Erie,22,RE,1,Electric Utility,N,,N,,N,,N,X,,ITC Transmission,56068,MI,345, , ,N,,,,,,N,X
13781,Northern States Power Co - Minnesota,1922,Monticello Nuclear Facility,2807 W. County Rd 75,Monticello,MN,55362,Wright,45.3338,-93.8493,MRO,MISO,"Midcontinent Independent Transmission System Operator, Inc..",Mississippi River,22,RE,1,Electric Utility,N,,N,,N,,N,X,,Northern States Power Co - Minnesota,13781,MN,345, , ,N,,,,,,N,N
13781,Northern States Power Co - Minnesota,1925,Prairie Island,1717 Wakonade Dr. East,Welch,MN,55066,Goodhue,44.622,-92.6333,MRO,MISO,"Midcontinent Independent Transmission System Operator, Inc..",Mississippi River,22,RE,1,Electric Utility,N,,N,,N,,N,X,,Northern States Power Co - Minnesota,13781,MN,345, , ,N,,,,,,N,N
15478,PSEG Nuclear LLC,2410,PSEG Salem Generating Station,P O Box 236 End of Buttonwood,Hancocks Bridge,NJ,8038,Salem,39.4625,-75.5358,RFC,PJM,"PJM Interconnection, LLC",Delaware River,22,NR,2,IPP Non-CHP,N,,N,,Y,00-002-000,N,X,,Public Service Elec & Gas Co,15477,NJ,500, , ,N,,,,,,,
55951,Constellation Nuclear,2589,Nine Mile Point Nuclear Station,PO Box 63,Lycoming,NY,13093,Oswego,43.5211,-76.41,NPCC,NYIS,New York Independent System Operator,Lake Ontario,22,NR,2,IPP Non-CHP,N,,N,,Y,02-14-000,N,X,,Niagara Mohawk Power Corp.,13573,NY,345, , ,N,,,,,,N,X
55951,Constellation Nuclear,3166,Peach Bottom,1840 Lay Road,Delta,PA,17314,York,39.758936,-76.268742,RFC,PJM,"PJM Interconnection, LLC",Susquehanna River,22,NR,2,IPP Non-CHP,N,,N,,N,,N,X,,PECO Energy Co,14940,PA,500, , ,N,,,,,,N,X
3046,Duke Energy Progress - (NC),3251,H B Robinson,3581 West Entrance Road,Hartsville,SC,29550,Darlington,34.4017,-80.1589,SERC,CPLE,Duke Energy Progress East,Lake Robinson,22,RE,1,Electric Utility,N,,N,,N,,N,X,,Duke Energy Progress - (NC),3046,SC,230, , ,N,,CAROLINA GAS TRANSMISSION CORP,,,,X,X
5416,"Duke Energy Carolinas, LLC",3265,Oconee,7800 Rochester Hwy,Seneca,SC,29672,Oconee,34.7939,-82.8986,SERC,DUK,Duke Energy Carolinas,Keowee River,22,RE,1,Electric Utility,N,,N,,N,,N,X,,"Duke Energy Carolinas, LLC",5416,SC,500, , ,N,,,,,,X,X
19876,Virginia Electric & Power Co,3806,Surry,5570 Hog Island Road,Surry,VA,23883,Surry,37.1661,-76.6986,SERC,PJM,"PJM Interconnection, LLC",James River,22,RE,1,Electric Utility,N,,N,,N,,N,X,,Virginia Electric & Power Co,19876,VA,500, , ,N,,,,,,,
55906,NextEra Energy Point Beach LLC,4046,Point Beach Nuclear Plant,6610 Nuclear Road,Two Rivers,WI,54241,Manitowoc,44.2806,-87.5369,RFC,MISO,"Midcontinent Independent Transmission System Operator, Inc..",Lake Michigan,22,NR,2,IPP Non-CHP,N,,N,,N,,N,X,,American Transmission Co,659,WI,345, , ,N,,,,,,X,X
11241,Entergy Louisiana LLC,4270,Waterford 3,17265 River Road Hwy 18,Killona,LA,70057,St Charles,29.995267,-90.471581,SERC,MISO,"Midcontinent Independent Transmission System Operator, Inc..",Mississippi River,22,RE,1,Electric Utility,N,,N,,N,,N,X,,Entergy Louisiana LLC,11241,LA,230, , ,N,,,,,,,
9324,Indiana Michigan Power Co,6000,Donald C Cook,Red Arrow Highway,Bridgman,MI,49106,Berrien,41.975604,-86.565206,RFC,PJM,"PJM Interconnection, LLC",Lake Michigan,22,RE,1,Electric Utility,N,,N,,N,,N,X,,Indiana Michigan Power Co,9324,MI,345,765, ,N,,,,,,N,X
195,Alabama Power Co,6001,Joseph M Farley,7388 North State Highway 95,Columbia,AL,36319,Houston,31.2231,-85.1116,SERC,SOCO,"Southern Company Services, Inc. - Trans",Chattahoochee River,22,RE,1,Electric Utility,N,,N,,N,,N,X,,Alabama Power Co,195,AL,500, , ,N,,,,,,,
803,Arizona Public Service Co,6008,Palo Verde,Wintersburg Road,Wintersburg,AZ,85036,Maricopa,33.3881,-112.8617,WECC,SRP,Salt River Project,Phoenix Area Sewage Effluent,22,RE,1,Electric Utility,N,,N,,N,,N,X,,Salt River Project,16572,AZ,500, , ,N,,,,,,,
55951,Constellation Nuclear,6011,Calvert Cliffs Nuclear Power Plant,1650 Calvert Cliffs Parkway,Lusby,MD,20657,Calvert,38.4344,-76.4417,RFC,PJM,"PJM Interconnection, LLC",Chesapeake Bay,22,NR,2,IPP Non-CHP,N,,N,,Y,01-92-000,N,X,,Baltimore Gas & Electric Co,1167,MD,500, , ,N,,,,,,N,X
3046,Duke Energy Progress - (NC),6014,Brunswick Nuclear,P. O. Box 10429,Southport,NC,28461,Brunswick,33.9597,-78.0114,SERC,CPLE,Duke Energy Progress East,Atlantic Ocean (Cape Fear),22,RE,1,Electric Utility,N,,N,,N,,N,X,,Duke Energy Progress - (NC),3046,NC,230, , ,N,,,,,,X,X
3046,Duke Energy Progress - (NC),6015,Harris,P. O. Box 165,New Hill,NC,27562,Wake,35.6334,-78.9556,SERC,CPLE,Duke Energy Progress East,Shearon Harris Reservoir,22,RE,1,Electric Utility,N,,N,,N,,N,X,,Duke Energy Progress - (NC),3046,NC,230, , ,N,,,,,,X,X
64225,Energy Harbor Nuclear Generation LLC,6020,Perry,10 Center Road,Perry,OH,44081,Lake,41.8006,-81.1439,RFC,PJM,"PJM Interconnection, LLC",Lake Erie,22,NR,2,IPP Non-CHP,N,,N,,N,,N,X,,Cleveland Electric Illum Co,3755,OH,345, , ,N,,,,,,N,X
55951,Constellation Nuclear,6022,Braidwood Generation Station,RR #1 Box 84,Braceville,IL,60407,Will,41.2435,-88.2286,RFC,PJM,"PJM Interconnection, LLC",Kanakee River,22,NR,2,IPP Non-CHP,N,,N,,N,,N,X,,Commonwealth Edison Co,4110,IL,345, , ,N,,,,,,N,X
55951,Constellation Nuclear,6023,Byron Generating Station,4450 North German Church Rd,Byron,IL,61010,Ogle,42.0742,-89.2819,RFC,PJM,"PJM Interconnection, LLC",Rock River,22,NR,2,IPP Non-CHP,N,,N,,N,,N,X,,Commonwealth Edison Co,4110,IL,345, , ,N,,,,,,N,X
55951,Constellation Nuclear,6026,LaSalle Generating Station,2601 North 21st Rd,Marseilles,IL,61341,LaSalle,41.245498,-88.669066,RFC,PJM,"PJM Interconnection, LLC",Illinois River,22,NR,2,IPP Non-CHP,N,,N,,N,,N,X,,Commonwealth Edison Co,4110,IL,345, , ,N,,,,,,N,X
5416,"Duke Energy Carolinas, LLC",6036,Catawba,4800 Concord Road,York,SC,29745,York,35.0514,-81.0694,SERC,DUK,Duke Energy Carolinas,Lake Wylie,22,RE,1,Electric Utility,N,,N,,N,,N,X,,"Duke Energy Carolinas, LLC",5416,SC,230, , ,N,,,,,,X,X
5416,"Duke Energy Carolinas, LLC",6038,McGuire,12700 Hagers Ferry Rd,Huntersville,NC,28078,Mecklenburg,35.4331,-80.9486,SERC,DUK,Duke Energy Carolinas,Lake Norman,22,RE,1,Electric Utility,N,,N,,N,,N,X,,"Duke Energy Carolinas, LLC",5416,NC,500, , ,N,,,,,,X,X
64225,Energy Harbor Nuclear Generation LLC,6040,Beaver Valley,Route 168,Shippingport,PA,15077,Beaver,40.6219,-80.4336,RFC,PJM,"PJM Interconnection, LLC",Ohio River,22,NR,2,IPP Non-CHP,N,,N,,N,,N,X,,Duquesne Light Co,5487,PA,345, , ,N,,,,,,N,X
6452,Florida Power & Light Co,6045,St Lucie,6501 S. Ocean Dr.,Jensen Beach,FL,33497,St Lucie,27.348611,-80.246389,SERC,FPL,Florida Power & Light Company,Atlantic Ocean,22,RE,1,Electric Utility,N,,N,,N,,,X,,Florida Power & Light Co,6452,FL,230, , ,N,,,,,,,
7140,Georgia Power Co,6051,Edwin I Hatch,US Highway 1 North,Baxley,GA,31513,Appling,31.9342,-82.3447,SERC,SOCO,"Southern Company Services, Inc. - Trans",Altamah River,22,RE,1,Electric Utility,N,,N,,N,,N,X,,Georgia Power Co,7140,GA,500, , ,N,,,,,,X,X
12465,"System Energy Resources, Inc",6072,Grand Gulf,7003 Bald Hill Rd,Port Gibson,MS,39150,Claiborne,32.0081,-91.0478,SERC,MISO,"Midcontinent Independent Transmission System Operator, Inc..",Mississippi River Aquifer,22,RE,1,Electric Utility,N,,N,,N,,N,X,,Entergy Mississippi Inc,12685,MS,500, , ,N,,,,,,,
14328,Pacific Gas & Electric Co.,6099,Diablo Canyon,Avila Rd. bet. Montano de Oro,Avila Beach,CA,93424,San Luis Obispo,35.211536,-120.855542,WECC,CISO,California Independent System Operator,Pacific Ocean,22,RE,1,Electric Utility,N,,N,,N,,N,X,,Pacific Gas & Electric Co,14328,CA,500, , ,N,,,,,,X,X
14266,TalenEnergy Susquehanna LLC,6103,TalenEnergy Susquehanna,769 Salem Blvd,Berwick,PA,18603,Luzerne,41.0919,-76.1462,RFC,PJM,"PJM Interconnection, LLC",Susquehanna River,22,NR,2,IPP Non-CHP,N,,N,,Y,00-43-000,N,X,,PPL Electric Utilities Corp,14715,PA,230,500, ,N,,,,,,X,X
55951,Constellation Nuclear,6105,Limerick,Off Route 422; P O Box 2300,Sanatoga,PA,19464,Montgomery,40.224303,-75.58744,RFC,PJM,"PJM Interconnection, LLC",Schuylkill & Delaware Rivers,22,NR,2,IPP Non-CHP,N,,N,,N,,N,X,,PECO Energy Co,14940,PA,500,230, ,N,,,,,,N,X
55951,Constellation Nuclear,6110,James A Fitzpatrick,Lake Road,Lycoming,NY,13093,Oswego,43.52139,-76.408394,NPCC,NYIS,New York Independent System Operator,Lake Ontario,22,NR,2,IPP Non-CHP,N,,N,,Y,00-2738-001,N,X,,New York Power Authority,15296,,345, , ,N,,,,,,N,X
6854,NextEra Energy Seabrook LLC,6115,Seabrook,626 Lafayette Road,Seabrook,NH,3874,Rockingham,42.899167,-70.848889,NPCC,ISNE,ISO New England Inc.,Atlantic Ocean,22,NR,2,IPP Non-CHP,N,,N,,Y,02-1838-008,N,X,,Public Service Co of NH,15472,NH,345, , ,N,,,,,,X,X
15478,PSEG Nuclear LLC,6118,PSEG Hope Creek Generating Station,P O Box 236 End of Buttonwood,Hancocks Bridge,NJ,8038,Salem,39.4666,-75.5377,RFC,PJM,"PJM Interconnection, LLC",Delaware River,22,NR,2,IPP Non-CHP,N,,N,,Y,00-002-000,N,X,,Public Service Elec & Gas Co,15477,NJ,500, , ,N,,,,,,,
55951,Constellation Nuclear,6122,R E Ginna Nuclear Power Plant,Lake Rd.,Ontario,NY,14519,Wayne,43.2777,-77.3099,NPCC,NYIS,New York Independent System Operator,Lake Ontario,22,NR,2,IPP Non-CHP,N,,N,,Y,04-73-000,N,X,,Rochester Gas & Electric Corp,16183,NY,115, , ,N,,,,,,N,X
17539,"Dominion Energy South Carolina, Inc",6127,V C Summer,Bradham Boulevard off Hwy 215,Jenkinsville,SC,29065,Fairfield,34.2983,-81.3153,SERC,SCEG,Dominion Energy South Carolina,Broad River,22,RE,1,Electric Utility,N,,N,,N,,N,X,,Dominion Energy South Carolina,17539,SC,230, , ,N,,,,,,X,X
55983,Luminant Generation Company LLC,6145,Comanche Peak,Farm to Market Road 56,Glen Rose,TX,76043,Somervell,32.298365,-97.785515,TRE,ERCO,"Electric Reliability Council of Texas, Inc.",Squaw Creek,22,NR,2,IPP Non-CHP,N,,N,,N,,N,X,,Oncor Electric Delivery Company LLC,44372,TX,345, , ,N,,,,,,N,N
64225,Energy Harbor Nuclear Generation LLC,6149,Davis Besse,5501 N State Route 2,Oak Harbor,OH,43449,Ottawa,41.5967,-83.0861,RFC,PJM,"PJM Interconnection, LLC",Lake Erie,22,NR,2,IPP Non-CHP,N,,N,,N,,N,X,,The Toledo Edison Co,18997,OH,345, , ,N,,,,,,N,X
18642,Tennessee Valley Authority,6152,Sequoyah,Sequoyah Rd. PO Box 2000,Soddy Daisy,TN,37379,Hamilton,35.2267,-85.0917,SERC,TVA,Tennessee Valley Authority,Chickamauga Reservoir,22,RE,1,Electric Utility,N,,N,,N,,,X,,Tennessee Valley Authority,18642,TN,500, , ,N,,,,,,,
19436,Union Electric Co - (MO),6153,Callaway,Route CC,Fulton,MO,65251,Callaway,38.758919,-91.778841,SERC,MISO,"Midcontinent Independent Transmission System Operator, Inc..",Missouri River,22,RE,1,Electric Utility,N,,N,,N,,,X,,Union Electric Co - (MO),19436,MO,345, , ,N,,,,,,,
19876,Virginia Electric & Power Co,6168,North Anna,1022 Haley Dr,Mineral,VA,23117,Louisa,38.06,-77.7897,SERC,PJM,"PJM Interconnection, LLC",North Anna River,22,RE,1,Electric Utility,N,,N,,N,,N,X,,Virginia Electric & Power Co,19876,VA,500, , ,N,,,,,,,
21535,STP Nuclear Operating Co,6251,South Texas Project,8 mi. W. of Wadsworth on FM521,Wadsworth,TX,77483,Matagorda,28.795,-96.0481,TRE,ERCO,"Electric Reliability Council of Texas, Inc.",Colorado River,22,NR,2,IPP Non-CHP,N,,N,,N,,N,X,,Austin Energy,1015,TX,256, , ,N,,,,,,X,X
11241,Entergy Louisiana LLC,6462,River Bend,5485 U.S. Highway 61,St. Francisville,LA,70775,West Feliciana,30.757,-91.3327,SERC,MISO,"Midcontinent Independent Transmission System Operator, Inc..",Mississippi River,22,RE,1,Electric Utility,N,,N,,N,,N,X,,Entergy Louisiana LLC,11241,LA,230, , ,N,,,,,,,
18642,Tennessee Valley Authority,7722,Watts Bar Nuclear Plant,Hwy 68 PO Box 2000,Spring City,TN,37381,Rhea,35.6021,-84.7895,SERC,TVA,Tennessee Valley Authority,Chickamauga Lake,22,RE,1,Electric Utility,N,,N,,N,,,X,,Tennessee Valley Authority,18642,TN,500, , ,N,,,,,,,
55951,Constellation Nuclear,8011,Crane Clean Energy Center,PO Box 480,Middletown,PA,17057,Dauphin,40.1515,-76.7232,RFC,PJM,"PJM Interconnection, LLC",Susquehanna River,22,NR,2,IPP Non-CHP,N,,N,,N,,N,X,,Metropolitan Edison Co,12390,PA,230, , ,N,,,,,,N,X
13337,Nebraska Public Power District,8036,Cooper Nuclear Station,P.O. Box 98,Brownville,NE,68321,Nemaha,40.3628,-95.6408,MRO,SWPP,Southwest Power Pool,Missouri River,22,RE,1,Electric Utility,N,,N,,N,,N,X,,Nebraska Public Power District,13337,NE,345, , ,N,,None,,,,X,X
814,Entergy Arkansas LLC,8055,Arkansas Nuclear One,1448 STATE RD 333,Russellville,AR,72801,Pope,35.311,-93.2351,SERC,MISO,"Midcontinent Independent Transmission System Operator, Inc..",Lake Dardenelle,22,RE,1,Electric Utility,N,,N,,N,,N,X,,Entergy Arkansas Inc,814,AR,500, , ,N,,,,,,,
