geoid,coal_plant_count,coal_capacity_mw,has_operating_coal,has_retired_coal,has_coal_plant
01033,1,1350.0,False,True,True
01071,1,1968.6,False,True,True
01073,1,2822.0,True,False,True
01097,1,1464.5,True,True,True
01117,1,952.0,True,False,True
01121,1,25.0,False,True,True
01127,1,1416.7,False,True,True
01129,1,538.0,False,True,True
02068,1,90.0,True,False,True
02090,4,106.5,True,True,True
04001,2,2587.6,True,False,True
04003,1,204.0,True,False,True
04005,1,2409.3,False,True,True
04017,1,1128.8,True,True,True
05007,1,558.0,True,False,True
05057,1,609.0,True,False,True
05063,1,1800.0,True,False,True
05069,1,1800.0,True,False,True
05093,1,720.0,True,False,True
06071,1,62.5,True,False,True
08001,1,420.5,False,True,True
08013,1,191.7,False,True,True
08031,1,240.5,False,True,True
08041,2,332.0,True,True,True
08043,1,43.7,False,True,True
08069,1,293.6,True,False,True
08071,1,3.7,False,True,True
08077,1,75.0,False,True,True
08081,1,1427.6,True,False,True
08085,1,113.8,False,True,True
08087,1,552.3,True,False,True
08099,1,43.5,False,True,True
08101,1,1635.3,True,True,True
08107,1,465.4,True,False,True
09001,1,400.0,False,True,True
10005,2,795.5,True,True,True
12005,1,340.0,False,True,True
12017,1,2442.7,True,True,True
12031,2,1953.0,True,True,True
12057,2,1548.5,True,True,True
12063,1,98.0,False,True,True
12085,1,395.4,False,True,True
12089,1,9.3,False,True,True
12095,1,929.0,True,False,True
12105,1,363.8,False,True,True
12107,1,1429.2,True,False,True
13015,1,3498.6,True,False,True
13021,1,89.2,False,True,True
13051,2,245.4,False,True,True
13067,1,598.4,False,True,True
13077,1,679.9,False,True,True
13095,1,218.2,False,True,True
13103,1,177.6,False,True,True
13115,1,953.0,False,True,True
13149,1,1904.0,False,True,True
13207,1,3564.0,True,True,True
13237,1,1746.2,False,True,True
15003,1,203.0,False,True,True
17021,1,1319.0,True,False,True
17031,2,971.4000000000001,False,True,True
17057,1,441.0,False,True,True
17077,1,3.5,True,False,True
17079,1,1234.8,True,True,True
17097,1,802.7,False,True,True
17115,1,335.0,True,False,True
17119,1,500.1,False,True,True
17125,1,488.0,False,True,True
17127,1,1099.8000000000002,False,True,True
17135,1,1005.4,False,True,True
17143,2,795.3,False,True,True
17149,1,22.0,False,True,True
17155,1,306.3,False,True,True
17157,1,1894.1,True,True,True
17163,1,1766.0,True,False,True
17167,2,692.8,True,True,True
17179,1,1785.6,True,False,True
17183,1,182.3,False,True,True
17197,1,1268.8,False,True,True
17199,1,272.0,True,True,True
18029,1,1100.1,False,True,True
18043,1,600.0,False,True,True
18051,1,3339.5,True,False,True
18073,1,1943.4,True,True,True
18077,1,1303.8000000000002,True,False,True
18083,1,109.2,False,True,True
18089,2,518.5,False,True,True
18091,1,540.0,True,False,True
18103,1,34.5,False,True,True
18107,1,24.1,True,True,True
18109,1,301.6,False,True,True
18125,2,2379.9,True,True,True
18127,1,603.5,False,True,True
18129,2,535.9,True,True,True
18147,1,2600.0,True,False,True
18153,1,1080.0,True,False,True
18165,1,1062.0,True,False,True
18167,1,860.2,False,True,True
18173,2,1237.6999999999998,True,True,True
18177,1,93.9,True,False,True
19005,1,338.5,True,True,True
19045,1,211.4,True,True,True
19061,2,29.0,False,True,True
19113,3,428.4,True,True,True
19115,1,811.9,True,False,True
19125,1,38.0,False,True,True
19127,1,37.5,False,True,True
19139,2,356.0,True,True,True
19153,1,7.9,True,False,True
19155,1,1778.8999999999999,True,True,True
19163,1,5.0,False,True,True
19169,1,3.0,False,True,True
19179,1,725.9,True,False,True
19193,2,1776.2,True,True,True
20045,1,604.0,True,True,True
20055,1,348.7,True,False,True
20107,1,1598.9,True,False,True
20149,1,2160.0,True,False,True
20177,1,232.0,False,True,True
20209,1,261.0,True,False,True
21013,1,37.5,False,True,True
21015,1,772.0,True,False,True
21041,1,2225.9,True,False,True
21049,1,216.0,False,True,True
21091,1,602.0,False,True,True
21111,2,2361.8,True,True,True
21127,1,816.3,False,True,True
21145,1,1750.0,True,True,True
21161,1,1608.5,True,False,True
21167,1,757.1,True,True,True
21177,2,2821.8,False,True,True
21183,1,509.4,True,False,True
21199,1,344.0,True,False,True
21223,1,1400.1,True,False,True
21233,3,794.0,True,True,True
21239,1,75.0,False,True,True
22019,1,614.6,True,False,True
22077,1,1276.9,True,False,True
22079,1,558.0,True,False,True
24001,1,229.0,True,False,True
24003,2,1865.2,True,True,True
24017,1,1252.0,False,True,True
24031,1,588.0,False,True,True
24033,1,728.0,False,True,True
25009,1,329.6,False,True,True
26003,1,6.2,True,False,True
26017,2,856.6,True,True,True
26045,1,154.7,False,True,True
26063,2,123.5,True,True,True
26065,1,375.0,False,True,True
26101,1,70.0,True,False,True
26103,2,702.2,False,True,True
26115,2,3625.0,True,True,True
26121,1,312.6,False,True,True
26139,2,1623.6,True,True,True
26147,4,3143.9,True,True,True
26163,2,1426.1,False,True,True
27013,1,6.1,True,False,True
27027,1,5.0,True,False,True
27031,1,252.0,True,True,True
27035,1,0.6,False,True,True
27037,1,357.79999999999995,False,True,True
27053,1,238.8,False,True,True
27061,1,1072.5,True,True,True
27067,1,4.0,False,True,True
27075,1,131.6,True,False,True
27109,1,99.0,False,True,True
27111,1,136.9,False,True,True
27119,2,14.0,True,False,True
27123,1,276.79999999999995,False,True,True
27129,1,7.5,True,False,True
27137,1,4.0,False,True,True
27141,1,2469.3,True,False,True
27163,1,598.4,True,False,True
28019,1,513.7,True,False,True
28059,1,1096.6,True,False,True
28073,1,400.0,False,True,True
29019,1,38.5,False,True,True
29047,1,46.0,False,True,True
29071,1,2389.4,True,False,True
29077,2,582.0,True,True,True
29083,1,564.0,False,True,True
29095,2,1093.0,True,True,True
29097,1,231.5,False,True,True
29099,1,1242.0,True,False,True
29117,1,13.5,False,True,True
29143,1,1300.0,True,False,True
29165,1,1725.0,True,False,True
29175,1,1181.7,True,False,True
29183,1,1099.4,True,False,True
29189,1,648.0,False,True,True
29195,1,22.5,False,True,True
29201,1,261.0,True,False,True
30003,1,115.7,True,False,True
30083,2,54.0,True,True,True
30087,2,2409.5,True,True,True
30111,2,174.3,True,True,True
31001,1,324.3,True,False,True
31053,1,130.0,True,False,True
31055,1,353.6,True,False,True
31079,1,109.8,True,False,True
31109,2,236.6,True,False,True
31111,1,1362.6,True,False,True
31131,1,1389.6,True,False,True
31141,1,71.4,True,False,True
31157,1,5.0,True,False,True
32003,2,2273.0,False,True,True
32011,1,242.0,True,False,True
32013,1,567.0,True,False,True
33013,1,459.20000000000005,True,False,True
33015,1,100.0,True,False,True
34015,1,242.3,False,True,True
34021,1,652.8,False,True,True
34033,1,285.0,False,True,True
35031,1,257.0,False,True,True
35045,2,4117.6,True,True,True
36013,1,627.2,False,True,True
36055,2,303.5,False,True,True
36123,1,50.0,False,True,True
37021,2,429.9,False,True,True
37035,1,1059.5,True,False,True
37037,1,328.5,False,True,True
37045,1,210.0,False,True,True
37071,2,1614.4,True,True,True
37117,1,15.0,False,True,True
37129,1,671.6,False,True,True
37145,2,3321.4,True,False,True
37155,1,165.5,False,True,True
37157,1,290.0,False,True,True
37159,1,370.0,False,True,True
37191,1,402.4,False,True,True
38055,1,1209.6,True,False,True
38057,4,2250.2,True,True,True
38059,1,115.0,False,True,True
38065,1,734.0,True,False,True
38067,2,8.0,True,True,True
38093,1,106.2,True,False,True
38097,1,13.3,True,False,True
39011,1,16.0,False,True,True
39025,2,2646.8999999999996,False,True,True
39035,1,160.0,False,True,True
39053,2,3686.5,True,False,True
39061,1,1378.0,True,True,True
39081,2,4336.0,True,True,True
39085,1,53.5,True,False,True
39093,1,766.0,False,True,True
39095,1,498.79999999999995,False,True,True
39109,1,44.8,False,True,True
39113,1,414.0,False,True,True
39139,1,37.0,False,True,True
39155,1,265.6,False,True,True
39157,1,31.5,True,True,True
39167,1,200.0,False,True,True
39169,2,61.0,True,True,True
40023,1,446.0,True,False,True
40079,1,350.0,True,False,True
40097,1,1134.0,True,True,True
40101,1,572.0,True,False,True
40103,1,1138.0,True,False,True
40131,1,946.0,True,True,True
41049,1,642.2,False,True,True
42003,2,1047.0,False,True,True
42005,1,1872.0,True,False,True
42011,1,225.0,False,True,True
42013,1,4.0,False,True,True
42021,2,175.6,True,False,True
42025,1,94.0,True,False,True
42027,1,6.0,False,True,True
42029,1,187.5,False,True,True
42045,1,707.2,False,True,True
42063,3,4766.2,True,True,True
42073,1,70.0,False,True,True
42093,1,1775.1,True,True,True
42095,3,701.5,True,True,True
42097,1,47.3,True,False,True
42107,4,271.6,True,True,True
42109,1,437.9,False,True,True
42121,1,94.7,True,False,True
42123,1,84.0,False,True,True
42125,1,510.0,False,True,True
42133,1,45.9,True,False,True
45007,1,180.0,False,True,True
45015,3,3395.4,True,True,True
45029,1,489.6,False,True,True
45031,1,206.6,False,True,True
45043,1,1260.0,True,False,True
45051,1,163.2,False,True,True
45079,1,771.8,True,False,True
46051,1,450.0,True,False,True
46103,1,25.0,False,True,True
47001,1,950.0,True,False,True
47037,1,11.0,False,True,True
47073,1,800.0,False,True,True
47085,1,1485.2,False,True,True
47143,1,240.0,False,True,True
47145,1,1700.0,True,False,True
47157,1,990.0,False,True,True
47161,1,2600.0,True,False,True
47163,2,114.5,True,True,True
47165,1,1255.2,True,False,True
48013,1,410.0,True,False,True
48029,2,2420.5,True,False,True
48149,1,1690.0,True,False,True
48157,1,2736.8,True,False,True
48161,1,1186.8,False,True,True
48175,1,622.4,True,False,True
48203,1,721.0,True,False,True
48279,1,1135.8,True,False,True
48293,1,1849.8,True,False,True
48309,1,1008.0,True,False,True
48331,2,1615.1,False,True,True
48375,1,1080.0,True,False,True
48395,2,2144.6,True,False,True
48401,1,2379.6000000000004,True,False,True
48449,2,3654.0,True,True,True
49007,2,246.7,True,True,True
49015,2,2614.5,True,False,True
49027,1,1640.0,True,False,True
49035,1,182.0,False,True,True
49047,1,499.5,True,False,True
51005,1,65.5,True,True,True
51041,2,1359.0,True,True,True
51071,1,337.5,False,True,True
51083,1,848.0,True,False,True
51117,1,139.8,False,True,True
51159,1,114.8,False,True,True
51167,1,237.5,False,True,True
51195,1,668.0,True,False,True
51199,1,375.0,False,True,True
51550,1,649.5,False,True,True
53041,1,1459.8,True,True,True
53075,1,2.0,False,True,True
54023,2,1742.4,True,True,True
54033,1,2052.0,True,False,True
54039,1,439.2,False,True,True
54049,2,205.4,True,True,True
54051,1,1632.6,True,False,True
54053,2,2405.5,True,True,True
54061,3,2028.4,True,False,True
54073,2,1581.2,True,True,True
54077,1,278.2,False,True,True
54079,1,2932.6,True,False,True
55009,2,483.4,False,True,True
55011,2,568.0,True,True,True
55021,1,1112.0,True,False,True
55025,1,87.5,False,True,True
55043,1,227.2,False,True,True
55059,1,1233.2,False,True,True
55071,1,15.0,False,True,True
55073,1,1005.5,True,True,True
55075,1,11.8,False,True,True
55079,3,2653.6,True,True,True
55085,1,9.3,True,False,True
55087,1,12.0,True,False,True
55089,1,320.0,False,True,True
55097,1,4.1,False,True,True
55117,1,833.7,True,True,True
55123,1,345.6,False,True,True
55141,1,38.5,True,False,True
56005,7,1298.7,True,True,True
56009,1,922.2,True,False,True
56023,1,448.0,True,False,True
56031,1,1863.0,True,False,True
56037,3,2512.8999999999996,True,False,True
56045,1,34.5,False,True,True
