,GEOID,NAMELSAD
0,40075,Kiowa County
1,46079,Lake County
2,37033,Caswell County
3,48377,Presidio County
4,39057,Greene County
5,48489,Willacy County
6,72021,Bayamón Municipio
7,35028,Los Alamos County
8,40023,Choctaw County
9,20041,Dickinson County
10,48427,Starr County
11,13103,Effingham County
12,40129,Roger Mills County
13,55103,Richland County
14,35025,Lea County
15,01075,Lamar County
16,72054,Florida Municipio
17,47117,Marshall County
18,51011,Appomattox County
19,05087,Madison County
20,22089,St. Charles Parish
21,05111,Poinsett County
22,12045,Gulf County
23,47063,Hamblen County
24,21007,Ballard County
25,48009,Archer County
26,48023,Baylor County
27,48405,San Augustine County
28,32029,Storey County
29,13249,Schley County
30,48313,Madison County
31,06077,San Joaquin County
32,28159,Winston County
33,21103,Henry County
34,21167,Mercer County
35,31183,Wheeler County
36,21135,Lewis County
37,27051,Grant County
38,28053,Humphreys County
39,01025,Clarke County
40,20017,Chase County
41,21221,Trigg County
42,19099,Jasper County
43,28153,Wayne County
44,48101,Cottle County
45,51081,Greensville County
46,12105,Polk County
47,48503,Young County
48,01123,Tallapoosa County
49,33015,Rockingham County
50,08105,Rio Grande County
51,19149,Plymouth County
52,36123,Yates County
53,53033,King County
54,41017,Deschutes County
55,19155,Pottawattamie County
56,29043,Christian County
57,72039,Ciales Municipio
58,28073,Lamar County
59,18137,Ripley County
60,38057,Mercer County
61,13147,Hart County
62,22049,Jackson Parish
63,51133,Northumberland County
64,48157,Fort Bend County
65,55047,Green Lake County
66,30073,Pondera County
67,55127,Walworth County
68,32021,Mineral County
69,18067,Howard County
70,18125,Pike County
71,21047,Christian County
72,26045,Eaton County
73,19179,Wapello County
74,06025,Imperial County
75,26027,Cass County
76,44001,Bristol County
77,48035,Bosque County
78,44005,Newport County
79,39045,Fairfield County
80,38069,Pierce County
81,17015,Carroll County
82,27125,Red Lake County
83,41031,Jefferson County
84,47021,Cheatham County
85,30055,McCone County
86,19019,Buchanan County
87,17043,DuPage County
88,46047,Fall River County
89,27069,Kittson County
90,13219,Oconee County
91,48493,Wilson County
92,31059,Fillmore County
93,12079,Madison County
94,72031,Carolina Municipio
95,18153,Sullivan County
96,04012,La Paz County
97,13027,Brooks County
98,02016,Aleutians West Census Area
99,02150,Kodiak Island Borough
100,20185,Stafford County
101,13271,Telfair County
102,26115,Monroe County
103,18181,White County
104,18113,Noble County
105,13133,Greene County
106,46017,Buffalo County
107,46095,Mellette County
108,48135,Ector County
109,48293,Limestone County
110,53027,Grays Harbor County
111,54003,Berkeley County
112,72149,Villalba Municipio
113,30067,Park County
114,48121,Denton County
115,45021,Cherokee County
116,37199,Yancey County
117,48387,Red River County
118,48321,Matagorda County
119,27149,Stevens County
120,13301,Warren County
121,48197,Hardeman County
122,17133,Monroe County
123,13165,Jenkins County
124,21085,Grayson County
125,48363,Palo Pinto County
126,13149,Heard County
127,01079,Lawrence County
128,72061,Guaynabo Municipio
129,28093,Marshall County
130,20025,Clark County
131,20081,Haskell County
132,22013,Bienville Parish
133,13295,Walker County
134,27167,Wilkin County
135,17157,Randolph County
136,23011,Kennebec County
137,51173,Smyth County
138,35041,Roosevelt County
139,42111,Somerset County
140,51191,Washington County
141,37081,Guilford County
142,16001,Ada County
143,40039,Custer County
144,39101,Marion County
145,17149,Pike County
146,17203,Woodford County
147,13245,Richmond County
148,18167,Vigo County
149,18039,Elkhart County
150,51077,Grayson County
151,48303,Lubbock County
152,27093,Meeker County
153,53037,Kittitas County
154,18135,Randolph County
155,49025,Kane County
156,27113,Pennington County
157,53073,Whatcom County
158,41021,Gilliam County
159,34029,Ocean County
160,05009,Boone County
161,40031,Comanche County
162,48253,Jones County
163,48185,Grimes County
164,26049,Genesee County
165,22007,Assumption Parish
166,28013,Calhoun County
167,28041,Greene County
168,29059,Dallas County
169,51143,Pittsylvania County
170,02068,Denali Borough
171,20145,Pawnee County
172,20209,Wyandotte County
173,12029,Dixie County
174,26157,Tuscola County
175,02240,Southeast Fairbanks Census Area
176,20065,Graham County
177,22097,St. Landry Parish
178,47055,Giles County
179,39095,Lucas County
180,05093,Mississippi County
181,72117,Rincón Municipio
182,28043,Grenada County
183,21213,Simpson County
184,50013,Grand Isle County
185,39029,Columbiana County
186,51125,Nelson County
187,12097,Osceola County
188,05053,Grant County
189,18033,DeKalb County
190,22073,Ouachita Parish
191,22095,St. John the Baptist Parish
192,22091,St. Helena Parish
193,29197,Schuyler County
194,01059,Franklin County
195,21041,Carroll County
196,08019,Clear Creek County
197,48267,Kimble County
198,46027,Clay County
199,10005,Sussex County
200,13159,Jasper County
201,29175,Randolph County
202,20015,Butler County
203,48209,Hays County
204,53015,Cowlitz County
205,48297,Live Oak County
206,31091,Hooker County
207,51147,Prince Edward County
208,49007,Carbon County
209,42017,Bucks County
210,46059,Hand County
211,42081,Lycoming County
212,16057,Latah County
213,13237,Putnam County
214,51640,Galax city
215,35037,Quay County
216,48269,King County
217,05073,Lafayette County
218,48451,Tom Green County
219,21031,Butler County
220,78020,St. John Island
221,56005,Campbell County
222,13211,Morgan County
223,05037,Cross County
224,05107,Phillips County
225,22093,St. James Parish
226,78030,St. Thomas Island
227,19061,Dubuque County
228,51075,Goochland County
229,20181,Sherman County
230,39139,Richland County
231,17001,Adams County
232,39021,Champaign County
233,33019,Sullivan County
234,17075,Iroquois County
235,19157,Poweshiek County
236,39169,Wayne County
237,13113,Fayette County
238,13141,Hancock County
239,48259,Kendall County
240,36039,Greene County
241,51137,Orange County
242,40089,McCurtain County
243,13277,Tift County
244,31025,Cass County
245,46077,Kingsbury County
246,56009,Converse County
247,36043,Herkimer County
248,38047,Logan County
249,26053,Gogebic County
250,27005,Becker County
251,01095,Marshall County
252,28157,Wilkinson County
253,02282,Yakutat City and Borough
254,20179,Sheridan County
255,28079,Leake County
256,72025,Caguas Municipio
257,72027,Camuy Municipio
258,28025,Clay County
259,28037,Franklin County
260,72143,Vega Alta Municipio
261,19015,Boone County
262,48373,Polk County
263,31051,Dixon County
264,24025,Harford County
265,45037,Edgefield County
266,51001,Accomack County
267,47173,Union County
268,54057,Mineral County
269,55003,Ashland County
270,17053,Ford County
271,38029,Emmons County
272,06089,Shasta County
273,22113,Vermilion Parish
274,05121,Randolph County
275,55085,Oneida County
276,22035,East Carroll Parish
277,22037,East Feliciana Parish
278,22087,St. Bernard Parish
279,48481,Wharton County
280,02198,Prince of Wales-Hyder Census Area
281,02195,Petersburg Borough
282,48153,Floyd County
283,02275,Wrangell City and Borough
284,21151,Madison County
285,51025,Brunswick County
286,47045,Dyer County
287,47053,Gibson County
288,51149,Prince George County
289,05075,Lawrence County
290,38027,Eddy County
291,53053,Pierce County
292,23023,Sagadahoc County
293,30097,Sweet Grass County
294,48181,Grayson County
295,42059,Greene County
296,02188,Northwest Arctic Borough
297,20051,Ellis County
298,01065,Hale County
299,01105,Perry County
300,01033,Colbert County
301,20151,Pratt County
302,21017,Bourbon County
303,47149,Rutherford County
304,13075,Cook County
305,20101,Lane County
306,40059,Harper County
307,17147,Piatt County
308,48107,Crosby County
309,08009,Baca County
310,16021,Boundary County
311,16007,Bear Lake County
312,39159,Union County
313,39035,Cuyahoga County
314,48285,Lavaca County
315,40105,Nowata County
316,13125,Glascock County
317,41059,Umatilla County
318,46102,Oglala Lakota County
319,02170,Matanuska-Susitna Borough
320,18035,Delaware County
321,12075,Levy County
322,72063,Gurabo Municipio
323,72065,Hatillo Municipio
324,28045,Hancock County
325,13315,Wilcox County
326,22081,Red River Parish
327,47093,Knox County
328,23017,Oxford County
329,25021,Norfolk County
330,18063,Hendricks County
331,17077,Jackson County
332,45043,Georgetown County
333,38041,Hettinger County
334,49019,Grand County
335,49045,Tooele County
336,51650,Hampton city
337,55011,Buffalo County
338,51069,Frederick County
339,54041,Lewis County
340,27119,Polk County
341,27127,Redwood County
342,47047,Fayette County
343,60040,Swains Island
344,41041,Lincoln County
345,23031,York County
346,46029,Codington County
347,13231,Pike County
348,13259,Stewart County
349,34025,Monmouth County
350,05021,Clay County
351,05045,Faulkner County
352,40041,Delaware County
353,19107,Keokuk County
354,17061,Greene County
355,27075,Lake County
356,13285,Troup County
357,06023,Humboldt County
358,47043,Dickson County
359,54081,Raleigh County
360,35005,Chaves County
361,35049,Santa Fe County
362,06059,Orange County
363,04023,Santa Cruz County
364,37053,Currituck County
365,17101,Lawrence County
366,31181,Webster County
367,17067,Hancock County
368,46067,Hutchinson County
369,41013,Crook County
370,50011,Franklin County
371,26103,Marquette County
372,37057,Davidson County
373,17025,Clay County
374,29103,Knox County
375,29117,Livingston County
376,42117,Tioga County
377,31043,Dakota County
378,26089,Leelanau County
379,51181,Surry County
380,29135,Moniteau County
381,51193,Westmoreland County
382,37197,Yadkin County
383,06047,Merced County
384,40043,Dewey County
385,37023,Burke County
386,37191,Wayne County
387,42123,Warren County
388,05061,Howard County
389,37059,Davie County
390,37111,McDowell County
391,05099,Nevada County
392,08125,Yuma County
393,48421,Sherman County
394,48463,Uvalde County
395,39011,Auglaize County
396,22015,Bossier Parish
397,19063,Emmet County
398,20169,Saline County
399,21153,Magoffin County
400,48017,Bailey County
401,29027,Callaway County
402,56001,Albany County
403,56029,Park County
404,42093,Montour County
405,36081,Queens County
406,12121,Suwannee County
407,26031,Cheboygan County
408,01111,Randolph County
409,37009,Ashe County
410,08033,Dolores County
411,39089,Licking County
412,51683,Manassas city
413,05139,Union County
414,17071,Henderson County
415,01101,Montgomery County
416,08005,Arapahoe County
417,21155,Marion County
418,28051,Holmes County
419,28105,Oktibbeha County
420,72037,Ceiba Municipio
421,72047,Corozal Municipio
422,30027,Fergus County
423,24023,Garrett County
424,22119,Webster Parish
425,26059,Hillsdale County
426,21141,Logan County
427,46033,Custer County
428,33013,Merrimack County
429,42133,York County
430,37161,Rutherford County
431,46005,Beadle County
432,01043,Cullman County
433,13097,Douglas County
434,31097,Johnson County
435,37187,Washington County
436,46075,Jones County
437,29177,Ray County
438,39073,Hocking County
439,01085,Lowndes County
440,13043,Candler County
441,19113,Linn County
442,06105,Trinity County
443,13215,Muscogee County
444,28135,Tallahatchie County
445,20005,Atchison County
446,72081,Lares Municipio
447,17041,Douglas County
448,51079,Greene County
449,66010,Guam
450,55137,Waushara County
451,05065,Izard County
452,06053,Monterey County
453,35017,Grant County
454,29131,Miller County
455,37193,Wilkes County
456,02110,Juneau City and Borough
457,13087,Decatur County
458,18177,Wayne County
459,21009,Barren County
460,31093,Howard County
461,38025,Dunn County
462,06005,Amador County
463,47049,Fentress County
464,20031,Coffey County
465,26023,Branch County
466,31139,Pierce County
467,13023,Bleckley County
468,13033,Burke County
469,17181,Union County
470,17091,Kankakee County
471,38051,McIntosh County
472,31141,Platte County
473,37185,Warren County
474,72009,Aibonito Municipio
475,13197,Marion County
476,51061,Fauquier County
477,51750,Radford city
478,32005,Douglas County
479,12037,Franklin County
480,18055,Greene County
481,18139,Rush County
482,55131,Washington County
483,29105,Laclede County
484,42085,Mercer County
485,41043,Linn County
486,55065,Lafayette County
487,40147,Washington County
488,54077,Preston County
489,69100,Rota Municipality
490,55135,Waupaca County
491,48137,Edwards County
492,41037,Lake County
493,29153,Ozark County
494,19059,Dickinson County
495,21095,Harlan County
496,20061,Geary County
497,42011,Berks County
498,47019,Carter County
499,27083,Lyon County
500,51037,Charlotte County
501,47179,Washington County
502,45071,Newberry County
503,51093,Isle of Wight County
504,41069,Wheeler County
505,29023,Butler County
506,22047,Iberville Parish
507,28125,Sharkey County
508,51111,Lunenburg County
509,38097,Traill County
510,13139,Hall County
511,13283,Treutlen County
512,13037,Calhoun County
513,55125,Vilas County
514,27007,Beltrami County
515,72043,Coamo Municipio
516,13055,Chattooga County
517,45033,Dillon County
518,37103,Jones County
519,29199,Scotland County
520,20131,Nemaha County
521,20137,Norton County
522,72007,Aguas Buenas Municipio
523,72033,Cataño Municipio
524,55075,Marinette County
525,53011,Clark County
526,55099,Price County
527,40093,Major County
528,47125,Montgomery County
529,53051,Pend Oreille County
530,38055,McLean County
531,41027,Hood River County
532,19197,Wright County
533,48419,Shelby County
534,29055,Crawford County
535,51017,Bath County
536,56033,Sheridan County
537,42041,Cumberland County
538,42055,Franklin County
539,42079,Luzerne County
540,26039,Crawford County
541,01113,Russell County
542,39019,Carroll County
543,05055,Greene County
544,48191,Hall County
545,55013,Burnett County
546,35057,Torrance County
547,53049,Pacific County
548,37141,Pender County
549,48221,Hood County
550,31177,Washington County
551,29045,Clark County
552,21015,Boone County
553,21229,Washington County
554,22009,Avoyelles Parish
555,28137,Tate County
556,29227,Worth County
557,31163,Sherman County
558,46021,Campbell County
559,46063,Harding County
560,26057,Gratiot County
561,19175,Union County
562,17127,Massac County
563,27043,Faribault County
564,47057,Grainger County
565,48161,Freestone County
566,42087,Mifflin County
567,01041,Crenshaw County
568,51520,Bristol city
569,48399,Runnels County
570,48443,Terrell County
571,20153,Rawlins County
572,20193,Thomas County
573,13161,Jeff Davis County
574,19035,Cherokee County
575,05145,White County
576,28083,Leflore County
577,29053,Cooper County
578,26043,Dickinson County
579,17197,Will County
580,48117,Deaf Smith County
581,46011,Brookings County
582,19083,Hardin County
583,22023,Cameron Parish
584,39027,Clinton County
585,27137,St. Louis County
586,39093,Lorain County
587,47101,Lewis County
588,41067,Washington County
589,51810,Virginia Beach city
590,30057,Madison County
591,51103,Lancaster County
592,29013,Bates County
593,33001,Belknap County
594,51159,Richmond County
595,02230,Skagway Municipality
596,02105,Hoonah-Angoon Census Area
597,29159,Pettis County
598,30063,Missoula County
599,20019,Chautauqua County
600,48459,Upshur County
601,51047,Culpeper County
602,40061,Haskell County
603,54069,Ohio County
604,54065,Morgan County
605,51165,Rockingham County
606,18183,Whitley County
607,04001,Apache County
608,29121,Macon County
609,48279,Lamb County
610,20097,Kiowa County
611,48015,Austin County
612,29061,Daviess County
613,13253,Seminole County
614,26101,Manistee County
615,19119,Lyon County
616,48233,Hutchinson County
617,40139,Texas County
618,40153,Woodward County
619,19003,Adams County
620,55109,St. Croix County
621,42121,Venango County
622,39153,Summit County
623,13127,Glynn County
624,48479,Webb County
625,37123,Montgomery County
626,23003,Aroostook County
627,28065,Jefferson Davis County
628,18175,Washington County
629,46051,Grant County
630,46091,Marshall County
631,53067,Thurston County
632,31107,Knox County
633,35061,Valencia County
634,30079,Prairie County
635,49031,Piute County
636,21161,Mason County
637,27009,Benton County
638,48129,Donley County
639,12005,Bay County
640,01077,Lauderdale County
641,18045,Fountain County
642,17173,Shelby County
643,17051,Fayette County
644,39127,Perry County
645,51590,Danville city
646,13011,Banks County
647,13305,Wayne County
648,40109,Oklahoma County
649,40069,Johnston County
650,37099,Jackson County
651,49043,Summit County
652,29167,Polk County
653,32015,Lander County
654,19191,Winneshiek County
655,20125,Montgomery County
656,45039,Fairfield County
657,31033,Cheyenne County
658,27091,Martin County
659,47155,Sevier County
660,47139,Polk County
661,48263,Kent County
662,30099,Teton County
663,31069,Garden County
664,17117,Macoupin County
665,39141,Ross County
666,17195,Whiteside County
667,48141,El Paso County
668,48301,Loving County
669,40077,Latimer County
670,39167,Washington County
671,29091,Howell County
672,20047,Edwards County
673,21111,Jefferson County
674,17107,Logan County
675,55139,Winnebago County
676,47003,Bedford County
677,47027,Clay County
678,17029,Coles County
679,47097,Lauderdale County
680,41001,Baker County
681,36097,Schuyler County
682,26159,Van Buren County
683,17131,Mercer County
684,28099,Neshoba County
685,46045,Edmunds County
686,72119,Río Grande Municipio
687,01035,Conecuh County
688,18029,Dearborn County
689,18071,Jackson County
690,28081,Lee County
691,22125,West Feliciana Parish
692,05035,Crittenden County
693,12063,Jackson County
694,48125,Dickens County
695,51115,Mathews County
696,38075,Renville County
697,48283,La Salle County
698,36067,Onondaga County
699,19087,Henry County
700,31083,Harlan County
701,30075,Powder River County
702,72075,Juana Díaz Municipio
703,55091,Pepin County
704,01021,Chilton County
705,48351,Newton County
706,48219,Hockley County
707,13009,Baldwin County
708,37175,Transylvania County
709,37171,Surry County
710,01031,Coffee County
711,39149,Shelby County
712,16027,Canyon County
713,55041,Forest County
714,55113,Sawyer County
715,34017,Hudson County
716,39151,Stark County
717,48187,Guadalupe County
718,53029,Island County
719,54037,Jefferson County
720,51153,Prince William County
721,42029,Chester County
722,54055,Mercer County
723,47145,Roane County
724,02066,Copper River Census Area
725,02063,Chugach Census Area
726,28049,Hinds County
727,48281,Lampasas County
728,51107,Loudoun County
729,29185,St. Clair County
730,36025,Delaware County
731,30071,Phillips County
732,29129,Mercer County
733,46127,Union County
734,01051,Elmore County
735,13187,Lumpkin County
736,39083,Knox County
737,19017,Bremer County
738,48175,Goliad County
739,37089,Henderson County
740,12061,Indian River County
741,48393,Roberts County
742,31049,Deuel County
743,36051,Livingston County
744,19141,O'Brien County
745,22075,Plaquemines Parish
746,28115,Pontotoc County
747,27105,Nobles County
748,27001,Aitkin County
749,38071,Ramsey County
750,37145,Person County
751,20195,Trego County
752,28151,Washington County
753,48133,Eastland County
754,28055,Issaquena County
755,48123,DeWitt County
756,48005,Angelina County
757,45081,Saluda County
758,29125,Maries County
759,05001,Arkansas County
760,29109,Lawrence County
761,51540,Charlottesville city
762,17011,Bureau County
763,39145,Scioto County
764,37115,Madison County
765,16053,Jerome County
766,39163,Vinton County
767,48309,McLennan County
768,16037,Custer County
769,19089,Howard County
770,12099,Palm Beach County
771,13181,Lincoln County
772,01013,Butler County
773,27003,Anoka County
774,46009,Bon Homme County
775,47059,Greene County
776,51183,Sussex County
777,18141,St. Joseph County
778,38067,Pembina County
779,19165,Shelby County
780,24013,Carroll County
781,19011,Benton County
782,21159,Martin County
783,27025,Chisago County
784,21189,Owsley County
785,42015,Bradford County
786,54029,Hancock County
787,29051,Cole County
788,26021,Berrien County
789,42061,Huntingdon County
790,31045,Dawes County
791,51141,Patrick County
792,48325,Medina County
793,26105,Mason County
794,45013,Beaufort County
795,46135,Yankton County
796,22001,Acadia Parish
797,42039,Crawford County
798,46123,Tripp County
799,19077,Guthrie County
800,19183,Washington County
801,46111,Sanborn County
802,40051,Grady County
803,54039,Kanawha County
804,01009,Blount County
805,45065,McCormick County
806,45087,Union County
807,27103,Nicollet County
808,28161,Yalobusha County
809,72093,Maricao Municipio
810,26079,Kalkaska County
811,72005,Aguadilla Municipio
812,22039,Evangeline Parish
813,47069,Hardeman County
814,04003,Cochise County
815,35023,Hidalgo County
816,38023,Divide County
817,06071,San Bernardino County
818,08083,Montezuma County
819,28023,Clarke County
820,19125,Marion County
821,31055,Douglas County
822,51600,Fairfax city
823,40057,Harmon County
824,29039,Cedar County
825,13059,Clarke County
826,16085,Valley County
827,48275,Knox County
828,05103,Ouachita County
829,39037,Darke County
830,40071,Kay County
831,46041,Dewey County
832,41057,Tillamook County
833,13077,Coweta County
834,13105,Elbert County
835,01005,Barbour County
836,37017,Bladen County
837,48111,Dallam County
838,17167,Sangamon County
839,40035,Craig County
840,47035,Cumberland County
841,26137,Otsego County
842,19161,Sac County
843,17113,McLean County
844,23001,Androscoggin County
845,16055,Kootenai County
846,32003,Clark County
847,20147,Phillips County
848,31089,Holt County
849,29101,Johnson County
850,55063,La Crosse County
851,22021,Caldwell Parish
852,21061,Edmonson County
853,17005,Bond County
854,17009,Brown County
855,27111,Otter Tail County
856,39077,Huron County
857,13005,Bacon County
858,10001,Kent County
859,39173,Wood County
860,13157,Jackson County
861,20003,Anderson County
862,17095,Knox County
863,30107,Wheatland County
864,47009,Blount County
865,30031,Gallatin County
866,45031,Darlington County
867,01053,Escambia County
868,13143,Haralson County
869,20001,Allen County
870,55049,Iowa County
871,27097,Morrison County
872,42003,Allegheny County
873,29205,Shelby County
874,39097,Madison County
875,20201,Washington County
876,17019,Champaign County
877,16087,Washington County
878,17045,Edgar County
879,08121,Washington County
880,39065,Hardin County
881,26113,Missaukee County
882,38093,Stutsman County
883,29203,Shannon County
884,48423,Smith County
885,40143,Tulsa County
886,40091,McIntosh County
887,48395,Robertson County
888,48171,Gillespie County
889,26125,Oakland County
890,54093,Tucker County
891,72113,Ponce Municipio
892,55023,Crawford County
893,01071,Jackson County
894,19123,Mahaska County
895,20045,Douglas County
896,21059,Daviess County
897,21197,Powell County
898,29097,Jasper County
899,41061,Union County
900,13151,Henry County
901,47175,Van Buren County
902,40125,Pottawatomie County
903,35053,Socorro County
904,13003,Atkinson County
905,12031,Duval County
906,48145,Falls County
907,05149,Yell County
908,20033,Comanche County
909,21113,Jessamine County
910,21171,Monroe County
911,48031,Blanco County
912,55015,Calumet County
913,21121,Knox County
914,26067,Ionia County
915,37129,New Hanover County
916,47131,Obion County
917,21035,Calloway County
918,51003,Albemarle County
919,47147,Robertson County
920,51043,Clarke County
921,53023,Garfield County
922,21109,Jackson County
923,27031,Cook County
924,45073,Oconee County
925,22033,East Baton Rouge Parish
926,28021,Claiborne County
927,24037,St. Mary's County
928,21127,Lawrence County
929,21175,Morgan County
930,21177,Muhlenberg County
931,17049,Effingham County
932,47105,Loudon County
933,46025,Clark County
934,15003,Honolulu County
935,12041,Gilchrist County
936,18157,Tippecanoe County
937,42109,Snyder County
938,48277,Lamar County
939,12086,Miami-Dade County
940,31057,Dundy County
941,48289,Leon County
942,08097,Pitkin County
943,38035,Grand Forks County
944,18091,LaPorte County
945,18057,Hamilton County
946,51595,Emporia city
947,40081,Lincoln County
948,20071,Greeley County
949,13145,Harris County
950,13251,Screven County
951,72127,San Juan Municipio
952,48433,Stonewall County
953,39069,Henry County
954,33009,Grafton County
955,29145,Newton County
956,18129,Posey County
957,48311,McMullen County
958,17035,Cumberland County
959,13297,Walton County
960,27121,Pope County
961,51157,Rappahannock County
962,51009,Amherst County
963,06111,Ventura County
964,17033,Crawford County
965,08093,Park County
966,27115,Pine County
967,48021,Bastrop County
968,53039,Klickitat County
969,53055,San Juan County
970,55009,Brown County
971,20205,Wilson County
972,22069,Natchitoches Parish
973,22109,Terrebonne Parish
974,13155,Irwin County
975,02185,North Slope Borough
976,26011,Arenac County
977,19111,Lee County
978,20141,Osborne County
979,26047,Emmet County
980,19071,Fremont County
981,23015,Lincoln County
982,21023,Bracken County
983,55037,Florence County
984,54087,Roane County
985,27159,Wadena County
986,37007,Anson County
987,02100,Haines Borough
988,38007,Billings County
989,31003,Antelope County
990,29073,Gasconade County
991,12067,Lafayette County
992,37035,Catawba County
993,21025,Breathitt County
994,48075,Childress County
995,29181,Ripley County
996,17179,Tazewell County
997,48243,Jeff Davis County
998,51678,Lexington city
999,05135,Sharp County
1000,08069,Larimer County
1001,27163,Washington County
1002,51740,Portsmouth city
1003,42051,Fayette County
1004,54023,Grant County
1005,51171,Shenandoah County
1006,48235,Irion County
1007,54101,Webster County
1008,49011,Davis County
1009,27033,Cottonwood County
1010,72053,Fajardo Municipio
1011,01063,Greene County
1012,16033,Clark County
1013,19109,Kossuth County
1014,72151,Yabucoa Municipio
1015,38013,Burke County
1016,37063,Durham County
1017,19085,Harrison County
1018,31103,Keya Paha County
1019,19187,Webster County
1020,17151,Pope County
1021,47159,Smith County
1022,51089,Henry County
1023,51510,Alexandria city
1024,19101,Jefferson County
1025,30049,Lewis and Clark County
1026,49013,Duchesne County
1027,40003,Alfalfa County
1028,48119,Delta County
1029,47169,Trousdale County
1030,21193,Perry County
1031,46039,Deuel County
1032,41029,Jackson County
1033,72067,Hormigueros Municipio
1034,48507,Zavala County
1035,31007,Banner County
1036,19121,Madison County
1037,12011,Broward County
1038,13279,Toombs County
1039,26151,Sanilac County
1040,48397,Rockwall County
1041,26163,Wayne County
1042,18043,Floyd County
1043,20129,Morton County
1044,21081,Grant County
1045,21217,Taylor County
1046,13115,Floyd County
1047,32001,Churchill County
1048,24011,Caroline County
1049,27041,Douglas County
1050,30043,Jefferson County
1051,51059,Fairfax County
1052,30023,Deer Lodge County
1053,47001,Anderson County
1054,37075,Graham County
1055,54045,Logan County
1056,54073,Pleasants County
1057,51071,Giles County
1058,54019,Fayette County
1059,53061,Snohomish County
1060,35015,Eddy County
1061,31117,McPherson County
1062,31145,Red Willow County
1063,30051,Liberty County
1064,48131,Duval County
1065,29173,Ralls County
1066,48251,Johnson County
1067,13061,Clay County
1068,41023,Grant County
1069,41011,Coos County
1070,48159,Franklin County
1071,36113,Warren County
1072,51113,Madison County
1073,40005,Atoka County
1074,17129,Menard County
1075,13015,Bartow County
1076,12069,Lake County
1077,40111,Okmulgee County
1078,38083,Sheridan County
1079,18049,Fulton County
1080,20091,Johnson County
1081,24009,Calvert County
1082,55129,Washburn County
1083,53031,Jefferson County
1084,72003,Aguada Municipio
1085,27169,Winona County
1086,28149,Warren County
1087,29003,Andrew County
1088,29139,Montgomery County
1089,20021,Cherokee County
1090,37083,Halifax County
1091,35043,Sandoval County
1092,21051,Clay County
1093,42035,Clinton County
1094,13235,Pulaski County
1095,37015,Bertie County
1096,37167,Stanly County
1097,47143,Rhea County
1098,37079,Greene County
1099,21131,Leslie County
1100,24039,Somerset County
1101,17123,Marshall County
1102,21143,Lyon County
1103,48095,Concho County
1104,48081,Coke County
1105,47133,Overton County
1106,26063,Huron County
1107,26069,Iosco County
1108,13069,Coffee County
1109,13299,Ware County
1110,38037,Grant County
1111,22051,Jefferson Parish
1112,22103,St. Tammany Parish
1113,45045,Greenville County
1114,46085,Lyman County
1115,55121,Trempealeau County
1116,06113,Yolo County
1117,48431,Sterling County
1118,48495,Winkler County
1119,46071,Jackson County
1120,49041,Sevier County
1121,51036,Charles City County
1122,20197,Wabaunsee County
1123,27055,Houston County
1124,21181,Nicholas County
1125,25023,Plymouth County
1126,36005,Bronx County
1127,37055,Dare County
1128,39103,Medina County
1129,42005,Armstrong County
1130,34001,Atlantic County
1131,55071,Manitowoc County
1132,55029,Door County
1133,37047,Columbus County
1134,39053,Gallia County
1135,48441,Taylor County
1136,26085,Lake County
1137,26139,Ottawa County
1138,17031,Cook County
1139,17059,Gallatin County
1140,45047,Greenwood County
1141,20059,Franklin County
1142,27027,Clay County
1143,47075,Haywood County
1144,49003,Box Elder County
1145,28139,Tippah County
1146,54051,Marshall County
1147,54035,Jackson County
1148,16039,Elmore County
1149,24005,Baltimore County
1150,38005,Benson County
1151,29163,Pike County
1152,39087,Lawrence County
1153,29201,Scott County
1154,39001,Adams County
1155,48143,Erath County
1156,13137,Habersham County
1157,13319,Wilkinson County
1158,54061,Monongalia County
1159,39033,Crawford County
1160,12027,DeSoto County
1161,39059,Guernsey County
1162,26015,Barry County
1163,29209,Stone County
1164,51760,Richmond city
1165,37169,Stokes County
1166,19039,Clarke County
1167,19065,Fayette County
1168,06041,Marin County
1169,48381,Randall County
1170,48401,Rusk County
1171,19181,Warren County
1172,39161,Van Wert County
1173,12043,Glades County
1174,13199,Meriwether County
1175,50023,Washington County
1176,46093,Meade County
1177,29229,Wright County
1178,30101,Toole County
1179,36107,Tioga County
1180,48287,Lee County
1181,13121,Fulton County
1182,48073,Cherokee County
1183,29007,Audrain County
1184,45029,Colleton County
1185,55055,Jefferson County
1186,22107,Tensas Parish
1187,47123,Monroe County
1188,20075,Hamilton County
1189,19151,Pocahontas County
1190,16045,Gem County
1191,05063,Independence County
1192,05085,Lonoke County
1193,18111,Newton County
1194,13119,Franklin County
1195,12051,Hendry County
1196,13265,Taliaferro County
1197,48245,Jefferson County
1198,30059,Meagher County
1199,29087,Holt County
1200,48295,Lipscomb County
1201,37065,Edgecombe County
1202,48241,Jasper County
1203,49001,Beaver County
1204,13213,Murray County
1205,18075,Jay County
1206,26117,Montcalm County
1207,36083,Rensselaer County
1208,12021,Collier County
1209,35031,McKinley County
1210,13017,Ben Hill County
1211,05077,Lee County
1212,12003,Baker County
1213,13173,Lanier County
1214,20159,Rice County
1215,01015,Calhoun County
1216,28059,Jackson County
1217,21037,Campbell County
1218,21057,Cumberland County
1219,28107,Panola County
1220,48195,Hansford County
1221,48071,Chambers County
1222,13239,Quitman County
1223,05031,Craighead County
1224,29195,Saline County
1225,17193,White County
1226,17039,De Witt County
1227,32033,White Pine County
1228,27049,Goodhue County
1229,37173,Swain County
1230,12101,Pasco County
1231,12119,Sumter County
1232,36059,Nassau County
1233,38091,Steele County
1234,18163,Vanderburgh County
1235,29071,Franklin County
1236,37011,Avery County
1237,54107,Wood County
1238,55007,Bayfield County
1239,47161,Stewart County
1240,55097,Portage County
1241,45063,Lexington County
1242,24003,Anne Arundel County
1243,55039,Fond du Lac County
1244,22071,Orleans Parish
1245,01073,Jefferson County
1246,01127,Walker County
1247,29063,DeKalb County
1248,12039,Gadsden County
1249,13083,Dade County
1250,28033,DeSoto County
1251,51187,Warren County
1252,17047,Edwards County
1253,47113,Madison County
1254,69110,Saipan Municipality
1255,17125,Mason County
1256,51197,Wythe County
1257,13303,Washington County
1258,53077,Yakima County
1259,05143,Washington County
1260,48213,Henderson County
1261,55035,Eau Claire County
1262,47153,Sequatchie County
1263,48471,Walker County
1264,04005,Coconino County
1265,12087,Monroe County
1266,39157,Tuscarawas County
1267,09110,Capitol Planning Region
1268,09120,Greater Bridgeport Planning Region
1269,09130,Lower Connecticut River Valley Planning Region
1270,09140,Naugatuck Valley Planning Region
1271,09150,Northeastern Connecticut Planning Region
1272,09160,Northwest Hills Planning Region
1273,09170,South Central Connecticut Planning Region
1274,09180,Southeastern Connecticut Planning Region
1275,09190,Western Connecticut Planning Region
1276,51710,Norfolk city
1277,48389,Reeves County
1278,51155,Pulaski County
1279,37179,Union County
1280,38053,McKenzie County
1281,12091,Okaloosa County
1282,06001,Alameda County
1283,17013,Calhoun County
1284,18085,Kosciusko County
1285,28103,Noxubee County
1286,05147,Woodruff County
1287,34015,Gloucester County
1288,33011,Hillsborough County
1289,30045,Judith Basin County
1290,37121,Mitchell County
1291,30077,Powell County
1292,41053,Polk County
1293,41065,Wasco County
1294,46105,Perkins County
1295,19173,Taylor County
1296,01129,Washington County
1297,39039,Defiance County
1298,54025,Greenbrier County
1299,17121,Marion County
1300,51051,Dickenson County
1301,51007,Amelia County
1302,13243,Randolph County
1303,35029,Luna County
1304,48355,Nueces County
1305,56045,Weston County
1306,72137,Toa Baja Municipio
1307,17187,Warren County
1308,01089,Madison County
1309,47189,Wilson County
1310,48063,Camp County
1311,40067,Jefferson County
1312,54085,Ritchie County
1313,19145,Page County
1314,20087,Jefferson County
1315,22045,Iberia Parish
1316,02158,Kusilvak Census Area
1317,37133,Onslow County
1318,01049,DeKalb County
1319,36101,Steuben County
1320,42053,Forest County
1321,22105,Tangipahoa Parish
1322,51179,Stafford County
1323,26109,Menominee County
1324,18073,Jasper County
1325,13025,Brantley County
1326,13171,Lamar County
1327,18151,Steuben County
1328,48361,Orange County
1329,39047,Fayette County
1330,25015,Hampshire County
1331,21003,Allen County
1332,37001,Alamance County
1333,20073,Greenwood County
1334,54031,Hardy County
1335,72001,Adjuntas Municipio
1336,55089,Ozaukee County
1337,47163,Sullivan County
1338,45059,Laurens County
1339,56011,Crook County
1340,55117,Sheboygan County
1341,25013,Hampden County
1342,48055,Caldwell County
1343,20029,Cloud County
1344,06027,Inyo County
1345,01037,Coosa County
1346,55123,Vernon County
1347,29093,Iron County
1348,48223,Hopkins County
1349,36001,Albany County
1350,48225,Houston County
1351,39111,Monroe County
1352,20165,Rush County
1353,18107,Montgomery County
1354,20187,Stanton County
1355,21129,Lee County
1356,27071,Koochiching County
1357,48029,Bexar County
1358,08013,Boulder County
1359,47089,Jefferson County
1360,40097,Mayes County
1361,37093,Hoke County
1362,31131,Otoe County
1363,42023,Cameron County
1364,45035,Dorchester County
1365,27161,Waseca County
1366,46015,Brule County
1367,47177,Warren County
1368,17023,Clark County
1369,21201,Robertson County
1370,47095,Lake County
1371,45015,Berkeley County
1372,05051,Garland County
1373,20139,Osage County
1374,39155,Trumbull County
1375,48333,Mills County
1376,48359,Oldham County
1377,42019,Butler County
1378,16049,Idaho County
1379,20115,Marion County
1380,51029,Buckingham County
1381,36099,Seneca County
1382,21125,Laurel County
1383,47121,Meigs County
1384,29213,Taney County
1385,13269,Taylor County
1386,51830,Williamsburg city
1387,48415,Scurry County
1388,08047,Gilpin County
1389,40087,McClain County
1390,54071,Pendleton County
1391,51139,Page County
1392,40079,Le Flore County
1393,54089,Summers County
1394,37119,Mecklenburg County
1395,34013,Essex County
1396,29115,Linn County
1397,13209,Montgomery County
1398,41055,Sherman County
1399,54053,Mason County
1400,54021,Gilmer County
1401,28063,Jefferson County
1402,38079,Rolette County
1403,30103,Treasure County
1404,21049,Clark County
1405,72101,Morovis Municipio
1406,26005,Allegan County
1407,47005,Benton County
1408,27015,Brown County
1409,47137,Pickett County
1410,51109,Louisa County
1411,18145,Shelby County
1412,30091,Sheridan County
1413,31063,Frontier County
1414,72089,Luquillo Municipio
1415,01007,Bibb County
1416,28075,Lauderdale County
1417,27011,Big Stone County
1418,27013,Blue Earth County
1419,51091,Highland County
1420,51177,Spotsylvania County
1421,33017,Strafford County
1422,13153,Houston County
1423,02130,Ketchikan Gateway Borough
1424,26035,Clare County
1425,20157,Republic County
1426,12127,Volusia County
1427,40017,Canadian County
1428,72115,Quebradillas Municipio
1429,35019,Guadalupe County
1430,21163,Meade County
1431,21179,Nelson County
1432,21187,Owen County
1433,19041,Clay County
1434,30025,Fallon County
1435,46107,Potter County
1436,48109,Culberson County
1437,23005,Cumberland County
1438,48013,Atascosa County
1439,20095,Kingman County
1440,06093,Siskiyou County
1441,46037,Day County
1442,48375,Potter County
1443,40133,Seminole County
1444,45003,Aiken County
1445,60020,Manu'a District
1446,06045,Mendocino County
1447,51550,Chesapeake city
1448,69120,Tinian Municipality
1449,72153,Yauco Municipio
1450,56037,Sweetwater County
1451,48169,Garza County
1452,42119,Union County
1453,51041,Chesterfield County
1454,08023,Costilla County
1455,48099,Coryell County
1456,19001,Adair County
1457,13053,Chattahoochee County
1458,06043,Mariposa County
1459,29089,Howard County
1460,41047,Marion County
1461,55079,Milwaukee County
1462,27139,Scott County
1463,39129,Pickaway County
1464,51145,Powhatan County
1465,08014,Broomfield County
1466,47099,Lawrence County
1467,18147,Spencer County
1468,21099,Hart County
1469,21137,Lincoln County
1470,30005,Blaine County
1471,41003,Benton County
1472,27133,Rock County
1473,42063,Indiana County
1474,22061,Lincoln Parish
1475,42099,Perry County
1476,46137,Ziebach County
1477,48203,Harrison County
1478,26013,Baraga County
1479,40131,Rogers County
1480,29019,Boone County
1481,72097,Mayagüez Municipio
1482,40015,Caddo County
1483,08059,Jefferson County
1484,54011,Cabell County
1485,48383,Reagan County
1486,05141,Van Buren County
1487,08117,Summit County
1488,20035,Cowley County
1489,05071,Johnson County
1490,36041,Hamilton County
1491,51045,Craig County
1492,48083,Coleman County
1493,02290,Yukon-Koyukuk Census Area
1494,04017,Navajo County
1495,28085,Lincoln County
1496,48357,Ochiltree County
1497,48103,Crane County
1498,56003,Big Horn County
1499,46003,Aurora County
1500,02013,Aleutians East Borough
1501,31061,Franklin County
1502,24029,Kent County
1503,20037,Crawford County
1504,27023,Chippewa County
1505,46103,Pennington County
1506,45049,Hampton County
1507,16043,Fremont County
1508,13029,Bryan County
1509,51053,Dinwiddie County
1510,12111,St. Lucie County
1511,36055,Monroe County
1512,46083,Lincoln County
1513,55017,Chippewa County
1514,55073,Marathon County
1515,32007,Elko County
1516,54007,Braxton County
1517,26165,Wexford County
1518,48079,Cochran County
1519,42013,Blair County
1520,29085,Hickory County
1521,29009,Barry County
1522,27123,Ramsey County
1523,05081,Little River County
1524,32019,Lyon County
1525,12071,Lee County
1526,41033,Josephine County
1527,72091,Manatí Municipio
1528,28113,Pike County
1529,47031,Coffee County
1530,48439,Tarrant County
1531,24033,Prince George's County
1532,51169,Scott County
1533,48239,Jackson County
1534,40085,Love County
1535,13289,Twiggs County
1536,39099,Mahoning County
1537,01087,Macon County
1538,17191,Wayne County
1539,48437,Swisher County
1540,29151,Osage County
1541,17089,Kane County
1542,06017,El Dorado County
1543,45055,Kershaw County
1544,37073,Gates County
1545,08089,Otero County
1546,41019,Douglas County
1547,50003,Bennington County
1548,12019,Clay County
1549,37183,Wake County
1550,39061,Hamilton County
1551,34003,Bergen County
1552,32017,Lincoln County
1553,02180,Nome Census Area
1554,55061,Kewaunee County
1555,48369,Parmer County
1556,40151,Woods County
1557,21063,Elliott County
1558,25003,Berkshire County
1559,29041,Chariton County
1560,08103,Rio Blanco County
1561,08087,Morgan County
1562,41045,Malheur County
1563,34023,Middlesex County
1564,20191,Sumner County
1565,26127,Oceana County
1566,27065,Kanabec County
1567,39007,Ashtabula County
1568,06003,Alpine County
1569,48167,Galveston County
1570,01011,Bullock County
1571,17105,Livingston County
1572,39135,Preble County
1573,39079,Jackson County
1574,48201,Harris County
1575,25017,Middlesex County
1576,72145,Vega Baja Municipio
1577,48115,Dawson County
1578,36069,Ontario County
1579,01001,Autauga County
1580,39049,Franklin County
1581,49021,Iron County
1582,32009,Esmeralda County
1583,26083,Keweenaw County
1584,49039,Sanpete County
1585,20093,Kearny County
1586,12009,Brevard County
1587,18105,Monroe County
1588,19117,Lucas County
1589,21239,Woodford County
1590,17085,Jo Daviess County
1591,18059,Hancock County
1592,51620,Franklin city
1593,48329,Midland County
1594,20171,Scott County
1595,30013,Cascade County
1596,51660,Harrisonburg city
1597,17199,Williamson County
1598,30029,Flathead County
1599,72111,Peñuelas Municipio
1600,20189,Stevens County
1601,29155,Pemiscot County
1602,31125,Nance County
1603,55078,Menominee County
1604,48365,Panola County
1605,21011,Bath County
1606,48001,Anderson County
1607,51033,Caroline County
1608,19167,Sioux County
1609,06021,Glenn County
1610,29510,St. Louis city
1611,13111,Fannin County
1612,72055,Guánica Municipio
1613,24019,Dorchester County
1614,42037,Columbia County
1615,39023,Clark County
1616,48323,Maverick County
1617,04019,Pima County
1618,35006,Cibola County
1619,34005,Burlington County
1620,50021,Rutland County
1621,13099,Early County
1622,31149,Rock County
1623,47085,Humphreys County
1624,26051,Gladwin County
1625,21173,Montgomery County
1626,45057,Lancaster County
1627,21123,Larue County
1628,19193,Woodbury County
1629,12123,Taylor County
1630,17003,Alexander County
1631,29099,Jefferson County
1632,29113,Lincoln County
1633,13051,Chatham County
1634,12125,Union County
1635,36037,Genesee County
1636,18019,Clark County
1637,21021,Boyle County
1638,21065,Estill County
1639,48087,Collingsworth County
1640,48089,Colorado County
1641,17063,Grundy County
1642,27081,Lincoln County
1643,13109,Evans County
1644,48497,Wise County
1645,02050,Bethel Census Area
1646,49033,Rich County
1647,28117,Prentiss County
1648,21235,Whitley County
1649,18149,Starke County
1650,48491,Williamson County
1651,72109,Patillas Municipio
1652,19131,Mitchell County
1653,13107,Emanuel County
1654,22025,Catahoula Parish
1655,42025,Carbon County
1656,31133,Pawnee County
1657,47171,Unicoi County
1658,45083,Spartanburg County
1659,72051,Dorado Municipio
1660,47041,DeKalb County
1661,36029,Erie County
1662,24031,Montgomery County
1663,53021,Franklin County
1664,19093,Ida County
1665,20173,Sedgwick County
1666,48453,Travis County
1667,12057,Hillsborough County
1668,34021,Mercer County
1669,31023,Butler County
1670,42129,Westmoreland County
1671,12015,Charlotte County
1672,19029,Cass County
1673,39107,Mercer County
1674,21073,Franklin County
1675,23009,Hancock County
1676,23013,Knox County
1677,13217,Newton County
1678,46049,Faulk County
1679,26061,Houghton County
1680,30061,Mineral County
1681,47051,Franklin County
1682,22029,Concordia Parish
1683,22063,Livingston Parish
1684,25009,Essex County
1685,46019,Butte County
1686,08035,Douglas County
1687,45079,Richland County
1688,18095,Madison County
1689,40099,Murray County
1690,54009,Brooke County
1691,54013,Calhoun County
1692,51021,Bland County
1693,30111,Yellowstone County
1694,54043,Lincoln County
1695,06033,Lake County
1696,13131,Grady County
1697,08021,Conejos County
1698,49037,San Juan County
1699,18133,Putnam County
1700,47015,Cannon County
1701,23007,Franklin County
1702,21165,Menifee County
1703,46089,McPherson County
1704,08051,Gunnison County
1705,26029,Charlevoix County
1706,27151,Swift County
1707,39147,Seneca County
1708,13267,Tattnall County
1709,48429,Stephens County
1710,37117,Martin County
1711,30081,Ravalli County
1712,13317,Wilkes County
1713,53043,Lincoln County
1714,06081,San Mateo County
1715,39171,Williams County
1716,20207,Woodson County
1717,21157,Marshall County
1718,13065,Clinch County
1719,13185,Lowndes County
1720,15005,Kalawao County
1721,15007,Kauai County
1722,26099,Macomb County
1723,13287,Turner County
1724,17079,Jasper County
1725,48331,Milam County
1726,51049,Cumberland County
1727,45085,Sumter County
1728,02164,Lake and Peninsula Borough
1729,54109,Wyoming County
1730,06029,Kern County
1731,48097,Cooke County
1732,45075,Orangeburg County
1733,55119,Taylor County
1734,27099,Mower County
1735,27101,Murray County
1736,44007,Providence County
1737,29161,Phelps County
1738,08095,Phillips County
1739,05013,Calhoun County
1740,29141,Morgan County
1741,39075,Holmes County
1742,19143,Osceola County
1743,18079,Jennings County
1744,16083,Twin Falls County
1745,17165,Saline County
1746,26077,Kalamazoo County
1747,45061,Lee County
1748,56019,Johnson County
1749,18027,Daviess County
1750,26055,Grand Traverse County
1751,22003,Allen Parish
1752,46065,Hughes County
1753,46069,Hyde County
1754,45027,Clarendon County
1755,30095,Stillwater County
1756,47007,Bledsoe County
1757,21219,Todd County
1758,47183,Weakley County
1759,29077,Greene County
1760,51685,Manassas Park city
1761,51013,Arlington County
1762,51035,Carroll County
1763,29183,St. Charles County
1764,06069,San Benito County
1765,24035,Queen Anne's County
1766,20013,Brown County
1767,13031,Bulloch County
1768,21071,Floyd County
1769,30007,Broadwater County
1770,13309,Wheeler County
1771,37049,Craven County
1772,51570,Colonial Heights city
1773,39031,Coshocton County
1774,31135,Perkins County
1775,48205,Hartley County
1776,08049,Grand County
1777,48249,Jim Wells County
1778,19189,Winnebago County
1779,06079,San Luis Obispo County
1780,01067,Henry County
1781,39175,Wyandot County
1782,38085,Sioux County
1783,48127,Dimmit County
1784,27045,Fillmore County
1785,45023,Chester County
1786,27073,Lac qui Parle County
1787,49005,Cache County
1788,55093,Pierce County
1789,13049,Charlton County
1790,13233,Polk County
1791,49051,Wasatch County
1792,16029,Caribou County
1793,37157,Rockingham County
1794,05117,Prairie County
1795,05011,Bradley County
1796,48193,Hamilton County
1797,21067,Fayette County
1798,21091,Hancock County
1799,46013,Brown County
1800,54001,Barbour County
1801,47181,Wayne County
1802,31013,Box Butte County
1803,42097,Northumberland County
1804,48469,Victoria County
1805,51530,Buena Vista city
1806,26147,St. Clair County
1807,31173,Thurston County
1808,50015,Lamoille County
1809,51067,Franklin County
1810,40011,Blaine County
1811,19103,Johnson County
1812,20133,Neosho County
1813,21089,Greenup County
1814,20107,Linn County
1815,49017,Garfield County
1816,32011,Eureka County
1817,31085,Hayes County
1818,26119,Montmorency County
1819,26135,Oscoda County
1820,35007,Colfax County
1821,17163,St. Clair County
1822,17189,Washington County
1823,42009,Bedford County
1824,05127,Scott County
1825,20099,Labette County
1826,48059,Callahan County
1827,48379,Rains County
1828,20067,Grant County
1829,51105,Lee County
1830,35051,Sierra County
1831,05043,Drew County
1832,31123,Morrill County
1833,30019,Daniels County
1834,12073,Leon County
1835,40119,Payne County
1836,01039,Covington County
1837,18093,Lawrence County
1838,20069,Gray County
1839,21045,Casey County
1840,21169,Metcalfe County
1841,21207,Russell County
1842,22011,Beauregard Parish
1843,23025,Somerset County
1844,40025,Cimarron County
1845,19097,Jackson County
1846,38063,Nelson County
1847,36019,Clinton County
1848,08045,Garfield County
1849,26097,Mackinac County
1850,48307,McCulloch County
1851,28141,Tishomingo County
1852,48105,Crockett County
1853,48217,Hill County
1854,08075,Logan County
1855,20055,Finney County
1856,48473,Waller County
1857,01099,Monroe County
1858,50009,Essex County
1859,29015,Benton County
1860,05109,Pike County
1861,08077,Mesa County
1862,29065,Dent County
1863,51185,Tazewell County
1864,42103,Pike County
1865,42115,Susquehanna County
1866,48343,Morris County
1867,42125,Washington County
1868,50001,Addison County
1869,20103,Leavenworth County
1870,26121,Muskegon County
1871,51680,Lynchburg city
1872,05125,Saline County
1873,42089,Monroe County
1874,05101,Newton County
1875,38019,Cavalier County
1876,01045,Dale County
1877,20109,Logan County
1878,06039,Madera County
1879,29075,Gentry County
1880,31009,Blaine County
1881,49009,Daggett County
1882,56031,Platte County
1883,37071,Gaston County
1884,47081,Hickman County
1885,28143,Tunica County
1886,29081,Harrison County
1887,72029,Canóvanas Municipio
1888,18005,Bartholomew County
1889,13223,Paulding County
1890,39015,Brown County
1891,47141,Putnam County
1892,38101,Ward County
1893,25027,Worcester County
1894,39091,Logan County
1895,06031,Kings County
1896,06073,San Diego County
1897,72123,Salinas Municipio
1898,13079,Crawford County
1899,72103,Naguabo Municipio
1900,29037,Cass County
1901,36027,Dutchess County
1902,48477,Washington County
1903,08101,Pueblo County
1904,29067,Douglas County
1905,38009,Bottineau County
1906,37051,Cumberland County
1907,56017,Hot Springs County
1908,26001,Alcona County
1909,06061,Placer County
1910,05129,Searcy County
1911,48305,Lynn County
1912,36077,Otsego County
1913,37153,Richmond County
1914,49027,Millard County
1915,49029,Morgan County
1916,48257,Kaufman County
1917,04011,Greenlee County
1918,04013,Maricopa County
1919,26129,Ogemaw County
1920,47087,Jackson County
1921,17159,Richland County
1922,72045,Comerío Municipio
1923,15009,Maui County
1924,22057,Lafourche Parish
1925,19139,Muscatine County
1926,12113,Santa Rosa County
1927,18101,Martin County
1928,21203,Rockcastle County
1929,21223,Trimble County
1930,01107,Pickens County
1931,40045,Ellis County
1932,17145,Perry County
1933,19075,Grundy County
1934,08107,Routt County
1935,34035,Somerset County
1936,06011,Colusa County
1937,17087,Johnson County
1938,08053,Hinsdale County
1939,16031,Cassia County
1940,27059,Isanti County
1941,42049,Erie County
1942,28029,Copiah County
1943,48467,Van Zandt County
1944,51161,Roanoke County
1945,51015,Augusta County
1946,02060,Bristol Bay Borough
1947,41009,Columbia County
1948,45041,Florence County
1949,38061,Mountrail County
1950,49053,Washington County
1951,30003,Big Horn County
1952,42047,Elk County
1953,31165,Sioux County
1954,28031,Covington County
1955,72099,Moca Municipio
1956,18013,Brown County
1957,48199,Hardin County
1958,39143,Sandusky County
1959,23021,Piscataquis County
1960,17153,Pulaski County
1961,40107,Okfuskee County
1962,26145,Saginaw County
1963,35039,Rio Arriba County
1964,50005,Caledonia County
1965,51023,Botetourt County
1966,17119,Madison County
1967,48085,Collin County
1968,45001,Abbeville County
1969,31053,Dodge County
1970,12115,Sarasota County
1971,55077,Marquette County
1972,04015,Mohave County
1973,04025,Yavapai County
1974,45051,Horry County
1975,42091,Montgomery County
1976,16061,Lewis County
1977,72013,Arecibo Municipio
1978,51720,Norton city
1979,34027,Morris County
1980,29211,Sullivan County
1981,20135,Ness County
1982,48039,Brazoria County
1983,51790,Staunton city
1984,31029,Chase County
1985,39113,Montgomery County
1986,48447,Throckmorton County
1987,13221,Oglethorpe County
1988,05029,Conway County
1989,29147,Nodaway County
1990,38073,Ransom County
1991,40037,Creek County
1992,48457,Tyler County
1993,06037,Los Angeles County
1994,04027,Yuma County
1995,13129,Gordon County
1996,19025,Calhoun County
1997,12055,Highlands County
1998,51580,Covington city
1999,50017,Orange County
2000,20113,McPherson County
2001,04021,Pinal County
2002,39051,Fulton County
2003,08003,Alamosa County
2004,12017,Citrus County
2005,72049,Culebra Municipio
2006,28129,Smith County
2007,16075,Payette County
2008,16079,Shoshone County
2009,37095,Hyde County
2010,02122,Kenai Peninsula Borough
2011,01003,Baldwin County
2012,19007,Appanoose County
2013,78010,St. Croix Island
2014,51127,New Kent County
2015,13263,Talbot County
2016,36049,Lewis County
2017,54015,Clay County
2018,18077,Jefferson County
2019,48347,Nacogdoches County
2020,44009,Washington County
2021,53047,Okanogan County
2022,53063,Spokane County
2023,22059,LaSalle Parish
2024,23027,Waldo County
2025,24027,Howard County
2026,49035,Salt Lake County
2027,38001,Adams County
2028,37137,Pamlico County
2029,21083,Graves County
2030,42021,Cambria County
2031,47107,McMinn County
2032,26093,Livingston County
2033,08001,Adams County
2034,42069,Lackawanna County
2035,40123,Pontotoc County
2036,28127,Simpson County
2037,28131,Stone County
2038,06013,Contra Costa County
2039,47017,Carroll County
2040,51087,Henrico County
2041,18119,Owen County
2042,36119,Westchester County
2043,29017,Bollinger County
2044,54047,McDowell County
2045,54033,Harrison County
2046,06115,Yuba County
2047,01117,Shelby County
2048,08091,Ouray County
2049,35009,Curry County
2050,40149,Washita County
2051,37135,Orange County
2052,18131,Pulaski County
2053,26019,Benzie County
2054,72087,Loíza Municipio
2055,16071,Oneida County
2056,17139,Moultrie County
2057,21107,Hopkins County
2058,16035,Clearwater County
2059,21013,Bell County
2060,27035,Crow Wing County
2061,60050,Western District
2062,72011,Añasco Municipio
2063,04009,Graham County
2064,30017,Custer County
2065,46109,Roberts County
2066,17141,Ogle County
2067,38077,Richland County
2068,55005,Barron County
2069,55051,Iron County
2070,27157,Wabasha County
2071,06015,Del Norte County
2072,40127,Pushmataha County
2073,53007,Chelan County
2074,26141,Presque Isle County
2075,40027,Cleveland County
2076,36105,Sullivan County
2077,37149,Polk County
2078,37165,Scotland County
2079,37085,Harnett County
2080,37105,Lee County
2081,18159,Tipton County
2082,20027,Clay County
2083,20121,Miami County
2084,13091,Dodge County
2085,36023,Cortland County
2086,13039,Camden County
2087,26161,Washtenaw County
2088,18087,LaGrange County
2089,48371,Pecos County
2090,13225,Peach County
2091,13311,White County
2092,13163,Jefferson County
2093,55083,Oconto County
2094,31065,Furnas County
2095,01069,Houston County
2096,40103,Noble County
2097,20063,Gove County
2098,22077,Pointe Coupee Parish
2099,31067,Gage County
2100,01115,St. Clair County
2101,28123,Scott County
2102,13095,Dougherty County
2103,18061,Harrison County
2104,16017,Bonner County
2105,13047,Catoosa County
2106,55105,Rock County
2107,45077,Pickens County
2108,53013,Columbia County
2109,18023,Clinton County
2110,17027,Clinton County
2111,16067,Minidoka County
2112,42113,Sullivan County
2113,28121,Rankin County
2114,48345,Motley County
2115,41039,Lane County
2116,48485,Wichita County
2117,26155,Shiawassee County
2118,20089,Jewell County
2119,20123,Mitchell County
2120,12007,Bradford County
2121,28091,Marion County
2122,28039,George County
2123,27085,McLeod County
2124,55033,Dunn County
2125,08027,Custer County
2126,29123,Madison County
2127,48353,Nolan County
2128,42127,Wayne County
2129,36091,Saratoga County
2130,48041,Brazos County
2131,40095,Marshall County
2132,24001,Allegany County
2133,54103,Wetzel County
2134,55053,Jackson County
2135,41007,Clatsop County
2136,53041,Lewis County
2137,36003,Allegany County
2138,19031,Cedar County
2139,18117,Orange County
2140,13089,DeKalb County
2141,13227,Pickens County
2142,30015,Chouteau County
2143,31017,Brown County
2144,47013,Campbell County
2145,37069,Franklin County
2146,24510,Baltimore city
2147,20111,Lyon County
2148,19027,Carroll County
2149,37177,Tyrrell County
2150,27131,Rice County
2151,29219,Warren County
2152,21227,Warren County
2153,22017,Caddo Parish
2154,46121,Todd County
2155,19127,Marshall County
2156,40141,Tillman County
2157,37113,Macon County
2158,54063,Monroe County
2159,18155,Switzerland County
2160,21105,Hickman County
2161,01061,Geneva County
2162,17099,LaSalle County
2163,19055,Delaware County
2164,20127,Morris County
2165,19051,Davis County
2166,16015,Boise County
2167,55081,Monroe County
2168,37143,Perquimans County
2169,12047,Hamilton County
2170,31039,Cuming County
2171,53069,Wahkiakum County
2172,35011,De Baca County
2173,31109,Lancaster County
2174,31129,Nuckolls County
2175,72085,Las Piedras Municipio
2176,46099,Minnehaha County
2177,48327,Menard County
2178,06091,Sierra County
2179,21053,Clinton County
2180,39063,Hancock County
2181,48189,Hale County
2182,01027,Clay County
2183,48011,Armstrong County
2184,39003,Allen County
2185,13189,McDuffie County
2186,55111,Sauk County
2187,05137,Stone County
2188,41063,Wallowa County
2189,42007,Beaver County
2190,28061,Jasper County
2191,29083,Henry County
2192,08109,Saguache County
2193,37037,Chatham County
2194,53057,Skagit County
2195,28067,Jones County
2196,55021,Columbia County
2197,37019,Brunswick County
2198,27029,Clearwater County
2199,51131,Northampton County
2200,20163,Rooks County
2201,18041,Fayette County
2202,31079,Hall County
2203,31081,Hamilton County
2204,31115,Loup County
2205,06101,Sutter County
2206,42105,Potter County
2207,48465,Val Verde County
2208,20077,Harper County
2209,19133,Monona County
2210,49023,Juab County
2211,40137,Stephens County
2212,36017,Chenango County
2213,17143,Peoria County
2214,19091,Humboldt County
2215,48391,Refugio County
2216,39017,Butler County
2217,13273,Terrell County
2218,13063,Clayton County
2219,56013,Fremont County
2220,18115,Ohio County
2221,13073,Columbia County
2222,08115,Sedgwick County
2223,30065,Musselshell County
2224,42043,Dauphin County
2225,46101,Moody County
2226,54079,Putnam County
2227,34037,Sussex County
2228,20039,Decatur County
2229,18123,Perry County
2230,28145,Union County
2231,31015,Boyd County
2232,18103,Miami County
2233,20053,Ellsworth County
2234,22123,West Carroll Parish
2235,12077,Liberty County
2236,20083,Hodgeman County
2237,20119,Meade County
2238,21149,McLean County
2239,28001,Adams County
2240,72083,Las Marías Municipio
2241,28057,Itawamba County
2242,48445,Terry County
2243,35021,Harding County
2244,01121,Talladega County
2245,55067,Langlade County
2246,48155,Foard County
2247,19021,Buena Vista County
2248,19129,Mills County
2249,48385,Real County
2250,39041,Delaware County
2251,37067,Forsyth County
2252,32510,Carson City
2253,19049,Dallas County
2254,48065,Carson County
2255,13261,Sumter County
2256,29223,Wayne County
2257,26143,Roscommon County
2258,37005,Alleghany County
2259,06035,Lassen County
2260,51610,Falls Church city
2261,12081,Manatee County
2262,39119,Muskingum County
2263,08015,Chaffee County
2264,08025,Crowley County
2265,08043,Fremont County
2266,28109,Pearl River County
2267,28111,Perry County
2268,31041,Custer County
2269,12013,Calhoun County
2270,26017,Bay County
2271,47157,Shelby County
2272,06007,Butte County
2273,01023,Choctaw County
2274,18083,Knox County
2275,31047,Dawson County
2276,20057,Ford County
2277,38105,Williams County
2278,38017,Cass County
2279,17069,Hardin County
2280,31005,Arthur County
2281,48163,Frio County
2282,37077,Granville County
2283,47091,Johnson County
2284,39013,Belmont County
2285,51195,Wise County
2286,29035,Carter County
2287,40013,Bryan County
2288,31035,Clay County
2289,24017,Charles County
2290,19033,Cerro Gordo County
2291,19073,Greene County
2292,21205,Rowan County
2293,49055,Wayne County
2294,29031,Cape Girardeau County
2295,53071,Walla Walla County
2296,29133,Mississippi County
2297,05025,Cleveland County
2298,48113,Dallas County
2299,72079,Lajas Municipio
2300,25025,Suffolk County
2301,16051,Jefferson County
2302,48177,Gonzales County
2303,47115,Marion County
2304,26007,Alpena County
2305,21231,Wayne County
2306,47185,White County
2307,08067,La Plata County
2308,48027,Bell County
2309,28069,Kemper County
2310,05019,Clark County
2311,41035,Klamath County
2312,36075,Oswego County
2313,72105,Naranjito Municipio
2314,01019,Cherokee County
2315,48019,Bandera County
2316,30087,Rosebud County
2317,35059,Union County
2318,26153,Schoolcraft County
2319,36111,Ulster County
2320,34007,Camden County
2321,47165,Sumner County
2322,51097,King and Queen County
2323,05015,Carroll County
2324,51820,Waynesboro city
2325,02220,Sitka City and Borough
2326,41051,Multnomah County
2327,47061,Grundy County
2328,27057,Hubbard County
2329,38081,Sargent County
2330,36089,St. Lawrence County
2331,29179,Reynolds County
2332,06067,Sacramento County
2333,39125,Paulding County
2334,18179,Wells County
2335,51063,Floyd County
2336,06083,Santa Barbara County
2337,54005,Boone County
2338,28009,Benton County
2339,60030,Rose Island
2340,21115,Johnson County
2341,44003,Kent County
2342,50025,Windham County
2343,50019,Orleans County
2344,20085,Jackson County
2345,22041,Franklin Parish
2346,49015,Emery County
2347,53019,Ferry County
2348,30109,Wibaux County
2349,35027,Lincoln County
2350,40021,Cherokee County
2351,27173,Yellow Medicine County
2352,48231,Hunt County
2353,48335,Mitchell County
2354,48499,Wood County
2355,40113,Osage County
2356,37039,Cherokee County
2357,26107,Mecosta County
2358,21195,Pike County
2359,29047,Clay County
2360,28027,Coahoma County
2361,18011,Boone County
2362,19057,Des Moines County
2363,19163,Scott County
2364,20143,Ottawa County
2365,12023,Columbia County
2366,12059,Holmes County
2367,28047,Harrison County
2368,72141,Utuado Municipio
2369,47011,Bradley County
2370,27017,Carlton County
2371,48315,Marion County
2372,36095,Schoharie County
2373,40117,Pawnee County
2374,36007,Broome County
2375,48291,Liberty County
2376,39009,Athens County
2377,39081,Jefferson County
2378,54083,Randolph County
2379,54049,Marion County
2380,34011,Cumberland County
2381,06057,Nevada County
2382,55031,Douglas County
2383,21199,Pulaski County
2384,27165,Watonwan County
2385,16013,Blaine County
2386,22053,Jefferson Davis Parish
2387,46119,Sully County
2388,08031,Denver County
2389,40029,Coal County
2390,30011,Carter County
2391,48461,Upton County
2392,18051,Gibson County
2393,31105,Kimball County
2394,17093,Kendall County
2395,11001,District of Columbia
2396,08085,Montrose County
2397,27171,Wright County
2398,55059,Kenosha County
2399,08037,Eagle County
2400,06075,San Francisco County
2401,08113,San Miguel County
2402,02020,Anchorage Municipality
2403,12109,St. Johns County
2404,28019,Choctaw County
2405,29079,Grundy County
2406,37025,Cabarrus County
2407,29225,Webster County
2408,45053,Jasper County
2409,48043,Brewster County
2410,39005,Ashland County
2411,31119,Madison County
2412,12085,Martin County
2413,08079,Mineral County
2414,13085,Dawson County
2415,13167,Johnson County
2416,05095,Monroe County
2417,51117,Mecklenburg County
2418,21233,Webster County
2419,40047,Garfield County
2420,53059,Skamania County
2421,26091,Lenawee County
2422,05123,St. Francis County
2423,13101,Echols County
2424,02070,Dillingham Census Area
2425,20105,Lincoln County
2426,20183,Smith County
2427,12065,Jefferson County
2428,72041,Cidra Municipio
2429,28005,Amite County
2430,05097,Montgomery County
2431,26025,Calhoun County
2432,01029,Cleburne County
2433,08123,Weld County
2434,40009,Beckham County
2435,06049,Modoc County
2436,19153,Polk County
2437,36085,Richmond County
2438,39071,Highland County
2439,27077,Lake of the Woods County
2440,16011,Bingham County
2441,72023,Cabo Rojo Municipio
2442,72069,Humacao Municipio
2443,72077,Juncos Municipio
2444,21139,Livingston County
2445,13201,Miller County
2446,47103,Lincoln County
2447,21211,Shelby County
2448,31185,York County
2449,42001,Adams County
2450,45005,Allendale County
2451,47037,Davidson County
2452,49047,Uintah County
2453,49049,Utah County
2454,18021,Clay County
2455,36047,Kings County
2456,45007,Anderson County
2457,56007,Carbon County
2458,30093,Silver Bow County
2459,17177,Stephenson County
2460,26087,Lapeer County
2461,22027,Claiborne Parish
2462,48449,Titus County
2463,54027,Hampshire County
2464,37125,Moore County
2465,20009,Barton County
2466,38087,Slope County
2467,22083,Richland Parish
2468,31071,Garfield County
2469,22099,St. Martin Parish
2470,01119,Sumter County
2471,01133,Winston County
2472,12117,Seminole County
2473,28035,Forrest County
2474,26065,Ingham County
2475,20177,Shawnee County
2476,46061,Hanson County
2477,27061,Itasca County
2478,08073,Lincoln County
2479,36053,Madison County
2480,36115,Washington County
2481,18081,Johnson County
2482,17057,Fulton County
2483,36103,Suffolk County
2484,18161,Union County
2485,29119,McDonald County
2486,31157,Scotts Bluff County
2487,35047,San Miguel County
2488,01081,Lee County
2489,48367,Parker County
2490,38021,Dickey County
2491,38003,Barnes County
2492,27143,Sibley County
2493,13293,Upson County
2494,06097,Sonoma County
2495,26033,Chippewa County
2496,16019,Bonneville County
2497,13013,Barrow County
2498,13183,Long County
2499,48271,Kinney County
2500,40115,Ottawa County
2501,42033,Clearfield County
2502,26037,Clinton County
2503,72133,Santa Isabel Municipio
2504,17135,Montgomery County
2505,28003,Alcorn County
2506,28071,Lafayette County
2507,22043,Grant Parish
2508,29005,Atchison County
2509,17115,Macon County
2510,20167,Russell County
2511,17155,Putnam County
2512,46055,Haakon County
2513,47111,Macon County
2514,05023,Cleburne County
2515,01109,Pike County
2516,16003,Adams County
2517,25005,Bristol County
2518,42107,Schuylkill County
2519,38103,Wells County
2520,37045,Cleveland County
2521,05059,Hot Spring County
2522,24021,Frederick County
2523,17169,Schuyler County
2524,06051,Mono County
2525,06109,Tuolumne County
2526,35013,Doña Ana County
2527,13081,Crisp County
2528,05027,Columbia County
2529,38039,Griggs County
2530,06095,Solano County
2531,19043,Clayton County
2532,28163,Yazoo County
2533,19067,Floyd County
2534,21145,McCracken County
2535,21225,Union County
2536,46125,Turner County
2537,47029,Cocke County
2538,47067,Hancock County
2539,47071,Hardin County
2540,45067,Marion County
2541,72057,Guayama Municipio
2542,22117,Washington Parish
2543,29207,Stoddard County
2544,13093,Dooly County
2545,27145,Stearns County
2546,31155,Saunders County
2547,27141,Sherburne County
2548,46035,Davison County
2549,47025,Claiborne County
2550,48337,Montague County
2551,48049,Brown County
2552,55101,Racine County
2553,55115,Shawano County
2554,19009,Audubon County
2555,48207,Haskell County
2556,40083,Logan County
2557,36065,Oneida County
2558,08065,Lake County
2559,40121,Pittsburg County
2560,54017,Doddridge County
2561,54105,Wirt County
2562,33003,Carroll County
2563,54095,Tyler County
2564,26081,Kent County
2565,37147,Pitt County
2566,30009,Carbon County
2567,31167,Stanton County
2568,13001,Appling County
2569,25007,Dukes County
2570,38049,McHenry County
2571,31179,Wayne County
2572,38045,LaMoure County
2573,16023,Butte County
2574,33007,Coos County
2575,38043,Kidder County
2576,48273,Kleberg County
2577,18127,Porter County
2578,26009,Antrim County
2579,45069,Marlboro County
2580,16009,Benewah County
2581,17103,Lee County
2582,31127,Nemaha County
2583,37031,Carteret County
2584,20149,Pottawatomie County
2585,26075,Jackson County
2586,48091,Comal County
2587,25019,Nantucket County
2588,45009,Bamberg County
2589,48007,Aransas County
2590,13019,Berrien County
2591,18165,Vermillion County
2592,51019,Bedford County
2593,35033,Mora County
2594,31011,Boone County
2595,29149,Oregon County
2596,47083,Houston County
2597,42131,Wyoming County
2598,37107,Lenoir County
2599,16059,Lemhi County
2600,21183,Ohio County
2601,31153,Sarpy County
2602,13071,Colquitt County
2603,46117,Stanley County
2604,32031,Washoe County
2605,47073,Hawkins County
2606,38011,Bowman County
2607,42057,Fulton County
2608,22055,Lafayette Parish
2609,48237,Jack County
2610,17175,Stark County
2611,40055,Greer County
2612,48211,Hemphill County
2613,16069,Nez Perce County
2614,46129,Walworth County
2615,06055,Napa County
2616,40033,Cotton County
2617,29221,Washington County
2618,36011,Cayuga County
2619,48417,Shackelford County
2620,48407,San Jacinto County
2621,13179,Liberty County
2622,48349,Navarro County
2623,48047,Brooks County
2624,47187,Williamson County
2625,56021,Laramie County
2626,53003,Asotin County
2627,27155,Traverse County
2628,17017,Cass County
2629,13247,Rockdale County
2630,42067,Juniata County
2631,42083,McKean County
2632,40049,Garvin County
2633,31021,Burt County
2634,35045,San Juan County
2635,36073,Orleans County
2636,22031,De Soto Parish
2637,06019,Fresno County
2638,19095,Iowa County
2639,31019,Buffalo County
2640,40007,Beaver County
2641,19023,Butler County
2642,30085,Roosevelt County
2643,72017,Barceloneta Municipio
2644,51670,Hopewell city
2645,17201,Winnebago County
2646,04007,Gila County
2647,24045,Wicomico County
2648,21043,Carter County
2649,37097,Iredell County
2650,51083,Halifax County
2651,37091,Hertford County
2652,36057,Montgomery County
2653,13123,Gilmer County
2654,27135,Roseau County
2655,28089,Madison County
2656,48227,Howard County
2657,54099,Wayne County
2658,12049,Hardee County
2659,39025,Clermont County
2660,48501,Yoakum County
2661,41071,Yamhill County
2662,19115,Louisa County
2663,20049,Elk County
2664,39121,Noble County
2665,39137,Putnam County
2666,48425,Somervell County
2667,42075,Lebanon County
2668,30035,Glacier County
2669,32027,Pershing County
2670,27087,Mahnomen County
2671,34031,Passaic County
2672,30047,Lake County
2673,48261,Kenedy County
2674,48033,Borden County
2675,29157,Perry County
2676,48411,San Saba County
2677,40073,Kingfisher County
2678,48051,Burleson County
2679,36035,Fulton County
2680,28133,Sunflower County
2681,48247,Jim Hogg County
2682,08017,Cheyenne County
2683,41005,Clackamas County
2684,05113,Polk County
2685,13193,Macon County
2686,18007,Benton County
2687,47129,Morgan County
2688,46043,Douglas County
2689,24047,Worcester County
2690,17185,Wabash County
2691,18069,Huntington County
2692,21209,Scott County
2693,19053,Decatur County
2694,18169,Wabash County
2695,18003,Allen County
2696,18099,Marshall County
2697,31171,Thomas County
2698,42077,Lehigh County
2699,31159,Seward County
2700,36015,Chemung County
2701,36121,Wyoming County
2702,06099,Stanislaus County
2703,42095,Northampton County
2704,01103,Morgan County
2705,21027,Breckinridge County
2706,31113,Logan County
2707,31121,Merrick County
2708,31161,Sheridan County
2709,21039,Carlisle County
2710,56025,Natrona County
2711,13321,Worth County
2712,18109,Morgan County
2713,48139,Ellis County
2714,13229,Pierce County
2715,60010,Eastern District
2716,18053,Grant County
2717,12035,Flagler County
2718,28077,Lawrence County
2719,22127,Winn Parish
2720,17073,Henry County
2721,55087,Outagamie County
2722,29107,Lafayette County
2723,37195,Wilson County
2724,39117,Morrow County
2725,30039,Granite County
2726,38031,Foster County
2727,05033,Crawford County
2728,48053,Burnet County
2729,29186,Ste. Genevieve County
2730,48179,Gray County
2731,17109,McDonough County
2732,19137,Montgomery County
2733,05067,Jackson County
2734,48229,Hudspeth County
2735,28101,Newton County
2736,37163,Sampson County
2737,47127,Moore County
2738,12103,Pinellas County
2739,72019,Barranquitas Municipio
2740,17065,Hamilton County
2741,05105,Perry County
2742,20023,Cheyenne County
2743,08029,Delta County
2744,19185,Wayne County
2745,48165,Gaines County
2746,01093,Marion County
2747,37189,Watauga County
2748,51770,Roanoke city
2749,48317,Martin County
2750,48037,Bowie County
2751,49057,Weber County
2752,29127,Marion County
2753,36045,Jefferson County
2754,18097,Marion County
2755,05017,Chicot County
2756,13021,Bibb County
2757,72059,Guayanilla Municipio
2758,72131,San Sebastián Municipio
2759,05115,Pope County
2760,51175,Southampton County
2761,48183,Gregg County
2762,36087,Rockland County
2763,05089,Marion County
2764,51800,Suffolk city
2765,08041,El Paso County
2766,29187,St. Francois County
2767,48475,Ward County
2768,08061,Kiowa County
2769,48487,Wilbarger County
2770,41015,Curry County
2771,08119,Teller County
2772,29049,Clinton County
2773,53045,Mason County
2774,37127,Nash County
2775,51199,York County
2776,16047,Gooding County
2777,47167,Tipton County
2778,22121,West Baton Rouge Parish
2779,29171,Putnam County
2780,56039,Teton County
2781,55043,Grant County
2782,38059,Morton County
2783,37041,Chowan County
2784,37021,Buncombe County
2785,06063,Plumas County
2786,51730,Petersburg city
2787,13175,Laurens County
2788,36061,New York County
2789,05007,Benton County
2790,72071,Isabela Municipio
2791,12083,Marion County
2792,51135,Nottoway County
2793,34041,Warren County
2794,36021,Columbia County
2795,51690,Martinsville city
2796,29165,Platte County
2797,29021,Buchanan County
2798,01083,Limestone County
2799,18065,Henry County
2800,31143,Polk County
2801,39123,Ottawa County
2802,27107,Norman County
2803,27053,Hennepin County
2804,42027,Centre County
2805,48025,Bee County
2806,47077,Henderson County
2807,19171,Tama County
2808,20175,Seward County
2809,19135,Monroe County
2810,31147,Richardson County
2811,17021,Christian County
2812,12089,Nassau County
2813,12133,Washington County
2814,13007,Baker County
2815,13275,Thomas County
2816,21005,Anderson County
2817,21185,Oldham County
2818,13057,Cherokee County
2819,38065,Oliver County
2820,26133,Osceola County
2821,47109,McNairy County
2822,53001,Adams County
2823,29057,Dade County
2824,22101,St. Mary Parish
2825,50007,Chittenden County
2826,69085,Northern Islands Municipality
2827,27079,Le Sueur County
2828,53017,Douglas County
2829,36009,Cattaraugus County
2830,55027,Dodge County
2831,19105,Jones County
2832,20007,Barber County
2833,29169,Pulaski County
2834,47151,Scott County
2835,46031,Corson County
2836,46053,Gregory County
2837,37181,Vance County
2838,21033,Caldwell County
2839,45011,Barnwell County
2840,47039,Decatur County
2841,18009,Blackford County
2842,01055,Etowah County
2843,16025,Camas County
2844,20155,Reno County
2845,40001,Adair County
2846,39085,Lake County
2847,51775,Salem city
2848,51121,Montgomery County
2849,47065,Hamilton County
2850,35035,Otero County
2851,35003,Catron County
2852,01091,Marengo County
2853,56023,Lincoln County
2854,29011,Barton County
2855,48057,Calhoun County
2856,51735,Poquoson city
2857,54075,Pocahontas County
2858,48077,Clay County
2859,51095,James City County
2860,31101,Keith County
2861,31137,Phelps County
2862,22019,Calcasieu Parish
2863,22111,Union Parish
2864,40135,Sequoyah County
2865,42073,Lawrence County
2866,39067,Harrison County
2867,37003,Alexander County
2868,34009,Cape May County
2869,33005,Cheshire County
2870,27089,Marshall County
2871,51101,King William County
2872,08055,Huerfano County
2873,48255,Karnes County
2874,47023,Chester County
2875,17171,Scott County
2876,48003,Andrews County
2877,39109,Miami County
2878,31169,Thayer County
2879,47033,Crockett County
2880,19079,Hamilton County
2881,39165,Warren County
2882,13255,Spalding County
2883,34019,Hunterdon County
2884,29217,Vernon County
2885,18121,Parke County
2886,19069,Franklin County
2887,13035,Butts County
2888,08039,Elbert County
2889,40145,Wagoner County
2890,30083,Richland County
2891,05003,Ashley County
2892,05041,Desha County
2893,72147,Vieques Municipio
2894,47135,Perry County
2895,48147,Fannin County
2896,20043,Doniphan County
2897,48265,Kerr County
2898,12053,Hernando County
2899,12129,Wakulla County
2900,12131,Walton County
2901,28017,Chickasaw County
2902,29025,Caldwell County
2903,12107,Putnam County
2904,18025,Crawford County
2905,29111,Lewis County
2906,31075,Grant County
2907,21055,Crittenden County
2908,19147,Palo Alto County
2909,19159,Ringgold County
2910,37151,Randolph County
2911,24015,Cecil County
2912,18171,Warren County
2913,31077,Greeley County
2914,31095,Jefferson County
2915,31151,Saline County
2916,21119,Knott County
2917,19045,Clinton County
2918,27063,Jackson County
2919,27039,Dodge County
2920,27047,Freeborn County
2921,06009,Calaveras County
2922,25001,Barnstable County
2923,51119,Middlesex County
2924,42065,Jefferson County
2925,18089,Lake County
2926,21075,Fulton County
2927,20079,Harvey County
2928,30021,Dawson County
2929,54091,Taylor County
2930,26111,Midland County
2931,28119,Quitman County
2932,21093,Hardin County
2933,17081,Jefferson County
2934,46057,Hamlin County
2935,55069,Lincoln County
2936,36033,Franklin County
2937,51630,Fredericksburg city
2938,46007,Bennett County
2939,22115,Vernon Parish
2940,23019,Penobscot County
2941,24041,Talbot County
2942,13257,Stephens County
2943,06065,Riverside County
2944,05005,Baxter County
2945,28007,Attala County
2946,19169,Story County
2947,20011,Bourbon County
2948,42031,Clarion County
2949,46097,Miner County
2950,46073,Jerauld County
2951,18031,Decatur County
2952,18037,Dubois County
2953,51057,Essex County
2954,45089,Williamsburg County
2955,36031,Essex County
2956,19195,Worth County
2957,40063,Hughes County
2958,51027,Buchanan County
2959,51005,Alleghany County
2960,28087,Lowndes County
2961,18143,Scott County
2962,08099,Prowers County
2963,48435,Sutton County
2964,72121,Sabana Grande Municipio
2965,40101,Muskogee County
2966,19005,Allamakee County
2967,48061,Cameron County
2968,48339,Montgomery County
2969,08071,Las Animas County
2970,48299,Llano County
2971,48319,Mason County
2972,37043,Clay County
2973,36071,Orange County
2974,36093,Schenectady County
2975,54059,Mingo County
2976,51065,Fluvanna County
2977,17097,Lake County
2978,13195,Madison County
2979,05039,Dallas County
2980,08057,Jackson County
2981,08063,Kit Carson County
2982,16073,Owyhee County
2983,55141,Wood County
2984,36013,Chautauqua County
2985,13067,Cobb County
2986,26041,Delta County
2987,05131,Sebastian County
2988,06087,Santa Cruz County
2989,13191,McIntosh County
2990,13207,Monroe County
2991,29069,Dunklin County
2992,48483,Wheeler County
2993,13117,Forsyth County
2994,48409,San Patricio County
2995,28147,Walthall County
2996,29137,Monroe County
2997,26073,Isabella County
2998,48341,Moore County
2999,45017,Calhoun County
3000,56035,Sublette County
3001,29095,Jackson County
3002,13281,Towns County
3003,26149,St. Joseph County
3004,17055,Franklin County
3005,30033,Garfield County
3006,31001,Adams County
3007,27109,Olmsted County
3008,34039,Union County
3009,72139,Trujillo Alto Municipio
3010,01097,Mobile County
3011,46087,McCook County
3012,01057,Fayette County
3013,01017,Chambers County
3014,37131,Northampton County
3015,08081,Moffat County
3016,21087,Green County
3017,18047,Franklin County
3018,37013,Beaufort County
3019,72073,Jayuya Municipio
3020,38015,Burleigh County
3021,37159,Rowan County
3022,26071,Iron County
3023,27067,Kandiyohi County
3024,21237,Wolfe County
3025,48149,Fayette County
3026,46081,Lawrence County
3027,23029,Washington County
3028,48045,Briscoe County
3029,26131,Ontonagon County
3030,28015,Carroll County
3031,38033,Golden Valley County
3032,56027,Niobrara County
3033,27117,Pipestone County
3034,51099,King George County
3035,53025,Grant County
3036,27129,Renville County
3037,12001,Alachua County
3038,13241,Rabun County
3039,54097,Upshur County
3040,29215,Texas County
3041,05119,Pulaski County
3042,19047,Crawford County
3043,16005,Bannock County
3044,39055,Geauga County
3045,72035,Cayey Municipio
3046,06107,Tulare County
3047,72015,Arroyo Municipio
3048,72125,San Germán Municipio
3049,36117,Wayne County
3050,51163,Rockbridge County
3051,38095,Towner County
3052,42045,Delaware County
3053,36063,Niagara County
3054,20117,Marshall County
3055,48505,Zapata County
3056,13177,Lee County
3057,21019,Boyd County
3058,27019,Carver County
3059,31037,Colfax County
3060,45025,Chesterfield County
3061,17083,Jersey County
3062,51085,Hanover County
3063,20199,Wallace County
3064,26003,Alger County
3065,05049,Fulton County
3066,48215,Hidalgo County
3067,37155,Robeson County
3068,26123,Newaygo County
3069,41049,Morrow County
3070,27153,Todd County
3071,05083,Logan County
3072,37109,Lincoln County
3073,05091,Miller County
3074,12095,Orange County
3075,08111,San Juan County
3076,16041,Franklin County
3077,13045,Carroll County
3078,20161,Riley County
3079,48413,Schleicher County
3080,51167,Russell County
3081,37027,Caldwell County
3082,16065,Madison County
3083,18173,Warrick County
3084,21001,Adair County
3085,21077,Gallatin County
3086,21097,Harrison County
3087,22079,Rapides Parish
3088,31111,Lincoln County
3089,48067,Cass County
3090,47079,Henry County
3091,51840,Winchester city
3092,37061,Duplin County
3093,37087,Haywood County
3094,27037,Dakota County
3095,41025,Harney County
3096,72095,Maunabo Municipio
3097,55001,Adams County
3098,27095,Mille Lacs County
3099,38099,Walsh County
3100,39115,Morgan County
3101,39133,Portage County
3102,56041,Uinta County
3103,32013,Humboldt County
3104,13307,Webster County
3105,13169,Jones County
3106,13135,Gwinnett County
3107,55095,Polk County
3108,55045,Green County
3109,72107,Orocovis Municipio
3110,36079,Putnam County
3111,51700,Newport News city
3112,08011,Bent County
3113,40065,Jackson County
3114,30089,Sanders County
3115,48173,Glasscock County
3116,05047,Franklin County
3117,30037,Golden Valley County
3118,37101,Johnston County
3119,06085,Santa Clara County
3120,45019,Charleston County
3121,53005,Benton County
3122,29001,Adair County
3123,39043,Erie County
3124,17183,Vermilion County
3125,29189,St. Louis County
3126,17007,Boone County
3127,06103,Tehama County
3128,55025,Dane County
3129,48151,Fisher County
3130,22085,Sabine Parish
3131,17137,Morgan County
3132,22067,Morehouse Parish
3133,21029,Bullitt County
3134,01047,Dallas County
3135,48093,Comanche County
3136,30053,Lincoln County
3137,72129,San Lorenzo Municipio
3138,72135,Toa Alta Municipio
3139,27021,Cass County
3140,08007,Archuleta County
3141,16063,Lincoln County
3142,42071,Lancaster County
3143,55057,Juneau County
3144,02090,Fairbanks North Star Borough
3145,21101,Henderson County
3146,12093,Okeechobee County
3147,13291,Union County
3148,19013,Black Hawk County
3149,48403,Sabine County
3150,39131,Pike County
3151,01125,Tuscaloosa County
3152,01131,Wilcox County
3153,28097,Montgomery County
3154,31099,Kearney County
3155,31087,Hitchcock County
3156,10003,New Castle County
3157,16081,Teton County
3158,17161,Rock Island County
3159,51073,Gloucester County
3160,05133,Sevier County
3161,18017,Cass County
3162,16077,Power County
3163,18015,Carroll County
3164,42101,Philadelphia County
3165,56043,Washakie County
3166,37029,Camden County
3167,36109,Tompkins County
3168,05069,Jefferson County
3169,05079,Lincoln County
3170,22065,Madison Parish
3171,30105,Valley County
3172,13313,Whitfield County
3173,20203,Wichita County
3174,46023,Charles Mix County
3175,31027,Cedar County
3176,53035,Kitsap County
3177,17111,McHenry County
3178,30069,Petroleum County
3179,29033,Carroll County
3180,53075,Whitman County
3181,27147,Steele County
3182,21117,Kenton County
3183,19037,Chickasaw County
3184,17037,DeKalb County
3185,19081,Hancock County
3186,38089,Stark County
3187,26095,Luce County
3188,40019,Carter County
3189,37139,Pasquotank County
3190,35055,Taos County
3191,28011,Bolivar County
3192,32023,Nye County
3193,21069,Fleming County
3194,55019,Clark County
3195,45091,York County
3196,18001,Adams County
3197,22005,Ascension Parish
3198,28155,Webster County
3199,25011,Franklin County
3200,31031,Cherry County
3201,30001,Beaverhead County
3202,29143,New Madrid County
3203,05057,Hempstead County
3204,29029,Camden County
3205,51031,Campbell County
3206,39105,Meigs County
3207,54067,Nicholas County
3208,40053,Grant County
3209,46115,Spink County
3210,50027,Windsor County
3211,48455,Trinity County
3212,35001,Bernalillo County
3213,13205,Mitchell County
3214,15001,Hawaii County
3215,21147,McCreary County
3216,21191,Pendleton County
3217,21215,Spencer County
3218,30041,Hill County
3219,31175,Valley County
3220,48069,Castro County
3221,24043,Washington County
3222,21133,Letcher County
3223,34033,Salem County
3224,47119,Maury County
3225,56015,Goshen County
3226,55107,Rusk County
3227,55133,Waukesha County
3228,21079,Garrard County
3229,53009,Clallam County
3230,53065,Stevens County
3231,19177,Van Buren County
3232,31073,Gosper County
3233,28095,Monroe County
3234,12033,Escambia County
