geo_id,location_factor,est_capex_per_kw,est_total_capex
40075,0.97,8667.92,4160601600.0
46079,0.99,8846.64,4246387199.9999995
37033,0.99,8846.64,4246387199.9999995
48377,0.95,8489.199999999999,4074815999.9999995
39057,0.99,8846.64,4246387199.9999995
35028,1.03,9204.08,4417958400.0
20041,0.99,8846.64,4246387199.9999995
48427,0.95,8489.199999999999,4074815999.9999995
40129,0.97,8667.92,4160601600.0
55103,1.03,9204.08,4417958400.0
35025,1.03,9204.08,4417958400.0
47117,1.02,9114.72,4375065600.0
51011,1.0,8936.0,4289280000.0
05087,1.0,8936.0,4289280000.0
22089,1.02,9114.72,4375065600.0
47063,1.02,9114.72,4375065600.0
48009,0.95,8489.199999999999,4074815999.9999995
48023,0.95,8489.199999999999,4074815999.9999995
48405,0.95,8489.199999999999,4074815999.9999995
13249,1.02,9114.72,4375065600.0
48313,0.95,8489.199999999999,4074815999.9999995
28159,0.97,8667.92,4160601600.0
21103,1.01,9025.36,4332172800.0
21167,1.01,9025.36,4332172800.0
31183,0.99,8846.64,4246387199.9999995
21135,1.01,9025.36,4332172800.0
27051,1.05,9382.800000000001,4503744000.000001
01025,0.99,8846.64,4246387199.9999995
19099,1.005,8980.679999999998,4310726399.999999
28153,0.97,8667.92,4160601600.0
48101,0.95,8489.199999999999,4074815999.9999995
51081,1.0,8936.0,4289280000.0
48503,0.95,8489.199999999999,4074815999.9999995
01123,0.99,8846.64,4246387199.9999995
33015,1.04,9293.44,4460851200.0
08105,0.98,8757.28,4203494400.0000005
19149,1.005,8980.679999999998,4310726399.999999
36123,1.17,10455.119999999999,5018457599.999999
41017,1.09,9740.240000000002,4675315200.000001
19155,1.005,8980.679999999998,4310726399.999999
29043,1.065,9516.84,4568083200.0
28073,0.97,8667.92,4160601600.0
18137,1.01,9025.36,4332172800.0
38057,1.01,9025.36,4332172800.0
13147,1.02,9114.72,4375065600.0
22049,1.02,9114.72,4375065600.0
51133,1.0,8936.0,4289280000.0
55047,1.03,9204.08,4417958400.0
30073,0.99,8846.64,4246387199.9999995
55127,1.03,9204.08,4417958400.0
18067,1.01,9025.36,4332172800.0
18125,1.01,9025.36,4332172800.0
26045,1.035,9248.759999999998,4439404799.999999
19179,1.005,8980.679999999998,4310726399.999999
26027,1.035,9248.759999999998,4439404799.999999
48035,0.95,8489.199999999999,4074815999.9999995
44005,1.09,9740.240000000002,4675315200.000001
39045,0.99,8846.64,4246387199.9999995
17015,1.18,10544.48,5061350400.0
27125,1.05,9382.800000000001,4503744000.000001
41031,1.09,9740.240000000002,4675315200.000001
30055,0.99,8846.64,4246387199.9999995
19019,1.005,8980.679999999998,4310726399.999999
17043,1.18,10544.48,5061350400.0
46047,0.99,8846.64,4246387199.9999995
13219,1.02,9114.72,4375065600.0
48493,0.95,8489.199999999999,4074815999.9999995
31059,0.99,8846.64,4246387199.9999995
18153,1.01,9025.36,4332172800.0
13027,1.02,9114.72,4375065600.0
20185,0.99,8846.64,4246387199.9999995
13271,1.02,9114.72,4375065600.0
26115,1.035,9248.759999999998,4439404799.999999
18181,1.01,9025.36,4332172800.0
18113,1.01,9025.36,4332172800.0
46017,0.99,8846.64,4246387199.9999995
46095,0.99,8846.64,4246387199.9999995
48135,0.95,8489.199999999999,4074815999.9999995
48293,0.95,8489.199999999999,4074815999.9999995
54003,1.01,9025.36,4332172800.0
45021,1.02,9114.72,4375065600.0
37199,0.99,8846.64,4246387199.9999995
48387,0.95,8489.199999999999,4074815999.9999995
27149,1.05,9382.800000000001,4503744000.000001
13301,1.02,9114.72,4375065600.0
48197,0.95,8489.199999999999,4074815999.9999995
13165,1.02,9114.72,4375065600.0
21085,1.01,9025.36,4332172800.0
48363,0.95,8489.199999999999,4074815999.9999995
13149,1.02,9114.72,4375065600.0
01079,0.99,8846.64,4246387199.9999995
20025,0.99,8846.64,4246387199.9999995
20081,0.99,8846.64,4246387199.9999995
22013,1.02,9114.72,4375065600.0
27167,1.05,9382.800000000001,4503744000.000001
23011,1.02,9114.72,4375065600.0
51173,1.0,8936.0,4289280000.0
35041,1.03,9204.08,4417958400.0
42111,1.085,9695.56,4653868800.0
51191,1.0,8936.0,4289280000.0
37081,0.99,8846.64,4246387199.9999995
40039,0.97,8667.92,4160601600.0
39101,0.99,8846.64,4246387199.9999995
17149,1.18,10544.48,5061350400.0
17203,1.18,10544.48,5061350400.0
18167,1.01,9025.36,4332172800.0
18039,1.01,9025.36,4332172800.0
51077,1.0,8936.0,4289280000.0
48303,0.95,8489.199999999999,4074815999.9999995
27093,1.05,9382.800000000001,4503744000.000001
18135,1.01,9025.36,4332172800.0
27113,1.05,9382.800000000001,4503744000.000001
41021,1.09,9740.240000000002,4675315200.000001
05009,1.0,8936.0,4289280000.0
48253,0.95,8489.199999999999,4074815999.9999995
48185,0.95,8489.199999999999,4074815999.9999995
26049,1.035,9248.759999999998,4439404799.999999
28041,0.97,8667.92,4160601600.0
29059,1.065,9516.84,4568083200.0
51143,1.0,8936.0,4289280000.0
20145,0.99,8846.64,4246387199.9999995
20209,0.99,8846.64,4246387199.9999995
26157,1.035,9248.759999999998,4439404799.999999
20065,0.99,8846.64,4246387199.9999995
47055,1.02,9114.72,4375065600.0
39095,0.99,8846.64,4246387199.9999995
21213,1.01,9025.36,4332172800.0
50013,1.08,9650.880000000001,4632422400.000001
39029,0.99,8846.64,4246387199.9999995
51125,1.0,8936.0,4289280000.0
18033,1.01,9025.36,4332172800.0
29197,1.065,9516.84,4568083200.0
01059,0.99,8846.64,4246387199.9999995
21041,1.01,9025.36,4332172800.0
48267,0.95,8489.199999999999,4074815999.9999995
46027,0.99,8846.64,4246387199.9999995
10005,1.07,9561.52,4589529600.0
13159,1.02,9114.72,4375065600.0
29175,1.065,9516.84,4568083200.0
20015,0.99,8846.64,4246387199.9999995
48209,0.95,8489.199999999999,4074815999.9999995
48297,0.95,8489.199999999999,4074815999.9999995
31091,0.99,8846.64,4246387199.9999995
51147,1.0,8936.0,4289280000.0
42017,1.085,9695.56,4653868800.0
42081,1.085,9695.56,4653868800.0
16057,1.02,9114.72,4375065600.0
51640,1.0,8936.0,4289280000.0
35037,1.03,9204.08,4417958400.0
48269,0.95,8489.199999999999,4074815999.9999995
05073,1.0,8936.0,4289280000.0
48451,0.95,8489.199999999999,4074815999.9999995
21031,1.01,9025.36,4332172800.0
56005,0.99,8846.64,4246387199.9999995
13211,1.02,9114.72,4375065600.0
78030,,,
19061,1.005,8980.679999999998,4310726399.999999
51075,1.0,8936.0,4289280000.0
20181,0.99,8846.64,4246387199.9999995
39139,0.99,8846.64,4246387199.9999995
17001,1.18,10544.48,5061350400.0
39021,0.99,8846.64,4246387199.9999995
33019,1.04,9293.44,4460851200.0
17075,1.18,10544.48,5061350400.0
19157,1.005,8980.679999999998,4310726399.999999
39169,0.99,8846.64,4246387199.9999995
13113,1.02,9114.72,4375065600.0
13141,1.02,9114.72,4375065600.0
48259,0.95,8489.199999999999,4074815999.9999995
51137,1.0,8936.0,4289280000.0
13277,1.02,9114.72,4375065600.0
31025,0.99,8846.64,4246387199.9999995
56009,0.99,8846.64,4246387199.9999995
26053,1.035,9248.759999999998,4439404799.999999
27005,1.05,9382.800000000001,4503744000.000001
01095,0.99,8846.64,4246387199.9999995
20179,0.99,8846.64,4246387199.9999995
28037,0.97,8667.92,4160601600.0
19015,1.005,8980.679999999998,4310726399.999999
48373,0.95,8489.199999999999,4074815999.9999995
31051,0.99,8846.64,4246387199.9999995
45037,1.02,9114.72,4375065600.0
54057,1.01,9025.36,4332172800.0
55003,1.03,9204.08,4417958400.0
17053,1.18,10544.48,5061350400.0
22035,1.02,9114.72,4375065600.0
22037,1.02,9114.72,4375065600.0
02198,,,
48153,0.95,8489.199999999999,4074815999.9999995
21151,1.01,9025.36,4332172800.0
51025,1.0,8936.0,4289280000.0
51149,1.0,8936.0,4289280000.0
23023,1.02,9114.72,4375065600.0
30097,0.99,8846.64,4246387199.9999995
48181,0.95,8489.199999999999,4074815999.9999995
42059,1.085,9695.56,4653868800.0
20051,0.99,8846.64,4246387199.9999995
01105,0.99,8846.64,4246387199.9999995
20151,0.99,8846.64,4246387199.9999995
21017,1.01,9025.36,4332172800.0
47149,1.02,9114.72,4375065600.0
20101,0.99,8846.64,4246387199.9999995
40059,0.97,8667.92,4160601600.0
17147,1.18,10544.48,5061350400.0
48107,0.95,8489.199999999999,4074815999.9999995
08009,0.98,8757.28,4203494400.0000005
16021,1.02,9114.72,4375065600.0
39159,0.99,8846.64,4246387199.9999995
39035,0.99,8846.64,4246387199.9999995
48285,0.95,8489.199999999999,4074815999.9999995
40105,0.97,8667.92,4160601600.0
13125,1.02,9114.72,4375065600.0
41059,1.09,9740.240000000002,4675315200.000001
46102,0.99,8846.64,4246387199.9999995
18035,1.01,9025.36,4332172800.0
13315,1.02,9114.72,4375065600.0
22081,1.02,9114.72,4375065600.0
23017,1.02,9114.72,4375065600.0
25021,1.15,10276.4,4932672000.0
18063,1.01,9025.36,4332172800.0
38041,1.01,9025.36,4332172800.0
55011,1.03,9204.08,4417958400.0
51069,1.0,8936.0,4289280000.0
54041,1.01,9025.36,4332172800.0
27119,1.05,9382.800000000001,4503744000.000001
27127,1.05,9382.800000000001,4503744000.000001
60040,,,
23031,1.02,9114.72,4375065600.0
13231,1.02,9114.72,4375065600.0
13259,1.02,9114.72,4375065600.0
34025,1.15,10276.4,4932672000.0
40041,0.97,8667.92,4160601600.0
19107,1.005,8980.679999999998,4310726399.999999
13285,1.02,9114.72,4375065600.0
47043,1.02,9114.72,4375065600.0
54081,1.01,9025.36,4332172800.0
35005,1.03,9204.08,4417958400.0
35049,1.03,9204.08,4417958400.0
04023,1.01,9025.36,4332172800.0
31181,0.99,8846.64,4246387199.9999995
17067,1.18,10544.48,5061350400.0
46067,0.99,8846.64,4246387199.9999995
41013,1.09,9740.240000000002,4675315200.000001
50011,1.08,9650.880000000001,4632422400.000001
26103,1.035,9248.759999999998,4439404799.999999
37057,0.99,8846.64,4246387199.9999995
29103,1.065,9516.84,4568083200.0
42117,1.085,9695.56,4653868800.0
31043,0.99,8846.64,4246387199.9999995
26089,1.035,9248.759999999998,4439404799.999999
51181,1.0,8936.0,4289280000.0
29135,1.065,9516.84,4568083200.0
51193,1.0,8936.0,4289280000.0
37197,0.99,8846.64,4246387199.9999995
40043,0.97,8667.92,4160601600.0
37191,0.99,8846.64,4246387199.9999995
42123,1.085,9695.56,4653868800.0
05061,1.0,8936.0,4289280000.0
37059,0.99,8846.64,4246387199.9999995
37111,0.99,8846.64,4246387199.9999995
05099,1.0,8936.0,4289280000.0
08125,0.98,8757.28,4203494400.0000005
48421,0.95,8489.199999999999,4074815999.9999995
48463,0.95,8489.199999999999,4074815999.9999995
39011,0.99,8846.64,4246387199.9999995
19063,1.005,8980.679999999998,4310726399.999999
21153,1.01,9025.36,4332172800.0
48017,0.95,8489.199999999999,4074815999.9999995
29027,1.065,9516.84,4568083200.0
56001,0.99,8846.64,4246387199.9999995
42093,1.085,9695.56,4653868800.0
36081,1.17,10455.119999999999,5018457599.999999
12121,0.975,8712.6,4182048000.0
01111,0.99,8846.64,4246387199.9999995
37009,0.99,8846.64,4246387199.9999995
39089,0.99,8846.64,4246387199.9999995
51683,1.0,8936.0,4289280000.0
17071,1.18,10544.48,5061350400.0
08005,0.98,8757.28,4203494400.0000005
21155,1.01,9025.36,4332172800.0
28105,0.97,8667.92,4160601600.0
24023,1.02,9114.72,4375065600.0
26059,1.035,9248.759999999998,4439404799.999999
21141,1.01,9025.36,4332172800.0
33013,1.04,9293.44,4460851200.0
42133,1.085,9695.56,4653868800.0
37161,0.99,8846.64,4246387199.9999995
01043,0.99,8846.64,4246387199.9999995
13097,1.02,9114.72,4375065600.0
31097,0.99,8846.64,4246387199.9999995
46075,0.99,8846.64,4246387199.9999995
39073,0.99,8846.64,4246387199.9999995
01085,0.99,8846.64,4246387199.9999995
13043,1.02,9114.72,4375065600.0
19113,1.005,8980.679999999998,4310726399.999999
20005,0.99,8846.64,4246387199.9999995
17041,1.18,10544.48,5061350400.0
66010,,,
55137,1.03,9204.08,4417958400.0
29131,1.065,9516.84,4568083200.0
37193,0.99,8846.64,4246387199.9999995
02110,,,
13087,1.02,9114.72,4375065600.0
18177,1.01,9025.36,4332172800.0
21009,1.01,9025.36,4332172800.0
31093,0.99,8846.64,4246387199.9999995
38025,1.01,9025.36,4332172800.0
06005,1.16,10365.759999999998,4975564799.999999
47049,1.02,9114.72,4375065600.0
26023,1.035,9248.759999999998,4439404799.999999
31139,0.99,8846.64,4246387199.9999995
13023,1.02,9114.72,4375065600.0
13033,1.02,9114.72,4375065600.0
17091,1.18,10544.48,5061350400.0
31141,0.99,8846.64,4246387199.9999995
37185,0.99,8846.64,4246387199.9999995
13197,1.02,9114.72,4375065600.0
51061,1.0,8936.0,4289280000.0
51750,1.0,8936.0,4289280000.0
18139,1.01,9025.36,4332172800.0
55131,1.03,9204.08,4417958400.0
29105,1.065,9516.84,4568083200.0
42085,1.085,9695.56,4653868800.0
55065,1.03,9204.08,4417958400.0
54077,1.01,9025.36,4332172800.0
69100,,,
55135,1.03,9204.08,4417958400.0
48137,0.95,8489.199999999999,4074815999.9999995
29153,1.065,9516.84,4568083200.0
19059,1.005,8980.679999999998,4310726399.999999
21095,1.01,9025.36,4332172800.0
20061,0.99,8846.64,4246387199.9999995
42011,1.085,9695.56,4653868800.0
27083,1.05,9382.800000000001,4503744000.000001
51037,1.0,8936.0,4289280000.0
47179,1.02,9114.72,4375065600.0
45071,1.02,9114.72,4375065600.0
51093,1.0,8936.0,4289280000.0
41069,1.09,9740.240000000002,4675315200.000001
51111,1.0,8936.0,4289280000.0
38097,1.01,9025.36,4332172800.0
13139,1.02,9114.72,4375065600.0
13283,1.02,9114.72,4375065600.0
13037,1.02,9114.72,4375065600.0
55125,1.03,9204.08,4417958400.0
13055,1.02,9114.72,4375065600.0
37103,0.99,8846.64,4246387199.9999995
29199,1.065,9516.84,4568083200.0
20131,0.99,8846.64,4246387199.9999995
20137,0.99,8846.64,4246387199.9999995
40093,0.97,8667.92,4160601600.0
53051,1.08,9650.880000000001,4632422400.000001
19197,1.005,8980.679999999998,4310726399.999999
48419,0.95,8489.199999999999,4074815999.9999995
29055,1.065,9516.84,4568083200.0
56033,0.99,8846.64,4246387199.9999995
42041,1.085,9695.56,4653868800.0
42055,1.085,9695.56,4653868800.0
42079,1.085,9695.56,4653868800.0
01113,0.99,8846.64,4246387199.9999995
39019,0.99,8846.64,4246387199.9999995
48191,0.95,8489.199999999999,4074815999.9999995
35057,1.03,9204.08,4417958400.0
48221,0.95,8489.199999999999,4074815999.9999995
29045,1.065,9516.84,4568083200.0
21015,1.01,9025.36,4332172800.0
21229,1.01,9025.36,4332172800.0
22009,1.02,9114.72,4375065600.0
29227,1.065,9516.84,4568083200.0
31163,0.99,8846.64,4246387199.9999995
46063,0.99,8846.64,4246387199.9999995
26057,1.035,9248.759999999998,4439404799.999999
19175,1.005,8980.679999999998,4310726399.999999
27043,1.05,9382.800000000001,4503744000.000001
48161,0.95,8489.199999999999,4074815999.9999995
42087,1.085,9695.56,4653868800.0
01041,0.99,8846.64,4246387199.9999995
51520,1.0,8936.0,4289280000.0
48399,0.95,8489.199999999999,4074815999.9999995
48443,0.95,8489.199999999999,4074815999.9999995
20153,0.99,8846.64,4246387199.9999995
20193,0.99,8846.64,4246387199.9999995
13161,1.02,9114.72,4375065600.0
19035,1.005,8980.679999999998,4310726399.999999
29053,1.065,9516.84,4568083200.0
17197,1.18,10544.48,5061350400.0
48117,0.95,8489.199999999999,4074815999.9999995
46011,0.99,8846.64,4246387199.9999995
19083,1.005,8980.679999999998,4310726399.999999
39027,0.99,8846.64,4246387199.9999995
39093,0.99,8846.64,4246387199.9999995
47101,1.02,9114.72,4375065600.0
51103,1.0,8936.0,4289280000.0
29013,1.065,9516.84,4568083200.0
33001,1.04,9293.44,4460851200.0
51159,1.0,8936.0,4289280000.0
29159,1.065,9516.84,4568083200.0
20019,0.99,8846.64,4246387199.9999995
48459,0.95,8489.199999999999,4074815999.9999995
51047,1.0,8936.0,4289280000.0
40061,0.97,8667.92,4160601600.0
54069,1.01,9025.36,4332172800.0
54065,1.01,9025.36,4332172800.0
51165,1.0,8936.0,4289280000.0
18183,1.01,9025.36,4332172800.0
04001,1.01,9025.36,4332172800.0
29121,1.065,9516.84,4568083200.0
48279,0.95,8489.199999999999,4074815999.9999995
20097,0.99,8846.64,4246387199.9999995
29061,1.065,9516.84,4568083200.0
26101,1.035,9248.759999999998,4439404799.999999
19119,1.005,8980.679999999998,4310726399.999999
48233,0.95,8489.199999999999,4074815999.9999995
40139,0.97,8667.92,4160601600.0
40153,0.97,8667.92,4160601600.0
19003,1.005,8980.679999999998,4310726399.999999
55109,1.03,9204.08,4417958400.0
42121,1.085,9695.56,4653868800.0
39153,0.99,8846.64,4246387199.9999995
48479,0.95,8489.199999999999,4074815999.9999995
37123,0.99,8846.64,4246387199.9999995
23003,1.02,9114.72,4375065600.0
28065,0.97,8667.92,4160601600.0
18175,1.01,9025.36,4332172800.0
31107,0.99,8846.64,4246387199.9999995
35061,1.03,9204.08,4417958400.0
30079,0.99,8846.64,4246387199.9999995
49031,1.02,9114.72,4375065600.0
21161,1.01,9025.36,4332172800.0
27009,1.05,9382.800000000001,4503744000.000001
48129,0.95,8489.199999999999,4074815999.9999995
01077,0.99,8846.64,4246387199.9999995
18045,1.01,9025.36,4332172800.0
17173,1.18,10544.48,5061350400.0
17051,1.18,10544.48,5061350400.0
39127,0.99,8846.64,4246387199.9999995
51590,1.0,8936.0,4289280000.0
13011,1.02,9114.72,4375065600.0
40109,0.97,8667.92,4160601600.0
40069,0.97,8667.92,4160601600.0
37099,0.99,8846.64,4246387199.9999995
29167,1.065,9516.84,4568083200.0
19191,1.005,8980.679999999998,4310726399.999999
45039,1.02,9114.72,4375065600.0
31033,0.99,8846.64,4246387199.9999995
27091,1.05,9382.800000000001,4503744000.000001
48263,0.95,8489.199999999999,4074815999.9999995
31069,0.99,8846.64,4246387199.9999995
17117,1.18,10544.48,5061350400.0
39141,0.99,8846.64,4246387199.9999995
48301,0.95,8489.199999999999,4074815999.9999995
40077,0.97,8667.92,4160601600.0
39167,0.99,8846.64,4246387199.9999995
29091,1.065,9516.84,4568083200.0
20047,0.99,8846.64,4246387199.9999995
21111,1.01,9025.36,4332172800.0
17107,1.18,10544.48,5061350400.0
47003,1.02,9114.72,4375065600.0
47027,1.02,9114.72,4375065600.0
17029,1.18,10544.48,5061350400.0
41001,1.09,9740.240000000002,4675315200.000001
36097,1.17,10455.119999999999,5018457599.999999
26159,1.035,9248.759999999998,4439404799.999999
17131,1.18,10544.48,5061350400.0
28099,0.97,8667.92,4160601600.0
01035,0.99,8846.64,4246387199.9999995
18029,1.01,9025.36,4332172800.0
28081,0.97,8667.92,4160601600.0
48125,0.95,8489.199999999999,4074815999.9999995
51115,1.0,8936.0,4289280000.0
48283,0.95,8489.199999999999,4074815999.9999995
36067,1.17,10455.119999999999,5018457599.999999
19087,1.005,8980.679999999998,4310726399.999999
31083,0.99,8846.64,4246387199.9999995
30075,0.99,8846.64,4246387199.9999995
55091,1.03,9204.08,4417958400.0
01021,0.99,8846.64,4246387199.9999995
48219,0.95,8489.199999999999,4074815999.9999995
13009,1.02,9114.72,4375065600.0
37171,0.99,8846.64,4246387199.9999995
01031,0.99,8846.64,4246387199.9999995
39149,0.99,8846.64,4246387199.9999995
16027,1.02,9114.72,4375065600.0
55041,1.03,9204.08,4417958400.0
39151,0.99,8846.64,4246387199.9999995
48187,0.95,8489.199999999999,4074815999.9999995
54037,1.01,9025.36,4332172800.0
54055,1.01,9025.36,4332172800.0
28049,0.97,8667.92,4160601600.0
48281,0.95,8489.199999999999,4074815999.9999995
51107,1.0,8936.0,4289280000.0
29185,1.065,9516.84,4568083200.0
36025,1.17,10455.119999999999,5018457599.999999
29129,1.065,9516.84,4568083200.0
01051,0.99,8846.64,4246387199.9999995
39083,0.99,8846.64,4246387199.9999995
19017,1.005,8980.679999999998,4310726399.999999
48175,0.95,8489.199999999999,4074815999.9999995
37089,0.99,8846.64,4246387199.9999995
48393,0.95,8489.199999999999,4074815999.9999995
31049,0.99,8846.64,4246387199.9999995
36051,1.17,10455.119999999999,5018457599.999999
19141,1.005,8980.679999999998,4310726399.999999
28115,0.97,8667.92,4160601600.0
27105,1.05,9382.800000000001,4503744000.000001
27001,1.05,9382.800000000001,4503744000.000001
37145,0.99,8846.64,4246387199.9999995
20195,0.99,8846.64,4246387199.9999995
48133,0.95,8489.199999999999,4074815999.9999995
48123,0.95,8489.199999999999,4074815999.9999995
45081,1.02,9114.72,4375065600.0
29125,1.065,9516.84,4568083200.0
29109,1.065,9516.84,4568083200.0
51540,1.0,8936.0,4289280000.0
17011,1.18,10544.48,5061350400.0
37115,0.99,8846.64,4246387199.9999995
16053,1.02,9114.72,4375065600.0
48309,0.95,8489.199999999999,4074815999.9999995
19089,1.005,8980.679999999998,4310726399.999999
01013,0.99,8846.64,4246387199.9999995
46009,0.99,8846.64,4246387199.9999995
47059,1.02,9114.72,4375065600.0
51183,1.0,8936.0,4289280000.0
18141,1.01,9025.36,4332172800.0
19165,1.005,8980.679999999998,4310726399.999999
24013,1.02,9114.72,4375065600.0
19011,1.005,8980.679999999998,4310726399.999999
21159,1.01,9025.36,4332172800.0
27025,1.05,9382.800000000001,4503744000.000001
21189,1.01,9025.36,4332172800.0
42015,1.085,9695.56,4653868800.0
54029,1.01,9025.36,4332172800.0
29051,1.065,9516.84,4568083200.0
26021,1.035,9248.759999999998,4439404799.999999
42061,1.085,9695.56,4653868800.0
31045,0.99,8846.64,4246387199.9999995
51141,1.0,8936.0,4289280000.0
48325,0.95,8489.199999999999,4074815999.9999995
26105,1.035,9248.759999999998,4439404799.999999
46135,0.99,8846.64,4246387199.9999995
42039,1.085,9695.56,4653868800.0
46123,0.99,8846.64,4246387199.9999995
19077,1.005,8980.679999999998,4310726399.999999
19183,1.005,8980.679999999998,4310726399.999999
40051,0.97,8667.92,4160601600.0
54039,1.01,9025.36,4332172800.0
01009,0.99,8846.64,4246387199.9999995
45065,1.02,9114.72,4375065600.0
45087,1.02,9114.72,4375065600.0
27103,1.05,9382.800000000001,4503744000.000001
28161,0.97,8667.92,4160601600.0
04003,1.01,9025.36,4332172800.0
28023,0.97,8667.92,4160601600.0
19125,1.005,8980.679999999998,4310726399.999999
51600,1.0,8936.0,4289280000.0
40057,0.97,8667.92,4160601600.0
29039,1.065,9516.84,4568083200.0
13059,1.02,9114.72,4375065600.0
48275,0.95,8489.199999999999,4074815999.9999995
39037,0.99,8846.64,4246387199.9999995
46041,0.99,8846.64,4246387199.9999995
13077,1.02,9114.72,4375065600.0
13105,1.02,9114.72,4375065600.0
01005,0.99,8846.64,4246387199.9999995
37017,0.99,8846.64,4246387199.9999995
48111,0.95,8489.199999999999,4074815999.9999995
17167,1.18,10544.48,5061350400.0
40035,0.97,8667.92,4160601600.0
19161,1.005,8980.679999999998,4310726399.999999
17113,1.18,10544.48,5061350400.0
23001,1.02,9114.72,4375065600.0
16055,1.02,9114.72,4375065600.0
20147,0.99,8846.64,4246387199.9999995
31089,0.99,8846.64,4246387199.9999995
29101,1.065,9516.84,4568083200.0
55063,1.03,9204.08,4417958400.0
17009,1.18,10544.48,5061350400.0
27111,1.05,9382.800000000001,4503744000.000001
39077,0.99,8846.64,4246387199.9999995
13005,1.02,9114.72,4375065600.0
10001,1.07,9561.52,4589529600.0
39173,0.99,8846.64,4246387199.9999995
13157,1.02,9114.72,4375065600.0
20003,0.99,8846.64,4246387199.9999995
17095,1.18,10544.48,5061350400.0
30107,0.99,8846.64,4246387199.9999995
45031,1.02,9114.72,4375065600.0
01053,0.99,8846.64,4246387199.9999995
13143,1.02,9114.72,4375065600.0
20001,0.99,8846.64,4246387199.9999995
55049,1.03,9204.08,4417958400.0
27097,1.05,9382.800000000001,4503744000.000001
42003,1.085,9695.56,4653868800.0
29205,1.065,9516.84,4568083200.0
39097,0.99,8846.64,4246387199.9999995
20201,0.99,8846.64,4246387199.9999995
17019,1.18,10544.48,5061350400.0
16087,1.02,9114.72,4375065600.0
17045,1.18,10544.48,5061350400.0
08121,0.98,8757.28,4203494400.0000005
39065,0.99,8846.64,4246387199.9999995
48423,0.95,8489.199999999999,4074815999.9999995
40143,0.97,8667.92,4160601600.0
40091,0.97,8667.92,4160601600.0
48171,0.95,8489.199999999999,4074815999.9999995
26125,1.035,9248.759999999998,4439404799.999999
01071,0.99,8846.64,4246387199.9999995
19123,1.005,8980.679999999998,4310726399.999999
20045,0.99,8846.64,4246387199.9999995
21197,1.01,9025.36,4332172800.0
29097,1.065,9516.84,4568083200.0
41061,1.09,9740.240000000002,4675315200.000001
13151,1.02,9114.72,4375065600.0
47175,1.02,9114.72,4375065600.0
40125,0.97,8667.92,4160601600.0
13003,1.02,9114.72,4375065600.0
48145,0.95,8489.199999999999,4074815999.9999995
20033,0.99,8846.64,4246387199.9999995
21113,1.01,9025.36,4332172800.0
21171,1.01,9025.36,4332172800.0
48031,0.95,8489.199999999999,4074815999.9999995
21121,1.01,9025.36,4332172800.0
26067,1.035,9248.759999999998,4439404799.999999
51003,1.0,8936.0,4289280000.0
47147,1.02,9114.72,4375065600.0
51043,1.0,8936.0,4289280000.0
53023,1.08,9650.880000000001,4632422400.000001
21109,1.01,9025.36,4332172800.0
45073,1.02,9114.72,4375065600.0
24037,1.02,9114.72,4375065600.0
21127,1.01,9025.36,4332172800.0
21175,1.01,9025.36,4332172800.0
21177,1.01,9025.36,4332172800.0
17049,1.18,10544.48,5061350400.0
18157,1.01,9025.36,4332172800.0
42109,1.085,9695.56,4653868800.0
48277,0.95,8489.199999999999,4074815999.9999995
31057,0.99,8846.64,4246387199.9999995
48289,0.95,8489.199999999999,4074815999.9999995
38035,1.01,9025.36,4332172800.0
18091,1.01,9025.36,4332172800.0
18057,1.01,9025.36,4332172800.0
51595,1.0,8936.0,4289280000.0
40081,0.97,8667.92,4160601600.0
20071,0.99,8846.64,4246387199.9999995
13145,1.02,9114.72,4375065600.0
13251,1.02,9114.72,4375065600.0
48433,0.95,8489.199999999999,4074815999.9999995
39069,0.99,8846.64,4246387199.9999995
33009,1.04,9293.44,4460851200.0
29145,1.065,9516.84,4568083200.0
48311,0.95,8489.199999999999,4074815999.9999995
17035,1.18,10544.48,5061350400.0
13297,1.02,9114.72,4375065600.0
51009,1.0,8936.0,4289280000.0
17033,1.18,10544.48,5061350400.0
27115,1.05,9382.800000000001,4503744000.000001
48021,0.95,8489.199999999999,4074815999.9999995
53039,1.08,9650.880000000001,4632422400.000001
55009,1.03,9204.08,4417958400.0
20205,0.99,8846.64,4246387199.9999995
13155,1.02,9114.72,4375065600.0
26011,1.035,9248.759999999998,4439404799.999999
19111,1.005,8980.679999999998,4310726399.999999
20141,0.99,8846.64,4246387199.9999995
26047,1.035,9248.759999999998,4439404799.999999
19071,1.005,8980.679999999998,4310726399.999999
23015,1.02,9114.72,4375065600.0
21023,1.01,9025.36,4332172800.0
54087,1.01,9025.36,4332172800.0
27159,1.05,9382.800000000001,4503744000.000001
37007,0.99,8846.64,4246387199.9999995
38007,1.01,9025.36,4332172800.0
31003,0.99,8846.64,4246387199.9999995
29073,1.065,9516.84,4568083200.0
37035,0.99,8846.64,4246387199.9999995
21025,1.01,9025.36,4332172800.0
48075,0.95,8489.199999999999,4074815999.9999995
17179,1.18,10544.48,5061350400.0
48243,0.95,8489.199999999999,4074815999.9999995
51678,1.0,8936.0,4289280000.0
27163,1.05,9382.800000000001,4503744000.000001
42051,1.085,9695.56,4653868800.0
54023,1.01,9025.36,4332172800.0
51171,1.0,8936.0,4289280000.0
48235,0.95,8489.199999999999,4074815999.9999995
54101,1.01,9025.36,4332172800.0
27033,1.05,9382.800000000001,4503744000.000001
16033,1.02,9114.72,4375065600.0
19109,1.005,8980.679999999998,4310726399.999999
31103,0.99,8846.64,4246387199.9999995
19187,1.005,8980.679999999998,4310726399.999999
47159,1.02,9114.72,4375065600.0
51089,1.0,8936.0,4289280000.0
51510,1.0,8936.0,4289280000.0
19101,1.005,8980.679999999998,4310726399.999999
40003,0.97,8667.92,4160601600.0
48119,0.95,8489.199999999999,4074815999.9999995
47169,1.02,9114.72,4375065600.0
21193,1.01,9025.36,4332172800.0
48507,0.95,8489.199999999999,4074815999.9999995
31007,0.99,8846.64,4246387199.9999995
19121,1.005,8980.679999999998,4310726399.999999
12011,0.975,8712.6,4182048000.0
13279,1.02,9114.72,4375065600.0
26151,1.035,9248.759999999998,4439404799.999999
26163,1.035,9248.759999999998,4439404799.999999
18043,1.01,9025.36,4332172800.0
20129,0.99,8846.64,4246387199.9999995
21081,1.01,9025.36,4332172800.0
21217,1.01,9025.36,4332172800.0
13115,1.02,9114.72,4375065600.0
24011,1.02,9114.72,4375065600.0
30043,0.99,8846.64,4246387199.9999995
51059,1.0,8936.0,4289280000.0
54045,1.01,9025.36,4332172800.0
54073,1.01,9025.36,4332172800.0
51071,1.0,8936.0,4289280000.0
35015,1.03,9204.08,4417958400.0
31117,0.99,8846.64,4246387199.9999995
31145,0.99,8846.64,4246387199.9999995
30051,0.99,8846.64,4246387199.9999995
48131,0.95,8489.199999999999,4074815999.9999995
29173,1.065,9516.84,4568083200.0
48251,0.95,8489.199999999999,4074815999.9999995
13061,1.02,9114.72,4375065600.0
41023,1.09,9740.240000000002,4675315200.000001
48159,0.95,8489.199999999999,4074815999.9999995
40005,0.97,8667.92,4160601600.0
17129,1.18,10544.48,5061350400.0
13015,1.02,9114.72,4375065600.0
40111,0.97,8667.92,4160601600.0
18049,1.01,9025.36,4332172800.0
20091,0.99,8846.64,4246387199.9999995
24009,1.02,9114.72,4375065600.0
27169,1.05,9382.800000000001,4503744000.000001
29003,1.065,9516.84,4568083200.0
29139,1.065,9516.84,4568083200.0
37083,0.99,8846.64,4246387199.9999995
35043,1.03,9204.08,4417958400.0
21051,1.01,9025.36,4332172800.0
42035,1.085,9695.56,4653868800.0
13235,1.02,9114.72,4375065600.0
37167,0.99,8846.64,4246387199.9999995
47143,1.02,9114.72,4375065600.0
37079,0.99,8846.64,4246387199.9999995
17123,1.18,10544.48,5061350400.0
48095,0.95,8489.199999999999,4074815999.9999995
48081,0.95,8489.199999999999,4074815999.9999995
47133,1.02,9114.72,4375065600.0
26063,1.035,9248.759999999998,4439404799.999999
26069,1.035,9248.759999999998,4439404799.999999
13069,1.02,9114.72,4375065600.0
38037,1.01,9025.36,4332172800.0
22103,1.02,9114.72,4375065600.0
45045,1.02,9114.72,4375065600.0
46085,0.99,8846.64,4246387199.9999995
55121,1.03,9204.08,4417958400.0
48431,0.95,8489.199999999999,4074815999.9999995
48495,0.95,8489.199999999999,4074815999.9999995
46071,0.99,8846.64,4246387199.9999995
49041,1.02,9114.72,4375065600.0
51036,1.0,8936.0,4289280000.0
20197,0.99,8846.64,4246387199.9999995
27055,1.05,9382.800000000001,4503744000.000001
21181,1.01,9025.36,4332172800.0
25023,1.15,10276.4,4932672000.0
36005,1.17,10455.119999999999,5018457599.999999
39103,0.99,8846.64,4246387199.9999995
42005,1.085,9695.56,4653868800.0
55071,1.03,9204.08,4417958400.0
55029,1.03,9204.08,4417958400.0
39053,0.99,8846.64,4246387199.9999995
48441,0.95,8489.199999999999,4074815999.9999995
26139,1.035,9248.759999999998,4439404799.999999
17031,1.18,10544.48,5061350400.0
45047,1.02,9114.72,4375065600.0
20059,0.99,8846.64,4246387199.9999995
27027,1.05,9382.800000000001,4503744000.000001
49003,1.02,9114.72,4375065600.0
54051,1.01,9025.36,4332172800.0
54035,1.01,9025.36,4332172800.0
24005,1.02,9114.72,4375065600.0
29163,1.065,9516.84,4568083200.0
39087,0.99,8846.64,4246387199.9999995
48143,0.95,8489.199999999999,4074815999.9999995
13137,1.02,9114.72,4375065600.0
13319,1.02,9114.72,4375065600.0
54061,1.01,9025.36,4332172800.0
39033,0.99,8846.64,4246387199.9999995
39059,0.99,8846.64,4246387199.9999995
26015,1.035,9248.759999999998,4439404799.999999
29209,1.065,9516.84,4568083200.0
51760,1.0,8936.0,4289280000.0
37169,0.99,8846.64,4246387199.9999995
19039,1.005,8980.679999999998,4310726399.999999
19065,1.005,8980.679999999998,4310726399.999999
48381,0.95,8489.199999999999,4074815999.9999995
48401,0.95,8489.199999999999,4074815999.9999995
19181,1.005,8980.679999999998,4310726399.999999
39161,0.99,8846.64,4246387199.9999995
13199,1.02,9114.72,4375065600.0
50023,1.08,9650.880000000001,4632422400.000001
46093,0.99,8846.64,4246387199.9999995
29229,1.065,9516.84,4568083200.0
30101,0.99,8846.64,4246387199.9999995
36107,1.17,10455.119999999999,5018457599.999999
48287,0.95,8489.199999999999,4074815999.9999995
13121,1.02,9114.72,4375065600.0
48073,0.95,8489.199999999999,4074815999.9999995
29007,1.065,9516.84,4568083200.0
20075,0.99,8846.64,4246387199.9999995
19151,1.005,8980.679999999998,4310726399.999999
16045,1.02,9114.72,4375065600.0
18111,1.01,9025.36,4332172800.0
13119,1.02,9114.72,4375065600.0
13265,1.02,9114.72,4375065600.0
30059,0.99,8846.64,4246387199.9999995
29087,1.065,9516.84,4568083200.0
48295,0.95,8489.199999999999,4074815999.9999995
49001,1.02,9114.72,4375065600.0
18075,1.01,9025.36,4332172800.0
26117,1.035,9248.759999999998,4439404799.999999
36083,1.17,10455.119999999999,5018457599.999999
35031,1.03,9204.08,4417958400.0
13017,1.02,9114.72,4375065600.0
20159,0.99,8846.64,4246387199.9999995
01015,0.99,8846.64,4246387199.9999995
21037,1.01,9025.36,4332172800.0
21057,1.01,9025.36,4332172800.0
48195,0.95,8489.199999999999,4074815999.9999995
13239,1.02,9114.72,4375065600.0
17039,1.18,10544.48,5061350400.0
27049,1.05,9382.800000000001,4503744000.000001
36059,1.17,10455.119999999999,5018457599.999999
38091,1.01,9025.36,4332172800.0
29071,1.065,9516.84,4568083200.0
54107,1.01,9025.36,4332172800.0
55097,1.03,9204.08,4417958400.0
45063,1.02,9114.72,4375065600.0
24003,1.02,9114.72,4375065600.0
55039,1.03,9204.08,4417958400.0
01073,0.99,8846.64,4246387199.9999995
01127,0.99,8846.64,4246387199.9999995
29063,1.065,9516.84,4568083200.0
13083,1.02,9114.72,4375065600.0
69110,,,
17125,1.18,10544.48,5061350400.0
51197,1.0,8936.0,4289280000.0
13303,1.02,9114.72,4375065600.0
05143,1.0,8936.0,4289280000.0
47153,1.02,9114.72,4375065600.0
48471,0.95,8489.199999999999,4074815999.9999995
39157,0.99,8846.64,4246387199.9999995
09110,1.1,9829.6,4718208000.0
09120,1.1,9829.6,4718208000.0
09130,1.1,9829.6,4718208000.0
09140,1.1,9829.6,4718208000.0
09150,1.1,9829.6,4718208000.0
09160,1.1,9829.6,4718208000.0
09170,1.1,9829.6,4718208000.0
09180,1.1,9829.6,4718208000.0
09190,1.1,9829.6,4718208000.0
48389,0.95,8489.199999999999,4074815999.9999995
51155,1.0,8936.0,4289280000.0
37179,0.99,8846.64,4246387199.9999995
38053,1.01,9025.36,4332172800.0
18085,1.01,9025.36,4332172800.0
34015,1.15,10276.4,4932672000.0
33011,1.04,9293.44,4460851200.0
30045,0.99,8846.64,4246387199.9999995
37121,0.99,8846.64,4246387199.9999995
41065,1.09,9740.240000000002,4675315200.000001
46105,0.99,8846.64,4246387199.9999995
19173,1.005,8980.679999999998,4310726399.999999
01129,0.99,8846.64,4246387199.9999995
39039,0.99,8846.64,4246387199.9999995
51051,1.0,8936.0,4289280000.0
51007,1.0,8936.0,4289280000.0
13243,1.02,9114.72,4375065600.0
35029,1.03,9204.08,4417958400.0
56045,0.99,8846.64,4246387199.9999995
17187,1.18,10544.48,5061350400.0
01089,0.99,8846.64,4246387199.9999995
47189,1.02,9114.72,4375065600.0
48063,0.95,8489.199999999999,4074815999.9999995
40067,0.97,8667.92,4160601600.0
54085,1.01,9025.36,4332172800.0
19145,1.005,8980.679999999998,4310726399.999999
20087,0.99,8846.64,4246387199.9999995
01049,0.99,8846.64,4246387199.9999995
36101,1.17,10455.119999999999,5018457599.999999
42053,1.085,9695.56,4653868800.0
26109,1.035,9248.759999999998,4439404799.999999
18073,1.01,9025.36,4332172800.0
13171,1.02,9114.72,4375065600.0
18151,1.01,9025.36,4332172800.0
39047,0.99,8846.64,4246387199.9999995
25015,1.15,10276.4,4932672000.0
21003,1.01,9025.36,4332172800.0
37001,0.99,8846.64,4246387199.9999995
20073,0.99,8846.64,4246387199.9999995
55089,1.03,9204.08,4417958400.0
45059,1.02,9114.72,4375065600.0
56011,0.99,8846.64,4246387199.9999995
55117,1.03,9204.08,4417958400.0
25013,1.15,10276.4,4932672000.0
48055,0.95,8489.199999999999,4074815999.9999995
20029,0.99,8846.64,4246387199.9999995
01037,0.99,8846.64,4246387199.9999995
55123,1.03,9204.08,4417958400.0
48223,0.95,8489.199999999999,4074815999.9999995
36001,1.17,10455.119999999999,5018457599.999999
48225,0.95,8489.199999999999,4074815999.9999995
39111,0.99,8846.64,4246387199.9999995
20165,0.99,8846.64,4246387199.9999995
18107,1.01,9025.36,4332172800.0
20187,0.99,8846.64,4246387199.9999995
21129,1.01,9025.36,4332172800.0
27071,1.05,9382.800000000001,4503744000.000001
48029,0.95,8489.199999999999,4074815999.9999995
40097,0.97,8667.92,4160601600.0
31131,0.99,8846.64,4246387199.9999995
27161,1.05,9382.800000000001,4503744000.000001
47177,1.02,9114.72,4375065600.0
17023,1.18,10544.48,5061350400.0
21201,1.01,9025.36,4332172800.0
05051,1.0,8936.0,4289280000.0
20139,0.99,8846.64,4246387199.9999995
39155,0.99,8846.64,4246387199.9999995
48333,0.95,8489.199999999999,4074815999.9999995
48359,0.95,8489.199999999999,4074815999.9999995
42019,1.085,9695.56,4653868800.0
20115,0.99,8846.64,4246387199.9999995
51029,1.0,8936.0,4289280000.0
36099,1.17,10455.119999999999,5018457599.999999
21125,1.01,9025.36,4332172800.0
13269,1.02,9114.72,4375065600.0
51830,1.0,8936.0,4289280000.0
48415,0.95,8489.199999999999,4074815999.9999995
37119,0.99,8846.64,4246387199.9999995
34013,1.15,10276.4,4932672000.0
29115,1.065,9516.84,4568083200.0
13209,1.02,9114.72,4375065600.0
41055,1.09,9740.240000000002,4675315200.000001
54053,1.01,9025.36,4332172800.0
54021,1.01,9025.36,4332172800.0
28063,0.97,8667.92,4160601600.0
30103,0.99,8846.64,4246387199.9999995
21049,1.01,9025.36,4332172800.0
26005,1.035,9248.759999999998,4439404799.999999
27015,1.05,9382.800000000001,4503744000.000001
47137,1.02,9114.72,4375065600.0
51109,1.0,8936.0,4289280000.0
18145,1.01,9025.36,4332172800.0
30091,0.99,8846.64,4246387199.9999995
31063,0.99,8846.64,4246387199.9999995
01007,0.99,8846.64,4246387199.9999995
28075,0.97,8667.92,4160601600.0
27013,1.05,9382.800000000001,4503744000.000001
51091,1.0,8936.0,4289280000.0
51177,1.0,8936.0,4289280000.0
33017,1.04,9293.44,4460851200.0
13153,1.02,9114.72,4375065600.0
26035,1.035,9248.759999999998,4439404799.999999
20157,0.99,8846.64,4246387199.9999995
40017,0.97,8667.92,4160601600.0
35019,1.03,9204.08,4417958400.0
21163,1.01,9025.36,4332172800.0
21179,1.01,9025.36,4332172800.0
21187,1.01,9025.36,4332172800.0
19041,1.005,8980.679999999998,4310726399.999999
30025,0.99,8846.64,4246387199.9999995
48109,0.95,8489.199999999999,4074815999.9999995
23005,1.02,9114.72,4375065600.0
48013,0.95,8489.199999999999,4074815999.9999995
20095,0.99,8846.64,4246387199.9999995
48375,0.95,8489.199999999999,4074815999.9999995
40133,0.97,8667.92,4160601600.0
45003,1.02,9114.72,4375065600.0
60020,,,
69120,,,
56037,0.99,8846.64,4246387199.9999995
48169,0.95,8489.199999999999,4074815999.9999995
42119,1.085,9695.56,4653868800.0
51041,1.0,8936.0,4289280000.0
19001,1.005,8980.679999999998,4310726399.999999
29089,1.065,9516.84,4568083200.0
55079,1.03,9204.08,4417958400.0
27139,1.05,9382.800000000001,4503744000.000001
39129,0.99,8846.64,4246387199.9999995
51145,1.0,8936.0,4289280000.0
08014,0.98,8757.28,4203494400.0000005
47099,1.02,9114.72,4375065600.0
21099,1.01,9025.36,4332172800.0
21137,1.01,9025.36,4332172800.0
30005,0.99,8846.64,4246387199.9999995
27133,1.05,9382.800000000001,4503744000.000001
42063,1.085,9695.56,4653868800.0
22061,1.02,9114.72,4375065600.0
42099,1.085,9695.56,4653868800.0
46137,0.99,8846.64,4246387199.9999995
48203,0.95,8489.199999999999,4074815999.9999995
29019,1.065,9516.84,4568083200.0
72097,,,
40015,0.97,8667.92,4160601600.0
08059,0.98,8757.28,4203494400.0000005
54011,1.01,9025.36,4332172800.0
48383,0.95,8489.199999999999,4074815999.9999995
05141,1.0,8936.0,4289280000.0
20035,0.99,8846.64,4246387199.9999995
05071,1.0,8936.0,4289280000.0
51045,1.0,8936.0,4289280000.0
48083,0.95,8489.199999999999,4074815999.9999995
04017,1.01,9025.36,4332172800.0
28085,0.97,8667.92,4160601600.0
48357,0.95,8489.199999999999,4074815999.9999995
48103,0.95,8489.199999999999,4074815999.9999995
56003,0.99,8846.64,4246387199.9999995
31061,0.99,8846.64,4246387199.9999995
20037,0.99,8846.64,4246387199.9999995
27023,1.05,9382.800000000001,4503744000.000001
46103,0.99,8846.64,4246387199.9999995
45049,1.02,9114.72,4375065600.0
16043,1.02,9114.72,4375065600.0
51053,1.0,8936.0,4289280000.0
12111,0.975,8712.6,4182048000.0
36055,1.17,10455.119999999999,5018457599.999999
46083,0.99,8846.64,4246387199.9999995
55017,1.03,9204.08,4417958400.0
55073,1.03,9204.08,4417958400.0
32007,1.1,9829.6,4718208000.0
54007,1.01,9025.36,4332172800.0
48079,0.95,8489.199999999999,4074815999.9999995
42013,1.085,9695.56,4653868800.0
29085,1.065,9516.84,4568083200.0
29009,1.065,9516.84,4568083200.0
27123,1.05,9382.800000000001,4503744000.000001
05081,1.0,8936.0,4289280000.0
28113,0.97,8667.92,4160601600.0
47031,1.02,9114.72,4375065600.0
48439,0.95,8489.199999999999,4074815999.9999995
24033,1.02,9114.72,4375065600.0
51169,1.0,8936.0,4289280000.0
13289,1.02,9114.72,4375065600.0
39099,0.99,8846.64,4246387199.9999995
01087,0.99,8846.64,4246387199.9999995
48437,0.95,8489.199999999999,4074815999.9999995
29151,1.065,9516.84,4568083200.0
17089,1.18,10544.48,5061350400.0
45055,1.02,9114.72,4375065600.0
08089,0.98,8757.28,4203494400.0000005
37183,0.99,8846.64,4246387199.9999995
39061,0.99,8846.64,4246387199.9999995
34003,1.15,10276.4,4932672000.0
55061,1.03,9204.08,4417958400.0
48369,0.95,8489.199999999999,4074815999.9999995
40151,0.97,8667.92,4160601600.0
21063,1.01,9025.36,4332172800.0
08103,0.98,8757.28,4203494400.0000005
08087,0.98,8757.28,4203494400.0000005
34023,1.15,10276.4,4932672000.0
20191,0.99,8846.64,4246387199.9999995
26127,1.035,9248.759999999998,4439404799.999999
27065,1.05,9382.800000000001,4503744000.000001
39007,0.99,8846.64,4246387199.9999995
01011,0.99,8846.64,4246387199.9999995
17105,1.18,10544.48,5061350400.0
39135,0.99,8846.64,4246387199.9999995
39079,0.99,8846.64,4246387199.9999995
25017,1.15,10276.4,4932672000.0
48115,0.95,8489.199999999999,4074815999.9999995
36069,1.17,10455.119999999999,5018457599.999999
01001,0.99,8846.64,4246387199.9999995
39049,0.99,8846.64,4246387199.9999995
49021,1.02,9114.72,4375065600.0
49039,1.02,9114.72,4375065600.0
20093,0.99,8846.64,4246387199.9999995
18105,1.01,9025.36,4332172800.0
19117,1.005,8980.679999999998,4310726399.999999
21239,1.01,9025.36,4332172800.0
17085,1.18,10544.48,5061350400.0
18059,1.01,9025.36,4332172800.0
48329,0.95,8489.199999999999,4074815999.9999995
20171,0.99,8846.64,4246387199.9999995
30013,0.99,8846.64,4246387199.9999995
51660,1.0,8936.0,4289280000.0
20189,0.99,8846.64,4246387199.9999995
31125,0.99,8846.64,4246387199.9999995
55078,1.03,9204.08,4417958400.0
48365,0.95,8489.199999999999,4074815999.9999995
21011,1.01,9025.36,4332172800.0
48001,0.95,8489.199999999999,4074815999.9999995
19167,1.005,8980.679999999998,4310726399.999999
42037,1.085,9695.56,4653868800.0
39023,0.99,8846.64,4246387199.9999995
48323,0.95,8489.199999999999,4074815999.9999995
34005,1.15,10276.4,4932672000.0
50021,1.08,9650.880000000001,4632422400.000001
13099,1.02,9114.72,4375065600.0
31149,0.99,8846.64,4246387199.9999995
26051,1.035,9248.759999999998,4439404799.999999
21173,1.01,9025.36,4332172800.0
45057,1.02,9114.72,4375065600.0
21123,1.01,9025.36,4332172800.0
19193,1.005,8980.679999999998,4310726399.999999
36037,1.17,10455.119999999999,5018457599.999999
18019,1.01,9025.36,4332172800.0
21021,1.01,9025.36,4332172800.0
21065,1.01,9025.36,4332172800.0
48087,0.95,8489.199999999999,4074815999.9999995
48089,0.95,8489.199999999999,4074815999.9999995
17063,1.18,10544.48,5061350400.0
27081,1.05,9382.800000000001,4503744000.000001
48497,0.95,8489.199999999999,4074815999.9999995
28117,0.97,8667.92,4160601600.0
21235,1.01,9025.36,4332172800.0
48491,0.95,8489.199999999999,4074815999.9999995
19131,1.005,8980.679999999998,4310726399.999999
13107,1.02,9114.72,4375065600.0
42025,1.085,9695.56,4653868800.0
31133,0.99,8846.64,4246387199.9999995
45083,1.02,9114.72,4375065600.0
47041,1.02,9114.72,4375065600.0
36029,1.17,10455.119999999999,5018457599.999999
24031,1.02,9114.72,4375065600.0
53021,1.08,9650.880000000001,4632422400.000001
19093,1.005,8980.679999999998,4310726399.999999
20173,0.99,8846.64,4246387199.9999995
48453,0.95,8489.199999999999,4074815999.9999995
34021,1.15,10276.4,4932672000.0
31023,0.99,8846.64,4246387199.9999995
42129,1.085,9695.56,4653868800.0
19029,1.005,8980.679999999998,4310726399.999999
39107,0.99,8846.64,4246387199.9999995
21073,1.01,9025.36,4332172800.0
23009,1.02,9114.72,4375065600.0
23013,1.02,9114.72,4375065600.0
13217,1.02,9114.72,4375065600.0
26061,1.035,9248.759999999998,4439404799.999999
30061,0.99,8846.64,4246387199.9999995
47051,1.02,9114.72,4375065600.0
22029,1.02,9114.72,4375065600.0
25009,1.15,10276.4,4932672000.0
46019,0.99,8846.64,4246387199.9999995
08035,0.98,8757.28,4203494400.0000005
18095,1.01,9025.36,4332172800.0
40099,0.97,8667.92,4160601600.0
54009,1.01,9025.36,4332172800.0
54013,1.01,9025.36,4332172800.0
51021,1.0,8936.0,4289280000.0
30111,0.99,8846.64,4246387199.9999995
54043,1.01,9025.36,4332172800.0
13131,1.02,9114.72,4375065600.0
18133,1.01,9025.36,4332172800.0
47015,1.02,9114.72,4375065600.0
23007,1.02,9114.72,4375065600.0
21165,1.01,9025.36,4332172800.0
26029,1.035,9248.759999999998,4439404799.999999
27151,1.05,9382.800000000001,4503744000.000001
39147,0.99,8846.64,4246387199.9999995
13267,1.02,9114.72,4375065600.0
48429,0.95,8489.199999999999,4074815999.9999995
13317,1.02,9114.72,4375065600.0
53043,1.08,9650.880000000001,4632422400.000001
39171,0.99,8846.64,4246387199.9999995
20207,0.99,8846.64,4246387199.9999995
13185,1.02,9114.72,4375065600.0
15007,,,
26099,1.035,9248.759999999998,4439404799.999999
13287,1.02,9114.72,4375065600.0
17079,1.18,10544.48,5061350400.0
48331,0.95,8489.199999999999,4074815999.9999995
51049,1.0,8936.0,4289280000.0
54109,1.01,9025.36,4332172800.0
48097,0.95,8489.199999999999,4074815999.9999995
55119,1.03,9204.08,4417958400.0
27099,1.05,9382.800000000001,4503744000.000001
27101,1.05,9382.800000000001,4503744000.000001
44007,1.09,9740.240000000002,4675315200.000001
29161,1.065,9516.84,4568083200.0
08095,0.98,8757.28,4203494400.0000005
05013,1.0,8936.0,4289280000.0
29141,1.065,9516.84,4568083200.0
39075,0.99,8846.64,4246387199.9999995
19143,1.005,8980.679999999998,4310726399.999999
18079,1.01,9025.36,4332172800.0
16083,1.02,9114.72,4375065600.0
26077,1.035,9248.759999999998,4439404799.999999
45061,1.02,9114.72,4375065600.0
56019,0.99,8846.64,4246387199.9999995
18027,1.01,9025.36,4332172800.0
26055,1.035,9248.759999999998,4439404799.999999
46065,0.99,8846.64,4246387199.9999995
47007,1.02,9114.72,4375065600.0
21219,1.01,9025.36,4332172800.0
29077,1.065,9516.84,4568083200.0
51013,1.0,8936.0,4289280000.0
51035,1.0,8936.0,4289280000.0
20013,0.99,8846.64,4246387199.9999995
13031,1.02,9114.72,4375065600.0
21071,1.01,9025.36,4332172800.0
13309,1.02,9114.72,4375065600.0
39031,0.99,8846.64,4246387199.9999995
31135,0.99,8846.64,4246387199.9999995
48205,0.95,8489.199999999999,4074815999.9999995
48249,0.95,8489.199999999999,4074815999.9999995
19189,1.005,8980.679999999998,4310726399.999999
01067,0.99,8846.64,4246387199.9999995
39175,0.99,8846.64,4246387199.9999995
38085,1.01,9025.36,4332172800.0
48127,0.95,8489.199999999999,4074815999.9999995
27045,1.05,9382.800000000001,4503744000.000001
45023,1.02,9114.72,4375065600.0
55093,1.03,9204.08,4417958400.0
13233,1.02,9114.72,4375065600.0
49051,1.02,9114.72,4375065600.0
37157,0.99,8846.64,4246387199.9999995
05011,1.0,8936.0,4289280000.0
48193,0.95,8489.199999999999,4074815999.9999995
21067,1.01,9025.36,4332172800.0
54001,1.01,9025.36,4332172800.0
47181,1.02,9114.72,4375065600.0
31013,0.99,8846.64,4246387199.9999995
42097,1.085,9695.56,4653868800.0
51530,1.0,8936.0,4289280000.0
26147,1.035,9248.759999999998,4439404799.999999
31173,0.99,8846.64,4246387199.9999995
51067,1.0,8936.0,4289280000.0
40011,0.97,8667.92,4160601600.0
19103,1.005,8980.679999999998,4310726399.999999
21089,1.01,9025.36,4332172800.0
20107,0.99,8846.64,4246387199.9999995
32011,1.1,9829.6,4718208000.0
31085,0.99,8846.64,4246387199.9999995
26135,1.035,9248.759999999998,4439404799.999999
35007,1.03,9204.08,4417958400.0
42009,1.085,9695.56,4653868800.0
20099,0.99,8846.64,4246387199.9999995
48059,0.95,8489.199999999999,4074815999.9999995
20067,0.99,8846.64,4246387199.9999995
51105,1.0,8936.0,4289280000.0
31123,0.99,8846.64,4246387199.9999995
30019,0.99,8846.64,4246387199.9999995
40119,0.97,8667.92,4160601600.0
01039,0.99,8846.64,4246387199.9999995
18093,1.01,9025.36,4332172800.0
20069,0.99,8846.64,4246387199.9999995
21045,1.01,9025.36,4332172800.0
21169,1.01,9025.36,4332172800.0
21207,1.01,9025.36,4332172800.0
23025,1.02,9114.72,4375065600.0
40025,0.97,8667.92,4160601600.0
19097,1.005,8980.679999999998,4310726399.999999
26097,1.035,9248.759999999998,4439404799.999999
48307,0.95,8489.199999999999,4074815999.9999995
28141,0.97,8667.92,4160601600.0
48105,0.95,8489.199999999999,4074815999.9999995
48217,0.95,8489.199999999999,4074815999.9999995
08075,0.98,8757.28,4203494400.0000005
20055,0.99,8846.64,4246387199.9999995
01099,0.99,8846.64,4246387199.9999995
29015,1.065,9516.84,4568083200.0
05109,1.0,8936.0,4289280000.0
29065,1.065,9516.84,4568083200.0
51185,1.0,8936.0,4289280000.0
42103,1.085,9695.56,4653868800.0
42115,1.085,9695.56,4653868800.0
48343,0.95,8489.199999999999,4074815999.9999995
42125,1.085,9695.56,4653868800.0
50001,1.08,9650.880000000001,4632422400.000001
20103,0.99,8846.64,4246387199.9999995
26121,1.035,9248.759999999998,4439404799.999999
51680,1.0,8936.0,4289280000.0
42089,1.085,9695.56,4653868800.0
38019,1.01,9025.36,4332172800.0
20109,0.99,8846.64,4246387199.9999995
29075,1.065,9516.84,4568083200.0
31009,0.99,8846.64,4246387199.9999995
49009,1.02,9114.72,4375065600.0
56031,0.99,8846.64,4246387199.9999995
37071,0.99,8846.64,4246387199.9999995
47081,1.02,9114.72,4375065600.0
29081,1.065,9516.84,4568083200.0
39015,0.99,8846.64,4246387199.9999995
47141,1.02,9114.72,4375065600.0
25027,1.15,10276.4,4932672000.0
39091,0.99,8846.64,4246387199.9999995
13079,1.02,9114.72,4375065600.0
29037,1.065,9516.84,4568083200.0
36027,1.17,10455.119999999999,5018457599.999999
48477,0.95,8489.199999999999,4074815999.9999995
08101,0.98,8757.28,4203494400.0000005
29067,1.065,9516.84,4568083200.0
56017,0.99,8846.64,4246387199.9999995
26001,1.035,9248.759999999998,4439404799.999999
05129,1.0,8936.0,4289280000.0
48305,0.95,8489.199999999999,4074815999.9999995
36077,1.17,10455.119999999999,5018457599.999999
49027,1.02,9114.72,4375065600.0
49029,1.02,9114.72,4375065600.0
26129,1.035,9248.759999999998,4439404799.999999
47087,1.02,9114.72,4375065600.0
22057,1.02,9114.72,4375065600.0
12113,0.975,8712.6,4182048000.0
21203,1.01,9025.36,4332172800.0
21223,1.01,9025.36,4332172800.0
40045,0.97,8667.92,4160601600.0
19075,1.005,8980.679999999998,4310726399.999999
34035,1.15,10276.4,4932672000.0
16031,1.02,9114.72,4375065600.0
42049,1.085,9695.56,4653868800.0
28029,0.97,8667.92,4160601600.0
48467,0.95,8489.199999999999,4074815999.9999995
51161,1.0,8936.0,4289280000.0
51015,1.0,8936.0,4289280000.0
02060,,,
45041,1.02,9114.72,4375065600.0
30003,0.99,8846.64,4246387199.9999995
42047,1.085,9695.56,4653868800.0
31165,0.99,8846.64,4246387199.9999995
28031,0.97,8667.92,4160601600.0
39143,0.99,8846.64,4246387199.9999995
40107,0.97,8667.92,4160601600.0
26145,1.035,9248.759999999998,4439404799.999999
35039,1.03,9204.08,4417958400.0
50005,1.08,9650.880000000001,4632422400.000001
51023,1.0,8936.0,4289280000.0
17119,1.18,10544.48,5061350400.0
48085,0.95,8489.199999999999,4074815999.9999995
45001,1.02,9114.72,4375065600.0
55077,1.03,9204.08,4417958400.0
04025,1.01,9025.36,4332172800.0
42091,1.085,9695.56,4653868800.0
16061,1.02,9114.72,4375065600.0
51720,1.0,8936.0,4289280000.0
29211,1.065,9516.84,4568083200.0
20135,0.99,8846.64,4246387199.9999995
51790,1.0,8936.0,4289280000.0
31029,0.99,8846.64,4246387199.9999995
39113,0.99,8846.64,4246387199.9999995
48447,0.95,8489.199999999999,4074815999.9999995
13221,1.02,9114.72,4375065600.0
29147,1.065,9516.84,4568083200.0
40037,0.97,8667.92,4160601600.0
48457,0.95,8489.199999999999,4074815999.9999995
13129,1.02,9114.72,4375065600.0
19025,1.005,8980.679999999998,4310726399.999999
51580,1.0,8936.0,4289280000.0
50017,1.08,9650.880000000001,4632422400.000001
20113,0.99,8846.64,4246387199.9999995
39051,0.99,8846.64,4246387199.9999995
28129,0.97,8667.92,4160601600.0
16075,1.02,9114.72,4375065600.0
16079,1.02,9114.72,4375065600.0
19007,1.005,8980.679999999998,4310726399.999999
78010,,,
51127,1.0,8936.0,4289280000.0
13263,1.02,9114.72,4375065600.0
54015,1.01,9025.36,4332172800.0
18077,1.01,9025.36,4332172800.0
48347,0.95,8489.199999999999,4074815999.9999995
53063,1.08,9650.880000000001,4632422400.000001
23027,1.02,9114.72,4375065600.0
24027,1.02,9114.72,4375065600.0
38001,1.01,9025.36,4332172800.0
42021,1.085,9695.56,4653868800.0
26093,1.035,9248.759999999998,4439404799.999999
08001,0.98,8757.28,4203494400.0000005
42069,1.085,9695.56,4653868800.0
40123,0.97,8667.92,4160601600.0
28127,0.97,8667.92,4160601600.0
28131,0.97,8667.92,4160601600.0
51087,1.0,8936.0,4289280000.0
18119,1.01,9025.36,4332172800.0
36119,1.17,10455.119999999999,5018457599.999999
54047,1.01,9025.36,4332172800.0
54033,1.01,9025.36,4332172800.0
01117,0.99,8846.64,4246387199.9999995
35009,1.03,9204.08,4417958400.0
40149,0.97,8667.92,4160601600.0
37135,0.99,8846.64,4246387199.9999995
18131,1.01,9025.36,4332172800.0
26019,1.035,9248.759999999998,4439404799.999999
17139,1.18,10544.48,5061350400.0
16035,1.02,9114.72,4375065600.0
21013,1.01,9025.36,4332172800.0
27035,1.05,9382.800000000001,4503744000.000001
60050,,,
04009,1.01,9025.36,4332172800.0
30017,0.99,8846.64,4246387199.9999995
17141,1.18,10544.48,5061350400.0
38077,1.01,9025.36,4332172800.0
55005,1.03,9204.08,4417958400.0
27157,1.05,9382.800000000001,4503744000.000001
26141,1.035,9248.759999999998,4439404799.999999
40027,0.97,8667.92,4160601600.0
36105,1.17,10455.119999999999,5018457599.999999
37149,0.99,8846.64,4246387199.9999995
37085,0.99,8846.64,4246387199.9999995
37105,0.99,8846.64,4246387199.9999995
18159,1.01,9025.36,4332172800.0
20027,0.99,8846.64,4246387199.9999995
20121,0.99,8846.64,4246387199.9999995
13091,1.02,9114.72,4375065600.0
36023,1.17,10455.119999999999,5018457599.999999
26161,1.035,9248.759999999998,4439404799.999999
18087,1.01,9025.36,4332172800.0
48371,0.95,8489.199999999999,4074815999.9999995
13225,1.02,9114.72,4375065600.0
13163,1.02,9114.72,4375065600.0
55083,1.03,9204.08,4417958400.0
31065,0.99,8846.64,4246387199.9999995
01069,0.99,8846.64,4246387199.9999995
40103,0.97,8667.92,4160601600.0
20063,0.99,8846.64,4246387199.9999995
22077,1.02,9114.72,4375065600.0
31067,0.99,8846.64,4246387199.9999995
01115,0.99,8846.64,4246387199.9999995
28123,0.97,8667.92,4160601600.0
18061,1.01,9025.36,4332172800.0
16017,1.02,9114.72,4375065600.0
55105,1.03,9204.08,4417958400.0
18023,1.01,9025.36,4332172800.0
42113,1.085,9695.56,4653868800.0
48345,0.95,8489.199999999999,4074815999.9999995
48485,0.95,8489.199999999999,4074815999.9999995
26155,1.035,9248.759999999998,4439404799.999999
20089,0.99,8846.64,4246387199.9999995
20123,0.99,8846.64,4246387199.9999995
28091,0.97,8667.92,4160601600.0
27085,1.05,9382.800000000001,4503744000.000001
55033,1.03,9204.08,4417958400.0
48353,0.95,8489.199999999999,4074815999.9999995
42127,1.085,9695.56,4653868800.0
36091,1.17,10455.119999999999,5018457599.999999
40095,0.97,8667.92,4160601600.0
24001,1.02,9114.72,4375065600.0
54103,1.01,9025.36,4332172800.0
36003,1.17,10455.119999999999,5018457599.999999
19031,1.005,8980.679999999998,4310726399.999999
18117,1.01,9025.36,4332172800.0
13089,1.02,9114.72,4375065600.0
13227,1.02,9114.72,4375065600.0
30015,0.99,8846.64,4246387199.9999995
31017,0.99,8846.64,4246387199.9999995
37069,0.99,8846.64,4246387199.9999995
24510,1.02,9114.72,4375065600.0
20111,0.99,8846.64,4246387199.9999995
19027,1.005,8980.679999999998,4310726399.999999
27131,1.05,9382.800000000001,4503744000.000001
29219,1.065,9516.84,4568083200.0
21227,1.01,9025.36,4332172800.0
46121,0.99,8846.64,4246387199.9999995
19127,1.005,8980.679999999998,4310726399.999999
40141,0.97,8667.92,4160601600.0
37113,0.99,8846.64,4246387199.9999995
54063,1.01,9025.36,4332172800.0
18155,1.01,9025.36,4332172800.0
01061,0.99,8846.64,4246387199.9999995
17099,1.18,10544.48,5061350400.0
19055,1.005,8980.679999999998,4310726399.999999
20127,0.99,8846.64,4246387199.9999995
19051,1.005,8980.679999999998,4310726399.999999
16015,1.02,9114.72,4375065600.0
37143,0.99,8846.64,4246387199.9999995
31039,0.99,8846.64,4246387199.9999995
35011,1.03,9204.08,4417958400.0
31109,0.99,8846.64,4246387199.9999995
31129,0.99,8846.64,4246387199.9999995
46099,0.99,8846.64,4246387199.9999995
48327,0.95,8489.199999999999,4074815999.9999995
21053,1.01,9025.36,4332172800.0
39063,0.99,8846.64,4246387199.9999995
48189,0.95,8489.199999999999,4074815999.9999995
01027,0.99,8846.64,4246387199.9999995
48011,0.95,8489.199999999999,4074815999.9999995
39003,0.99,8846.64,4246387199.9999995
13189,1.02,9114.72,4375065600.0
55111,1.03,9204.08,4417958400.0
42007,1.085,9695.56,4653868800.0
28061,0.97,8667.92,4160601600.0
37037,0.99,8846.64,4246387199.9999995
28067,0.97,8667.92,4160601600.0
55021,1.03,9204.08,4417958400.0
27029,1.05,9382.800000000001,4503744000.000001
20163,0.99,8846.64,4246387199.9999995
18041,1.01,9025.36,4332172800.0
31081,0.99,8846.64,4246387199.9999995
31115,0.99,8846.64,4246387199.9999995
42105,1.085,9695.56,4653868800.0
48465,0.95,8489.199999999999,4074815999.9999995
20077,0.99,8846.64,4246387199.9999995
49023,1.02,9114.72,4375065600.0
40137,0.97,8667.92,4160601600.0
36017,1.17,10455.119999999999,5018457599.999999
17143,1.18,10544.48,5061350400.0
19091,1.005,8980.679999999998,4310726399.999999
48391,0.95,8489.199999999999,4074815999.9999995
39017,0.99,8846.64,4246387199.9999995
13273,1.02,9114.72,4375065600.0
13063,1.02,9114.72,4375065600.0
18115,1.01,9025.36,4332172800.0
13073,1.02,9114.72,4375065600.0
08115,0.98,8757.28,4203494400.0000005
30065,0.99,8846.64,4246387199.9999995
42043,1.085,9695.56,4653868800.0
46101,0.99,8846.64,4246387199.9999995
54079,1.01,9025.36,4332172800.0
20039,0.99,8846.64,4246387199.9999995
18123,1.01,9025.36,4332172800.0
28145,0.97,8667.92,4160601600.0
31015,0.99,8846.64,4246387199.9999995
18103,1.01,9025.36,4332172800.0
20053,0.99,8846.64,4246387199.9999995
20083,0.99,8846.64,4246387199.9999995
20119,0.99,8846.64,4246387199.9999995
48445,0.95,8489.199999999999,4074815999.9999995
35021,1.03,9204.08,4417958400.0
01121,0.99,8846.64,4246387199.9999995
48155,0.95,8489.199999999999,4074815999.9999995
19021,1.005,8980.679999999998,4310726399.999999
19129,1.005,8980.679999999998,4310726399.999999
48385,0.95,8489.199999999999,4074815999.9999995
39041,0.99,8846.64,4246387199.9999995
37067,0.99,8846.64,4246387199.9999995
19049,1.005,8980.679999999998,4310726399.999999
48065,0.95,8489.199999999999,4074815999.9999995
13261,1.02,9114.72,4375065600.0
26143,1.035,9248.759999999998,4439404799.999999
37005,0.99,8846.64,4246387199.9999995
51610,1.0,8936.0,4289280000.0
39119,0.99,8846.64,4246387199.9999995
08025,0.98,8757.28,4203494400.0000005
31041,0.99,8846.64,4246387199.9999995
26017,1.035,9248.759999999998,4439404799.999999
18083,1.01,9025.36,4332172800.0
31047,0.99,8846.64,4246387199.9999995
20057,0.99,8846.64,4246387199.9999995
38105,1.01,9025.36,4332172800.0
38017,1.01,9025.36,4332172800.0
31005,0.99,8846.64,4246387199.9999995
48163,0.95,8489.199999999999,4074815999.9999995
37077,0.99,8846.64,4246387199.9999995
39013,0.99,8846.64,4246387199.9999995
51195,1.0,8936.0,4289280000.0
31035,0.99,8846.64,4246387199.9999995
24017,1.02,9114.72,4375065600.0
19033,1.005,8980.679999999998,4310726399.999999
19073,1.005,8980.679999999998,4310726399.999999
21205,1.01,9025.36,4332172800.0
53071,1.08,9650.880000000001,4632422400.000001
05025,1.0,8936.0,4289280000.0
48113,0.95,8489.199999999999,4074815999.9999995
25025,1.15,10276.4,4932672000.0
16051,1.02,9114.72,4375065600.0
48177,0.95,8489.199999999999,4074815999.9999995
47115,1.02,9114.72,4375065600.0
26007,1.035,9248.759999999998,4439404799.999999
21231,1.01,9025.36,4332172800.0
47185,1.02,9114.72,4375065600.0
48027,0.95,8489.199999999999,4074815999.9999995
28069,0.97,8667.92,4160601600.0
36075,1.17,10455.119999999999,5018457599.999999
48019,0.95,8489.199999999999,4074815999.9999995
30087,0.99,8846.64,4246387199.9999995
35059,1.03,9204.08,4417958400.0
34007,1.15,10276.4,4932672000.0
47165,1.02,9114.72,4375065600.0
51097,1.0,8936.0,4289280000.0
05015,1.0,8936.0,4289280000.0
51820,1.0,8936.0,4289280000.0
47061,1.02,9114.72,4375065600.0
27057,1.05,9382.800000000001,4503744000.000001
39125,0.99,8846.64,4246387199.9999995
18179,1.01,9025.36,4332172800.0
51063,1.0,8936.0,4289280000.0
54005,1.01,9025.36,4332172800.0
21115,1.01,9025.36,4332172800.0
50025,1.08,9650.880000000001,4632422400.000001
50019,1.08,9650.880000000001,4632422400.000001
20085,0.99,8846.64,4246387199.9999995
53019,1.08,9650.880000000001,4632422400.000001
30109,0.99,8846.64,4246387199.9999995
35027,1.03,9204.08,4417958400.0
40021,0.97,8667.92,4160601600.0
27173,1.05,9382.800000000001,4503744000.000001
48335,0.95,8489.199999999999,4074815999.9999995
40113,0.97,8667.92,4160601600.0
26107,1.035,9248.759999999998,4439404799.999999
21195,1.01,9025.36,4332172800.0
29047,1.065,9516.84,4568083200.0
18011,1.01,9025.36,4332172800.0
19057,1.005,8980.679999999998,4310726399.999999
19163,1.005,8980.679999999998,4310726399.999999
20143,0.99,8846.64,4246387199.9999995
28047,0.97,8667.92,4160601600.0
27017,1.05,9382.800000000001,4503744000.000001
48315,0.95,8489.199999999999,4074815999.9999995
36095,1.17,10455.119999999999,5018457599.999999
40117,0.97,8667.92,4160601600.0
36007,1.17,10455.119999999999,5018457599.999999
39009,0.99,8846.64,4246387199.9999995
39081,0.99,8846.64,4246387199.9999995
54049,1.01,9025.36,4332172800.0
21199,1.01,9025.36,4332172800.0
27165,1.05,9382.800000000001,4503744000.000001
46119,0.99,8846.64,4246387199.9999995
08031,0.98,8757.28,4203494400.0000005
40029,0.97,8667.92,4160601600.0
30011,0.99,8846.64,4246387199.9999995
48461,0.95,8489.199999999999,4074815999.9999995
31105,0.99,8846.64,4246387199.9999995
17093,1.18,10544.48,5061350400.0
11001,1.02,9114.72,4375065600.0
27171,1.05,9382.800000000001,4503744000.000001
55059,1.03,9204.08,4417958400.0
08113,0.98,8757.28,4203494400.0000005
28019,0.97,8667.92,4160601600.0
37025,0.99,8846.64,4246387199.9999995
29225,1.065,9516.84,4568083200.0
39005,0.99,8846.64,4246387199.9999995
31119,0.99,8846.64,4246387199.9999995
13167,1.02,9114.72,4375065600.0
51117,1.0,8936.0,4289280000.0
40047,0.97,8667.92,4160601600.0
26091,1.035,9248.759999999998,4439404799.999999
13101,1.02,9114.72,4375065600.0
20105,0.99,8846.64,4246387199.9999995
20183,0.99,8846.64,4246387199.9999995
28005,0.97,8667.92,4160601600.0
26025,1.035,9248.759999999998,4439404799.999999
01029,0.99,8846.64,4246387199.9999995
08123,0.98,8757.28,4203494400.0000005
40009,0.97,8667.92,4160601600.0
19153,1.005,8980.679999999998,4310726399.999999
36085,1.17,10455.119999999999,5018457599.999999
39071,0.99,8846.64,4246387199.9999995
16011,1.02,9114.72,4375065600.0
13201,1.02,9114.72,4375065600.0
47103,1.02,9114.72,4375065600.0
21211,1.01,9025.36,4332172800.0
31185,0.99,8846.64,4246387199.9999995
42001,1.085,9695.56,4653868800.0
45005,1.02,9114.72,4375065600.0
47037,1.02,9114.72,4375065600.0
49047,1.02,9114.72,4375065600.0
45007,1.02,9114.72,4375065600.0
56007,0.99,8846.64,4246387199.9999995
30093,0.99,8846.64,4246387199.9999995
17177,1.18,10544.48,5061350400.0
26087,1.035,9248.759999999998,4439404799.999999
22027,1.02,9114.72,4375065600.0
54027,1.01,9025.36,4332172800.0
37125,0.99,8846.64,4246387199.9999995
38087,1.01,9025.36,4332172800.0
31071,0.99,8846.64,4246387199.9999995
01133,0.99,8846.64,4246387199.9999995
28035,0.97,8667.92,4160601600.0
26065,1.035,9248.759999999998,4439404799.999999
20177,0.99,8846.64,4246387199.9999995
46061,0.99,8846.64,4246387199.9999995
27061,1.05,9382.800000000001,4503744000.000001
08073,0.98,8757.28,4203494400.0000005
36053,1.17,10455.119999999999,5018457599.999999
36115,1.17,10455.119999999999,5018457599.999999
18081,1.01,9025.36,4332172800.0
17057,1.18,10544.48,5061350400.0
36103,1.17,10455.119999999999,5018457599.999999
18161,1.01,9025.36,4332172800.0
29119,1.065,9516.84,4568083200.0
31157,0.99,8846.64,4246387199.9999995
35047,1.03,9204.08,4417958400.0
01081,0.99,8846.64,4246387199.9999995
48367,0.95,8489.199999999999,4074815999.9999995
27143,1.05,9382.800000000001,4503744000.000001
13293,1.02,9114.72,4375065600.0
26033,1.035,9248.759999999998,4439404799.999999
13013,1.02,9114.72,4375065600.0
48271,0.95,8489.199999999999,4074815999.9999995
42033,1.085,9695.56,4653868800.0
26037,1.035,9248.759999999998,4439404799.999999
17135,1.18,10544.48,5061350400.0
28003,0.97,8667.92,4160601600.0
29005,1.065,9516.84,4568083200.0
17115,1.18,10544.48,5061350400.0
20167,0.99,8846.64,4246387199.9999995
17155,1.18,10544.48,5061350400.0
46055,0.99,8846.64,4246387199.9999995
47111,1.02,9114.72,4375065600.0
01109,0.99,8846.64,4246387199.9999995
16003,1.02,9114.72,4375065600.0
25005,1.15,10276.4,4932672000.0
42107,1.085,9695.56,4653868800.0
37045,0.99,8846.64,4246387199.9999995
05059,1.0,8936.0,4289280000.0
24021,1.02,9114.72,4375065600.0
17169,1.18,10544.48,5061350400.0
13081,1.02,9114.72,4375065600.0
05027,1.0,8936.0,4289280000.0
19043,1.005,8980.679999999998,4310726399.999999
19067,1.005,8980.679999999998,4310726399.999999
46125,0.99,8846.64,4246387199.9999995
47067,1.02,9114.72,4375065600.0
13093,1.02,9114.72,4375065600.0
27145,1.05,9382.800000000001,4503744000.000001
31155,0.99,8846.64,4246387199.9999995
46035,0.99,8846.64,4246387199.9999995
48337,0.95,8489.199999999999,4074815999.9999995
48049,0.95,8489.199999999999,4074815999.9999995
55101,1.03,9204.08,4417958400.0
55115,1.03,9204.08,4417958400.0
19009,1.005,8980.679999999998,4310726399.999999
48207,0.95,8489.199999999999,4074815999.9999995
40083,0.97,8667.92,4160601600.0
36065,1.17,10455.119999999999,5018457599.999999
40121,0.97,8667.92,4160601600.0
54017,1.01,9025.36,4332172800.0
54105,1.01,9025.36,4332172800.0
33003,1.04,9293.44,4460851200.0
54095,1.01,9025.36,4332172800.0
26081,1.035,9248.759999999998,4439404799.999999
37147,0.99,8846.64,4246387199.9999995
31167,0.99,8846.64,4246387199.9999995
13001,1.02,9114.72,4375065600.0
25007,1.15,10276.4,4932672000.0
31179,0.99,8846.64,4246387199.9999995
18127,1.01,9025.36,4332172800.0
26009,1.035,9248.759999999998,4439404799.999999
16009,1.02,9114.72,4375065600.0
17103,1.18,10544.48,5061350400.0
20149,0.99,8846.64,4246387199.9999995
26075,1.035,9248.759999999998,4439404799.999999
48091,0.95,8489.199999999999,4074815999.9999995
25019,1.15,10276.4,4932672000.0
45009,1.02,9114.72,4375065600.0
13019,1.02,9114.72,4375065600.0
18165,1.01,9025.36,4332172800.0
51019,1.0,8936.0,4289280000.0
35033,1.03,9204.08,4417958400.0
31011,0.99,8846.64,4246387199.9999995
42131,1.085,9695.56,4653868800.0
37107,0.99,8846.64,4246387199.9999995
13071,1.02,9114.72,4375065600.0
46117,0.99,8846.64,4246387199.9999995
47073,1.02,9114.72,4375065600.0
38011,1.01,9025.36,4332172800.0
42057,1.085,9695.56,4653868800.0
48237,0.95,8489.199999999999,4074815999.9999995
17175,1.18,10544.48,5061350400.0
40055,0.97,8667.92,4160601600.0
48211,0.95,8489.199999999999,4074815999.9999995
40033,0.97,8667.92,4160601600.0
36011,1.17,10455.119999999999,5018457599.999999
48417,0.95,8489.199999999999,4074815999.9999995
48047,0.95,8489.199999999999,4074815999.9999995
47187,1.02,9114.72,4375065600.0
56021,0.99,8846.64,4246387199.9999995
27155,1.05,9382.800000000001,4503744000.000001
13247,1.02,9114.72,4375065600.0
42067,1.085,9695.56,4653868800.0
42083,1.085,9695.56,4653868800.0
35045,1.03,9204.08,4417958400.0
36073,1.17,10455.119999999999,5018457599.999999
22031,1.02,9114.72,4375065600.0
19095,1.005,8980.679999999998,4310726399.999999
31019,0.99,8846.64,4246387199.9999995
40007,0.97,8667.92,4160601600.0
19023,1.005,8980.679999999998,4310726399.999999
30085,0.99,8846.64,4246387199.9999995
51670,1.0,8936.0,4289280000.0
17201,1.18,10544.48,5061350400.0
04007,1.01,9025.36,4332172800.0
24045,1.02,9114.72,4375065600.0
21043,1.01,9025.36,4332172800.0
37097,0.99,8846.64,4246387199.9999995
51083,1.0,8936.0,4289280000.0
37091,0.99,8846.64,4246387199.9999995
36057,1.17,10455.119999999999,5018457599.999999
48227,0.95,8489.199999999999,4074815999.9999995
39025,0.99,8846.64,4246387199.9999995
48501,0.95,8489.199999999999,4074815999.9999995
20049,0.99,8846.64,4246387199.9999995
39121,0.99,8846.64,4246387199.9999995
39137,0.99,8846.64,4246387199.9999995
48425,0.95,8489.199999999999,4074815999.9999995
42075,1.085,9695.56,4653868800.0
32027,1.1,9829.6,4718208000.0
48261,0.95,8489.199999999999,4074815999.9999995
48033,0.95,8489.199999999999,4074815999.9999995
48411,0.95,8489.199999999999,4074815999.9999995
40073,0.97,8667.92,4160601600.0
48247,0.95,8489.199999999999,4074815999.9999995
08017,0.98,8757.28,4203494400.0000005
05113,1.0,8936.0,4289280000.0
13193,1.02,9114.72,4375065600.0
18007,1.01,9025.36,4332172800.0
24047,1.02,9114.72,4375065600.0
18069,1.01,9025.36,4332172800.0
21209,1.01,9025.36,4332172800.0
19053,1.005,8980.679999999998,4310726399.999999
18169,1.01,9025.36,4332172800.0
18003,1.01,9025.36,4332172800.0
18099,1.01,9025.36,4332172800.0
31171,0.99,8846.64,4246387199.9999995
42077,1.085,9695.56,4653868800.0
31159,0.99,8846.64,4246387199.9999995
36015,1.17,10455.119999999999,5018457599.999999
36121,1.17,10455.119999999999,5018457599.999999
42095,1.085,9695.56,4653868800.0
01103,0.99,8846.64,4246387199.9999995
21027,1.01,9025.36,4332172800.0
31113,0.99,8846.64,4246387199.9999995
31161,0.99,8846.64,4246387199.9999995
56025,0.99,8846.64,4246387199.9999995
13321,1.02,9114.72,4375065600.0
18109,1.01,9025.36,4332172800.0
48139,0.95,8489.199999999999,4074815999.9999995
60010,,,
18053,1.01,9025.36,4332172800.0
17073,1.18,10544.48,5061350400.0
55087,1.03,9204.08,4417958400.0
29107,1.065,9516.84,4568083200.0
37195,0.99,8846.64,4246387199.9999995
39117,0.99,8846.64,4246387199.9999995
05033,1.0,8936.0,4289280000.0
48053,0.95,8489.199999999999,4074815999.9999995
48179,0.95,8489.199999999999,4074815999.9999995
17109,1.18,10544.48,5061350400.0
19137,1.005,8980.679999999998,4310726399.999999
48229,0.95,8489.199999999999,4074815999.9999995
28101,0.97,8667.92,4160601600.0
37163,0.99,8846.64,4246387199.9999995
47127,1.02,9114.72,4375065600.0
12103,0.975,8712.6,4182048000.0
20023,0.99,8846.64,4246387199.9999995
19185,1.005,8980.679999999998,4310726399.999999
48165,0.95,8489.199999999999,4074815999.9999995
01093,0.99,8846.64,4246387199.9999995
37189,0.99,8846.64,4246387199.9999995
51770,1.0,8936.0,4289280000.0
48317,0.95,8489.199999999999,4074815999.9999995
29127,1.065,9516.84,4568083200.0
36045,1.17,10455.119999999999,5018457599.999999
18097,1.01,9025.36,4332172800.0
05115,1.0,8936.0,4289280000.0
51175,1.0,8936.0,4289280000.0
36087,1.17,10455.119999999999,5018457599.999999
05089,1.0,8936.0,4289280000.0
08041,0.98,8757.28,4203494400.0000005
48475,0.95,8489.199999999999,4074815999.9999995
08061,0.98,8757.28,4203494400.0000005
48487,0.95,8489.199999999999,4074815999.9999995
08119,0.98,8757.28,4203494400.0000005
29049,1.065,9516.84,4568083200.0
37127,0.99,8846.64,4246387199.9999995
51199,1.0,8936.0,4289280000.0
16047,1.02,9114.72,4375065600.0
29171,1.065,9516.84,4568083200.0
55043,1.03,9204.08,4417958400.0
38059,1.01,9025.36,4332172800.0
37041,0.99,8846.64,4246387199.9999995
37021,0.99,8846.64,4246387199.9999995
51730,1.0,8936.0,4289280000.0
13175,1.02,9114.72,4375065600.0
05007,1.0,8936.0,4289280000.0
12083,0.975,8712.6,4182048000.0
34041,1.15,10276.4,4932672000.0
36021,1.17,10455.119999999999,5018457599.999999
51690,1.0,8936.0,4289280000.0
29165,1.065,9516.84,4568083200.0
29021,1.065,9516.84,4568083200.0
01083,0.99,8846.64,4246387199.9999995
18065,1.01,9025.36,4332172800.0
31143,0.99,8846.64,4246387199.9999995
39123,0.99,8846.64,4246387199.9999995
27107,1.05,9382.800000000001,4503744000.000001
27053,1.05,9382.800000000001,4503744000.000001
42027,1.085,9695.56,4653868800.0
48025,0.95,8489.199999999999,4074815999.9999995
19171,1.005,8980.679999999998,4310726399.999999
20175,0.99,8846.64,4246387199.9999995
19135,1.005,8980.679999999998,4310726399.999999
17021,1.18,10544.48,5061350400.0
13275,1.02,9114.72,4375065600.0
21005,1.01,9025.36,4332172800.0
21185,1.01,9025.36,4332172800.0
13057,1.02,9114.72,4375065600.0
38065,1.01,9025.36,4332172800.0
26133,1.035,9248.759999999998,4439404799.999999
53001,1.08,9650.880000000001,4632422400.000001
29057,1.065,9516.84,4568083200.0
50007,1.08,9650.880000000001,4632422400.000001
27079,1.05,9382.800000000001,4503744000.000001
53017,1.08,9650.880000000001,4632422400.000001
36009,1.17,10455.119999999999,5018457599.999999
55027,1.03,9204.08,4417958400.0
19105,1.005,8980.679999999998,4310726399.999999
20007,0.99,8846.64,4246387199.9999995
46031,0.99,8846.64,4246387199.9999995
46053,0.99,8846.64,4246387199.9999995
37181,0.99,8846.64,4246387199.9999995
45011,1.02,9114.72,4375065600.0
18009,1.01,9025.36,4332172800.0
01055,0.99,8846.64,4246387199.9999995
16025,1.02,9114.72,4375065600.0
20155,0.99,8846.64,4246387199.9999995
40001,0.97,8667.92,4160601600.0
39085,0.99,8846.64,4246387199.9999995
51775,1.0,8936.0,4289280000.0
51121,1.0,8936.0,4289280000.0
29011,1.065,9516.84,4568083200.0
48077,0.95,8489.199999999999,4074815999.9999995
51095,1.0,8936.0,4289280000.0
31101,0.99,8846.64,4246387199.9999995
31137,0.99,8846.64,4246387199.9999995
42073,1.085,9695.56,4653868800.0
39067,0.99,8846.64,4246387199.9999995
37003,0.99,8846.64,4246387199.9999995
33005,1.04,9293.44,4460851200.0
51101,1.0,8936.0,4289280000.0
08055,0.98,8757.28,4203494400.0000005
48255,0.95,8489.199999999999,4074815999.9999995
48003,0.95,8489.199999999999,4074815999.9999995
39109,0.99,8846.64,4246387199.9999995
31169,0.99,8846.64,4246387199.9999995
19079,1.005,8980.679999999998,4310726399.999999
39165,0.99,8846.64,4246387199.9999995
13255,1.02,9114.72,4375065600.0
34019,1.15,10276.4,4932672000.0
29217,1.065,9516.84,4568083200.0
18121,1.01,9025.36,4332172800.0
19069,1.005,8980.679999999998,4310726399.999999
13035,1.02,9114.72,4375065600.0
08039,0.98,8757.28,4203494400.0000005
30083,0.99,8846.64,4246387199.9999995
48147,0.95,8489.199999999999,4074815999.9999995
20043,0.99,8846.64,4246387199.9999995
48265,0.95,8489.199999999999,4074815999.9999995
28017,0.97,8667.92,4160601600.0
29025,1.065,9516.84,4568083200.0
18025,1.01,9025.36,4332172800.0
29111,1.065,9516.84,4568083200.0
31075,0.99,8846.64,4246387199.9999995
19147,1.005,8980.679999999998,4310726399.999999
19159,1.005,8980.679999999998,4310726399.999999
37151,0.99,8846.64,4246387199.9999995
24015,1.02,9114.72,4375065600.0
18171,1.01,9025.36,4332172800.0
31077,0.99,8846.64,4246387199.9999995
31095,0.99,8846.64,4246387199.9999995
31151,0.99,8846.64,4246387199.9999995
21119,1.01,9025.36,4332172800.0
19045,1.005,8980.679999999998,4310726399.999999
27063,1.05,9382.800000000001,4503744000.000001
27039,1.05,9382.800000000001,4503744000.000001
27047,1.05,9382.800000000001,4503744000.000001
06009,1.16,10365.759999999998,4975564799.999999
25001,1.15,10276.4,4932672000.0
51119,1.0,8936.0,4289280000.0
42065,1.085,9695.56,4653868800.0
30021,0.99,8846.64,4246387199.9999995
54091,1.01,9025.36,4332172800.0
26111,1.035,9248.759999999998,4439404799.999999
51630,1.0,8936.0,4289280000.0
46007,0.99,8846.64,4246387199.9999995
23019,1.02,9114.72,4375065600.0
24041,1.02,9114.72,4375065600.0
13257,1.02,9114.72,4375065600.0
28007,0.97,8667.92,4160601600.0
19169,1.005,8980.679999999998,4310726399.999999
20011,0.99,8846.64,4246387199.9999995
42031,1.085,9695.56,4653868800.0
18031,1.01,9025.36,4332172800.0
18037,1.01,9025.36,4332172800.0
51057,1.0,8936.0,4289280000.0
19195,1.005,8980.679999999998,4310726399.999999
40063,0.97,8667.92,4160601600.0
51027,1.0,8936.0,4289280000.0
51005,1.0,8936.0,4289280000.0
18143,1.01,9025.36,4332172800.0
08099,0.98,8757.28,4203494400.0000005
48435,0.95,8489.199999999999,4074815999.9999995
40101,0.97,8667.92,4160601600.0
19005,1.005,8980.679999999998,4310726399.999999
08071,0.98,8757.28,4203494400.0000005
48299,0.95,8489.199999999999,4074815999.9999995
48319,0.95,8489.199999999999,4074815999.9999995
37043,0.99,8846.64,4246387199.9999995
36071,1.17,10455.119999999999,5018457599.999999
36093,1.17,10455.119999999999,5018457599.999999
54059,1.01,9025.36,4332172800.0
51065,1.0,8936.0,4289280000.0
17097,1.18,10544.48,5061350400.0
13195,1.02,9114.72,4375065600.0
08063,0.98,8757.28,4203494400.0000005
36013,1.17,10455.119999999999,5018457599.999999
13067,1.02,9114.72,4375065600.0
26041,1.035,9248.759999999998,4439404799.999999
13207,1.02,9114.72,4375065600.0
48483,0.95,8489.199999999999,4074815999.9999995
13117,1.02,9114.72,4375065600.0
48409,0.95,8489.199999999999,4074815999.9999995
28147,0.97,8667.92,4160601600.0
29137,1.065,9516.84,4568083200.0
26073,1.035,9248.759999999998,4439404799.999999
48341,0.95,8489.199999999999,4074815999.9999995
45017,1.02,9114.72,4375065600.0
29095,1.065,9516.84,4568083200.0
26149,1.035,9248.759999999998,4439404799.999999
30033,0.99,8846.64,4246387199.9999995
31001,0.99,8846.64,4246387199.9999995
27109,1.05,9382.800000000001,4503744000.000001
34039,1.15,10276.4,4932672000.0
01097,0.99,8846.64,4246387199.9999995
46087,0.99,8846.64,4246387199.9999995
01057,0.99,8846.64,4246387199.9999995
01017,0.99,8846.64,4246387199.9999995
37131,0.99,8846.64,4246387199.9999995
21087,1.01,9025.36,4332172800.0
18047,1.01,9025.36,4332172800.0
37159,0.99,8846.64,4246387199.9999995
27067,1.05,9382.800000000001,4503744000.000001
21237,1.01,9025.36,4332172800.0
48149,0.95,8489.199999999999,4074815999.9999995
46081,0.99,8846.64,4246387199.9999995
23029,1.02,9114.72,4375065600.0
48045,0.95,8489.199999999999,4074815999.9999995
26131,1.035,9248.759999999998,4439404799.999999
28015,0.97,8667.92,4160601600.0
38033,1.01,9025.36,4332172800.0
56027,0.99,8846.64,4246387199.9999995
27117,1.05,9382.800000000001,4503744000.000001
51099,1.0,8936.0,4289280000.0
27129,1.05,9382.800000000001,4503744000.000001
54097,1.01,9025.36,4332172800.0
29215,1.065,9516.84,4568083200.0
19047,1.005,8980.679999999998,4310726399.999999
16005,1.02,9114.72,4375065600.0
39055,0.99,8846.64,4246387199.9999995
36117,1.17,10455.119999999999,5018457599.999999
42045,1.085,9695.56,4653868800.0
36063,1.17,10455.119999999999,5018457599.999999
20117,0.99,8846.64,4246387199.9999995
48505,0.95,8489.199999999999,4074815999.9999995
13177,1.02,9114.72,4375065600.0
21019,1.01,9025.36,4332172800.0
27019,1.05,9382.800000000001,4503744000.000001
17083,1.18,10544.48,5061350400.0
51085,1.0,8936.0,4289280000.0
20199,0.99,8846.64,4246387199.9999995
26003,1.035,9248.759999999998,4439404799.999999
48215,0.95,8489.199999999999,4074815999.9999995
26123,1.035,9248.759999999998,4439404799.999999
41049,1.09,9740.240000000002,4675315200.000001
27153,1.05,9382.800000000001,4503744000.000001
05083,1.0,8936.0,4289280000.0
37109,0.99,8846.64,4246387199.9999995
13045,1.02,9114.72,4375065600.0
48413,0.95,8489.199999999999,4074815999.9999995
51167,1.0,8936.0,4289280000.0
37027,0.99,8846.64,4246387199.9999995
16065,1.02,9114.72,4375065600.0
21001,1.01,9025.36,4332172800.0
21077,1.01,9025.36,4332172800.0
21097,1.01,9025.36,4332172800.0
22079,1.02,9114.72,4375065600.0
31111,0.99,8846.64,4246387199.9999995
48067,0.95,8489.199999999999,4074815999.9999995
51840,1.0,8936.0,4289280000.0
37061,0.99,8846.64,4246387199.9999995
27037,1.05,9382.800000000001,4503744000.000001
55001,1.03,9204.08,4417958400.0
38099,1.01,9025.36,4332172800.0
39115,0.99,8846.64,4246387199.9999995
39133,0.99,8846.64,4246387199.9999995
56041,0.99,8846.64,4246387199.9999995
13307,1.02,9114.72,4375065600.0
13135,1.02,9114.72,4375065600.0
55095,1.03,9204.08,4417958400.0
55045,1.03,9204.08,4417958400.0
36079,1.17,10455.119999999999,5018457599.999999
08011,0.98,8757.28,4203494400.0000005
30089,0.99,8846.64,4246387199.9999995
48173,0.95,8489.199999999999,4074815999.9999995
05047,1.0,8936.0,4289280000.0
30037,0.99,8846.64,4246387199.9999995
37101,0.99,8846.64,4246387199.9999995
53005,1.08,9650.880000000001,4632422400.000001
29001,1.065,9516.84,4568083200.0
39043,0.99,8846.64,4246387199.9999995
17183,1.18,10544.48,5061350400.0
29189,1.065,9516.84,4568083200.0
17007,1.18,10544.48,5061350400.0
55025,1.03,9204.08,4417958400.0
48151,0.95,8489.199999999999,4074815999.9999995
22085,1.02,9114.72,4375065600.0
17137,1.18,10544.48,5061350400.0
48093,0.95,8489.199999999999,4074815999.9999995
30053,0.99,8846.64,4246387199.9999995
27021,1.05,9382.800000000001,4503744000.000001
42071,1.085,9695.56,4653868800.0
19013,1.005,8980.679999999998,4310726399.999999
39131,0.99,8846.64,4246387199.9999995
01125,0.99,8846.64,4246387199.9999995
28097,0.97,8667.92,4160601600.0
31099,0.99,8846.64,4246387199.9999995
31087,0.99,8846.64,4246387199.9999995
10003,1.07,9561.52,4589529600.0
51073,1.0,8936.0,4289280000.0
05133,1.0,8936.0,4289280000.0
18017,1.01,9025.36,4332172800.0
16077,1.02,9114.72,4375065600.0
18015,1.01,9025.36,4332172800.0
42101,1.085,9695.56,4653868800.0
56043,0.99,8846.64,4246387199.9999995
36109,1.17,10455.119999999999,5018457599.999999
30105,0.99,8846.64,4246387199.9999995
20203,0.99,8846.64,4246387199.9999995
46023,0.99,8846.64,4246387199.9999995
31027,0.99,8846.64,4246387199.9999995
17111,1.18,10544.48,5061350400.0
30069,0.99,8846.64,4246387199.9999995
53075,1.08,9650.880000000001,4632422400.000001
27147,1.05,9382.800000000001,4503744000.000001
21117,1.01,9025.36,4332172800.0
19037,1.005,8980.679999999998,4310726399.999999
17037,1.18,10544.48,5061350400.0
19081,1.005,8980.679999999998,4310726399.999999
38089,1.01,9025.36,4332172800.0
40019,0.97,8667.92,4160601600.0
21069,1.01,9025.36,4332172800.0
45091,1.02,9114.72,4375065600.0
18001,1.01,9025.36,4332172800.0
28155,0.97,8667.92,4160601600.0
25011,1.15,10276.4,4932672000.0
31031,0.99,8846.64,4246387199.9999995
29029,1.065,9516.84,4568083200.0
51031,1.0,8936.0,4289280000.0
39105,0.99,8846.64,4246387199.9999995
54067,1.01,9025.36,4332172800.0
40053,0.97,8667.92,4160601600.0
50027,1.08,9650.880000000001,4632422400.000001
48455,0.95,8489.199999999999,4074815999.9999995
35001,1.03,9204.08,4417958400.0
13205,1.02,9114.72,4375065600.0
21191,1.01,9025.36,4332172800.0
21215,1.01,9025.36,4332172800.0
30041,0.99,8846.64,4246387199.9999995
31175,0.99,8846.64,4246387199.9999995
48069,0.95,8489.199999999999,4074815999.9999995
24043,1.02,9114.72,4375065600.0
21133,1.01,9025.36,4332172800.0
47119,1.02,9114.72,4375065600.0
56015,0.99,8846.64,4246387199.9999995
55133,1.03,9204.08,4417958400.0
21079,1.01,9025.36,4332172800.0
53065,1.08,9650.880000000001,4632422400.000001
19177,1.005,8980.679999999998,4310726399.999999
31073,0.99,8846.64,4246387199.9999995
12033,0.975,8712.6,4182048000.0
