,geo_id,county_name,military_count,total_military_area_m,pct_military
0,01003,Baldwin County,4,8653932.649495551,0.0016481760087079624
1,01005,Barbour County,1,420502.2410096047,0.00017949596350626902
2,01015,Calhoun County,3,154983375.73438394,0.09773306111208924
3,01031,Coffee County,6,64104674.040425435,0.03637199978058143
4,01035,Conecuh County,1,1547288.0190365326,0.0007005614581540326
5,01045,Dale County,4,181296834.36006466,0.124403624149041
6,01053,Escambia County,1,2609604.0666154204,0.0010571103888760676
7,01061,Geneva County,2,962911.6338165299,0.0006421654751595431
8,01069,Houston County,2,949627.9758010446,0.0006303380006077821
9,01073,Jefferson County,2,660524.5007189304,0.00022686475947874507
10,01089,Madison County,1,154509275.16212618,0.07340377752680459
11,01101,Montgomery County,5,11497584.495412696,0.0055496630493439385
12,01113,Russell County,1,49714923.86774594,0.02965900124767818
13,02016,Aleutians West Census Area,1,14139981.153901016,0.0003867447803225949
14,02020,Anchorage Municipality,1,295557556.3917195,0.05868621716269336
15,02050,Bethel Census Area,1,9199558.501454862,7.796993958361336e-05
16,02060,Bristol Bay Borough,1,1482673.5122503613,0.0006742721395266762
17,02066,Copper River Census Area,1,21970837.82826951,0.00033773375529826187
18,02068,Denali Borough,2,46503490.59518536,0.001417522013900801
19,02090,Fairbanks North Star Borough,4,2832367347.6740603,0.14708696573180924
20,02122,Kenai Peninsula Borough,1,46922.700241689985,7.328502750183586e-07
21,02130,Ketchikan Gateway Borough,1,47103.64914102989,2.723557934444026e-06
22,02150,Kodiak Island Borough,1,519128.0911997437,1.649405660805493e-05
23,02170,Matanuska-Susitna Borough,1,1295211.7115532667,1.9791457725465665e-05
24,02180,Nome Census Area,1,2809877.216758184,3.8348947133098166e-05
25,02185,North Slope Borough,3,6638856.107302116,2.7030852773651187e-05
26,02240,Southeast Fairbanks Census Area,1,27647273.383224122,0.0004249200918464754
27,02290,Yukon-Koyukuk Census Area,2,2766477.5766284587,7.223124850755428e-06
28,04003,Cochise County,1,327669404.7605151,0.020350719242821617
29,04005,Coconino County,2,115810758.12183826,0.0023961123405176186
30,04012,La Paz County,1,1586038377.5749435,0.1357607204398578
31,04013,Maricopa County,8,2945914423.206211,0.12328487902508477
32,04019,Pima County,4,269959951.3395959,0.011341083909563824
33,04021,Pinal County,3,27759603.91624676,0.001994167931586065
34,04027,Yuma County,4,5739899083.4649105,0.40156083998234005
35,05033,Crawford County,1,2903625.353315415,0.001851026687091474
36,05045,Faulkner County,1,36535668.204764955,0.02124204166143908
37,05047,Franklin County,1,39181563.84962407,0.024395894840295817
38,05069,Jefferson County,1,52314147.08271768,0.022050810150424795
39,05083,Logan County,1,465.21780023583494,2.4607284595351894e-07
40,05119,Pulaski County,2,122671521.84740868,0.058662254960795954
41,05131,Sebastian County,2,226112458.7455917,0.16033287088217782
42,06001,Alameda County,1,5533521.829202232,0.0026016592369621917
43,06003,Alpine County,1,193407.16416799364,0.00010047908325671103
44,06013,Contra Costa County,3,21639345.846443083,0.010393084083992055
45,06019,Fresno County,2,12370031.566763673,0.0007945146438355213
46,06025,Imperial County,4,1505974904.1026547,0.12977502924070794
47,06027,Inyo County,2,1863097049.6770337,0.0703372247031602
48,06029,Kern County,2,1164460989.4358416,0.055064966463270776
49,06031,Kings County,2,64141019.85817577,0.017788456595221394
50,06035,Lassen County,1,105184127.50473665,0.008603988738519936
51,06037,Los Angeles County,8,362637653.42890036,0.029480358651780503
52,06051,Mono County,1,250267985.01704505,0.03085415900220942
53,06053,Monterey County,5,723787913.6232245,0.07410228427174816
54,06059,Orange County,3,25431570.091499005,0.010338931856157129
55,06065,Riverside County,3,471230686.5884449,0.02491460446389201
56,06071,San Bernardino County,7,8805855333.013317,0.16910475212616058
57,06073,San Diego County,23,709868330.8866252,0.060558558780150054
58,06079,San Luis Obispo County,3,123981798.90823448,0.013239140856266957
59,06081,San Mateo County,1,256578.47803571576,0.00013369837858822416
60,06083,Santa Barbara County,2,400887918.7001876,0.040864921885383376
61,06085,Santa Clara County,1,200022.66030051588,5.922230229884326e-05
62,06095,Solano County,3,31157418.96706915,0.013275975402461317
63,06109,Tuolumne County,1,8887.605481501378,1.5087257603624576e-06
64,06111,Ventura County,4,95849556.63084199,0.01677168921572561
65,06115,Yuba County,1,93727176.06312703,0.056192293852733284
66,08005,Arapahoe County,1,13363079.678866642,0.0064051301130822295
67,08041,El Paso County,7,449145763.5870955,0.08144876304372772
68,08043,Fremont County,1,24967667.561295845,0.006281411823728639
69,08071,Las Animas County,1,952528005.5389118,0.0770106430310572
70,08089,Otero County,1,536810.026511344,0.00016323771412079635
71,08101,Pueblo County,2,285476059.0559443,0.04596901342246305
72,09110,Capitol Planning Region,2,832972.4330707041,0.0003074142838152097
73,09130,Lower Connecticut River Valley Planning Region,1,2732894.71330144,0.0020401685220795326
74,09180,Southeastern Connecticut Planning Region,3,7620086.190331282,0.004315799019132853
75,10001,Kent County,1,12815228.836568903,0.006197913470426698
76,10003,New Castle County,2,1084686.256739855,0.0008477265503340089
77,10005,Sussex County,1,404095.0748931435,0.00013040711757303518
78,11001,District of Columbia,6,5566811.617634342,0.03144630201094552
79,12005,Bay County,2,119887577.5315937,0.03155939642523417
80,12009,Brevard County,2,72793118.71949486,0.018050671991602697
81,12011,Broward County,2,1319639.2727477883,0.0003894101754583592
82,12019,Clay County,1,815102.6702261581,0.0004890310532801847
83,12031,Duval County,7,41493271.07574353,0.017442871053123726
84,12033,Escambia County,4,32011144.860666282,0.010979352500108227
85,12055,Highlands County,2,220258236.3099545,0.07684156127450141
86,12057,Hillsborough County,1,23058376.902540095,0.0067048836808532705
87,12086,Miami-Dade County,2,3973351.8660532404,0.0006420733345488245
88,12087,Monroe County,5,19074324.034565162,0.0013922952697722635
89,12091,Okaloosa County,6,988461996.844669,0.3061286897787067
90,12093,Okeechobee County,1,119228.45311603557,5.160584471798083e-05
91,12095,Orange County,2,171680.37967140315,6.605921981599346e-05
92,12105,Polk County,2,217411829.55312872,0.04175420802539694
93,12113,Santa Rosa County,7,290033731.9238068,0.09162621416609845
94,12131,Walton County,1,620887313.920853,0.17008489244870664
95,13021,Bibb County,2,147409.9140441684,0.0002232795745535709
96,13029,Bryan County,1,441495887.17745155,0.3750913732162187
97,13039,Camden County,1,53492039.45435225,0.026414101689486706
98,13047,Catoosa County,1,6594841.377536082,0.015673265480307425
99,13051,Chatham County,3,22762940.867463075,0.013951083836267902
100,13053,Chattahoochee County,1,490833561.90242225,0.7545447705327596
101,13063,Clayton County,2,5213796.817655876,0.013943492098512379
102,13067,Cobb County,3,10646402.868043503,0.011937706468954947
103,13073,Columbia County,1,9400360.140410278,0.011795501685038786
104,13095,Dougherty County,1,13196216.252311883,0.015228693502711143
105,13109,Evans County,1,69481165.36529216,0.14355908032988626
106,13117,Forsyth County,1,52958.028335691844,8.272630384300033e-05
107,13121,Fulton County,2,322395.57934532315,0.00023275579853076068
108,13127,Glynn County,1,27221880.521095574,0.017956834705149645
109,13153,Houston County,1,27087426.924197245,0.027529402846645925
110,13163,Jefferson County,1,16759686.794918438,0.012217020394937586
111,13173,Lanier County,1,27507373.71141814,0.05315951644945079
112,13179,Liberty County,1,479338316.05230343,0.3071663026627272
113,13183,Long County,2,167110703.92986745,0.1597783575857144
114,13185,Lowndes County,1,16511696.337160405,0.012486307717715198
115,13187,Lumpkin County,1,1166059.5955232554,0.0015925697500176435
116,13189,McDuffie County,1,18019959.61349249,0.026127089067620318
117,13191,McIntosh County,1,63801896.58768213,0.042924845285422016
118,13197,Marion County,1,2469070.623323329,0.002596289174274932
119,13215,Muscogee County,1,191771552.06636977,0.33502151530941726
120,13245,Richmond County,2,180461020.68388772,0.2120496591442999
121,13263,Talbot County,1,52037.02459681126,5.089545570062739e-05
122,13267,Tattnall County,1,26866252.866981633,0.02124121750478459
123,13305,Wayne County,1,78458226.61782688,0.04669978950699491
124,15001,Hawaii County,5,590625375.6130521,0.04483568498075243
125,15003,Honolulu County,22,254283953.45687658,0.04532297725101842
126,15007,Kauai County,3,10408522.098133408,0.0031735840236288807
127,15009,Maui County,1,21351.21742778501,3.437289465150257e-06
128,16001,Ada County,3,547033880.9151008,0.19911300776466725
129,16039,Elmore County,4,63614144.505412325,0.007919349909338454
130,16055,Kootenai County,1,105698.69186890782,3.117696374676456e-05
131,16073,Owyhee County,1,442891814.40476936,0.022217141415574973
132,17031,Cook County,1,122410.16188957263,2.8913316898165674e-05
133,17097,Lake County,3,2821989.710581301,0.0007962820693392101
134,17099,LaSalle County,1,11554929.503115403,0.0038856178029662773
135,17143,Peoria County,1,1463650.9850691557,0.0008966623505996749
136,17157,Randolph County,1,10656960.034942336,0.006891712020047438
137,17161,Rock Island County,1,3498710.8041349873,0.0029933093109411374
138,17163,St. Clair County,2,11853831.816474097,0.006791586844585335
139,17167,Sangamon County,2,1230066.7780717164,0.0005415331100246486
140,17197,Will County,1,14459778.829396674,0.006574191161777991
141,18005,Bartholomew County,1,104373591.41289622,0.09840215880986315
142,18013,Brown County,1,16677438.20054216,0.020336605575939675
143,18017,Cass County,1,515212.884304159,0.00047951294402844366
144,18027,Daviess County,1,3279.5702523889245,2.8984301349486853e-06
145,18055,Greene County,1,12497437.837653628,0.00883896043753642
146,18079,Jennings County,1,3888036.4578979253,0.003967746159551845
147,18081,Johnson County,1,20626732.806124944,0.024749069965723264
148,18093,Lawrence County,1,605559.8883275382,0.0005173558300456603
149,18097,Marion County,1,189429.33629073808,0.00018148262277213682
150,18101,Martin County,1,237761696.0455386,0.2696784138905914
151,18103,Miami County,1,10465016.754483791,0.010706648765029513
152,18139,Rush County,1,1568419.3770945321,0.0014825674195530962
153,18145,Shelby County,1,186861.4873259017,0.00017479469085436586
154,18167,Vigo County,1,392580.7757822217,0.00036929260001635335
155,19015,Boone County,1,33257632.425196998,0.022385214097132778
156,19049,Dallas County,1,13835022.496387415,0.009029210133666941
157,19057,Des Moines County,1,86918055.80918106,0.07808568953658283
158,19111,Lee County,1,169322.03197682492,0.00012131558562010947
159,19153,Polk County,2,87527372.29465337,0.0570960824137278
160,19193,Woodbury County,1,372187.729501436,0.00016370084433708253
161,20027,Clay County,1,64092.05848111935,3.774526717553647e-05
162,20061,Geary County,1,81882627.3597974,0.07813965116159237
163,20103,Leavenworth County,1,23078822.9822058,0.019001844528174234
164,20113,McPherson County,1,2153863.4098128704,0.0009233939871506182
165,20161,Riley County,1,329723189.5043201,0.20465680368103892
166,20169,Saline County,2,135489747.41957298,0.07252498857513902
167,20173,Sedgwick County,1,56170409.6229105,0.021491497788095597
168,20177,Shawnee County,2,1057495.054438305,0.0007347115317414487
169,21029,Bullitt County,1,144166540.61818078,0.18537989864871704
170,21047,Christian County,1,55491533.06394465,0.029591354706155377
171,21073,Franklin County,1,1440309.1932560825,0.002623043210972662
172,21093,Hardin County,1,238168325.82936284,0.14593508605626238
173,21111,Jefferson County,1,329626.16953599534,0.00032009333826187036
174,21151,Madison County,1,58993620.983328246,0.05138683309306451
175,21163,Meade County,1,59135322.48715851,0.07038203323745419
176,21177,Muhlenberg County,1,45495589.18952912,0.03664152794257158
177,21221,Trigg County,1,94850939.40207691,0.0760851319728726
178,22015,Bossier Parish,2,97450813.03720087,0.0434021735131644
179,22033,East Baton Rouge Parish,1,246503.24232928763,0.00020235227178611853
180,22043,Grant Parish,1,7908075.150431177,0.004592767403375173
181,22047,Iberville Parish,1,1440031.597429398,0.0008515174962783787
182,22069,Natchitoches Parish,1,73536237.38533434,0.021847901975142463
183,22071,Orleans Parish,2,533748.7001892248,0.0005890580465728947
184,22075,Plaquemines Parish,1,13550945.786408465,0.0020380061446831433
185,22079,Rapides Parish,4,56242831.087956175,0.015949430964308852
186,22085,Sabine Parish,1,42581038.81763798,0.016253164552559013
187,22087,St. Bernard Parish,1,126389.01457298161,2.2642450326974913e-05
188,22103,St. Tammany Parish,2,6214408.830867183,0.0021899870894421906
189,22105,Tangipahoa Parish,1,604781.8112456531,0.0002766847881989795
190,22115,Vernon Parish,1,856318691.6249775,0.246683406340876
191,22119,Webster Parish,1,52083527.269945815,0.03270273135801155
192,23001,Androscoggin County,1,713559.6838581417,0.000554205129674163
193,23003,Aroostook County,1,58015.69674555948,3.2808290044075725e-06
194,23007,Franklin County,1,50369227.76993835,0.011152240711208999
195,23017,Oxford County,1,843407.7164345379,0.0001496682856004366
196,23019,Penobscot County,2,1929875.646445869,0.00020948028464042804
197,23031,York County,2,2820452.064074415,0.0008576610928074303
198,24001,Allegany County,1,21189.312742403738,1.912046286894927e-05
199,24003,Anne Arundel County,5,27795279.062810004,0.018257558553401363
200,24005,Baltimore County,4,27179210.555422895,0.015392895211986519
201,24009,Calvert County,2,1860248.076725306,0.0020814213313891782
202,24017,Charles County,7,18164219.36233537,0.010908151755684724
203,24021,Frederick County,1,4936279.4043595735,0.002855592530454014
204,24025,Harford County,2,269303768.2742436,0.19743126665707586
205,24031,Montgomery County,5,2669285.977284096,0.002033177274093287
206,24033,Prince George's County,3,18430082.21332415,0.014264956596159914
207,24037,St. Mary's County,2,30823586.59972624,0.01557216613233617
208,24041,Talbot County,1,10538.618344890354,8.533811332022556e-06
209,25001,Barnstable County,3,98034070.1566804,0.028992720566338885
210,25009,Essex County,1,1403356.474199045,0.0006540077444561334
211,25013,Hampden County,2,10108791.709786491,0.006154692884614058
212,25017,Middlesex County,5,5624848.345017626,0.002564228537491769
213,25027,Worcester County,2,20065110.54072994,0.004905910744843124
214,26007,Alpena County,1,2193488.8920916594,0.0004996746407902254
215,26025,Calhoun County,2,8670528.981998352,0.004660423927870989
216,26037,Clinton County,1,1312.2488213219535,8.818191296917974e-07
217,26039,Crawford County,2,399591403.5379856,0.2738811366439866
218,26065,Ingham County,1,233853.96672006734,0.00016102956242518233
219,26077,Kalamazoo County,1,22982359.811543062,0.01529126475711763
220,26079,Kalkaska County,1,172068247.64192253,0.11643940171349211
221,26099,Macomb County,2,13249135.576412575,0.008960117416744125
222,26113,Missaukee County,1,12745.479319492439,8.574831450921526e-06
223,26137,Otsego County,1,23476586.028815124,0.017225325601760363
224,26143,Roscommon County,1,2715.396531083933,1.8075536292045075e-06
225,27035,Crow Wing County,1,233074.7637107396,7.780303918905281e-05
226,27037,Dakota County,1,48572.568681496516,3.1955384175100255e-05
227,27053,Hennepin County,1,1124651.9857623216,0.0007156672850781445
228,27097,Morrison County,1,213271425.7909156,0.07139374557892915
229,27109,Olmsted County,1,46155.25559673462,2.7217282328790955e-05
230,27123,Ramsey County,2,6746543.446827255,0.015321471074639608
231,27137,St. Louis County,2,891139.9349703279,5.015215913389649e-05
232,27141,Sherburne County,1,216884.17853299197,0.00018562722978737473
233,27145,Stearns County,1,26227.846685201574,7.285873426183675e-06
234,28035,Forrest County,1,73190249.92654477,0.0600946714948721
235,28039,George County,1,5548836.4377726475,0.004429660243869082
236,28041,Greene County,1,3038.8187184624157,1.6325318927867584e-06
237,28043,Grenada County,1,52452765.59385078,0.04506441964668422
238,28045,Hancock County,1,56388310.30036576,0.03938676400160001
239,28047,Harrison County,5,21013563.874489143,0.008239543296259179
240,28069,Kemper County,3,7850518.045600675,0.003951764327330103
241,28075,Lauderdale County,1,29945759.878676392,0.01616733170082663
242,28087,Lowndes County,1,17767777.09651428,0.013267133164406343
243,28097,Montgomery County,1,47491.348576930504,4.4954689005345654e-05
244,28103,Noxubee County,1,3528321.7825032533,0.0019456146372592588
245,28111,Perry County,1,481483795.9342699,0.2859143536260381
246,28121,Rankin County,1,487991.87954126945,0.0002337403157151656
247,29021,Buchanan County,1,361608.46854379657,0.0003362848031078553
248,29023,Butler County,1,8284635.445245804,0.004575624195942535
249,29029,Camden County,1,1296538.8929085482,0.0007064526855272547
250,29051,Cole County,1,1906673.0404671133,0.0018453859746233351
251,29077,Greene County,1,434055.99525758,0.0002472265796805356
252,29095,Jackson County,1,17512367.45745829,0.010970463014159956
253,29099,Jefferson County,1,139246.15777287137,8.098585910711756e-05
254,29101,Johnson County,1,21260148.333488103,0.009851981695614243
255,29105,Laclede County,1,75061.19642164517,3.773354546765285e-05
256,29119,McDonald County,1,12794.214598651495,9.15392170827365e-06
257,29121,Macon County,1,12451559.671510955,0.005917954466047861
258,29145,Newton County,1,17368165.73319495,0.01070244946756256
259,29169,Pulaski County,1,249570318.37146592,0.17472908057891884
260,29215,Texas County,1,68876.18154957192,2.2551462649095884e-05
261,29217,Vernon County,1,5101770.234510803,0.0023539048553668017
262,29510,St. Louis City,1,126167.34200781118,0.0007361746395285682
263,30007,Broadwater County,1,86268344.77776898,0.02690266817577357
264,30013,Cascade County,2,13822361.377766438,0.001968258376870951
265,30049,Lewis and Clark County,2,26794933.08079962,0.0029579351661825222
266,31001,Adams County,1,5366704.2638974,0.0036724277225172602
267,31035,Clay County,1,7956605.636959524,0.005356332207110017
268,31079,Hall County,1,201895.27470779518,0.00014118084948681233
269,31109,Lancaster County,2,726126.7926705892,0.0003312440709299334
270,31153,Sarpy County,2,9679958.093696484,0.015099126302779839
271,31155,Saunders County,2,7104559.624502098,0.0036101780864064813
272,32001,Churchill County,5,651731256.6847758,0.050088513830728015
273,32003,Clark County,5,2081031603.7592854,0.09967727213642
274,32007,Elko County,1,78796.82023392881,1.7685765377201184e-06
275,32017,Lincoln County,1,2609260567.6830726,0.09470949913993718
276,32021,Mineral County,1,591147646.2212948,0.05988341172134455
277,32023,Nye County,1,7629966481.919117,0.1618776742169443
278,32031,Washoe County,1,243480.1556777394,1.437242592365145e-05
279,33011,Hillsborough County,1,11682132.495669974,0.005053891799448316
280,33015,Rockingham County,2,927680.5360144486,0.0004503999270192531
281,33017,Strafford County,1,423183.71535085124,0.0004270711062144486
282,34001,Atlantic County,1,1197778.6931248729,0.0006883605642600814
283,34005,Burlington County,2,112688307.13807794,0.05303624088426269
284,34021,Mercer County,1,320309.88624628715,0.0005403952536959061
285,34025,Monmouth County,3,35719521.16659415,0.020851825158237528
286,34027,Morris County,1,26611656.8594301,0.021337940301838474
287,34029,Ocean County,2,93892449.98200166,0.03962684686071064
288,35001,Bernalillo County,1,203249201.87476388,0.06722327834312158
289,35009,Curry County,3,22742798.434240356,0.0062338358866750425
290,35013,Doña Ana County,3,2444597017.740894,0.2474105490067112
291,35027,Lincoln County,1,733361837.4213136,0.058607590969226894
292,35035,Otero County,3,6060970695.13195,0.35313341526654507
293,35041,Roosevelt County,1,229831809.82775372,0.03617163822910227
294,35043,Sandoval County,1,483046.34210253553,5.021161256813694e-05
295,35049,Santa Fe County,1,1341793.1111482035,0.00027104167267569333
296,35051,Sierra County,1,2121713525.5165384,0.19328850129668115
297,35053,Socorro County,1,2050719515.0743322,0.11909696599688303
298,36001,Albany County,1,536812.2305117658,0.0003886436352449312
299,36045,Jefferson County,1,362447718.0202659,0.07537714579961655
300,36047,Kings County,2,690900.858444553,0.0027543119960541725
301,36049,Lewis County,1,78109295.90921943,0.02334914399706603
302,36063,Niagara County,2,6026619.558985889,0.002041784106969304
303,36065,Oneida County,2,474872.4377928664,0.00014577513060863107
304,36067,Onondaga County,2,2475985.7753273966,0.0011866462791302124
305,36071,Orange County,3,65262799.15760328,0.030058033351123597
306,36079,Putnam County,1,222.4804022521539,3.4894526447160066e-07
307,36089,St. Lawrence County,1,112448.43575623249,1.538934787187672e-05
308,36091,Saratoga County,1,91069.61137105792,4.167373143360942e-05
309,36093,Schenectady County,1,510162.8516510271,0.000940467508958917
310,36103,Suffolk County,1,363124.59151442646,5.9076344253953484e-05
311,36119,Westchester County,1,6365699.665068472,0.004914824138856402
312,37019,Brunswick County,1,37663372.88003094,0.013855684766040514
313,37031,Carteret County,3,57822354.014326274,0.016780771229783387
314,37049,Craven County,1,45978168.49320047,0.02295703215016421
315,37051,Cumberland County,1,191402236.10106754,0.1122297839742195
316,37053,Currituck County,1,3392451.129963707,0.0024881549010645028
317,37055,Dare County,1,185951209.16433534,0.04656844375409641
318,37063,Durham County,2,9074713.483450336,0.011763029967249341
319,37077,Granville County,1,10812617.979172174,0.007765711011923802
320,37085,Harnett County,1,62367536.37939568,0.04003921053776246
321,37093,Hoke County,2,362530609.4137706,0.3573698432941386
322,37095,Hyde County,1,2737487.207129858,0.0007244143702824529
323,37103,Jones County,1,3845254.065775165,0.0031342013193100026
324,37119,Mecklenburg County,1,426716.5881417949,0.00030171504529567426
325,37125,Moore County,2,14127218.396901548,0.007729506862448229
326,37129,New Hanover County,2,9205053.80468249,0.010806798084096255
327,37133,Onslow County,2,504199788.8913613,0.21506189242548968
328,37153,Richmond County,1,10431430.925522882,0.008396026686583758
329,37165,Scotland County,1,18233384.77778453,0.02195703332857245
330,37183,Wake County,1,326834.31995184446,0.00014724579771502682
331,37191,Wayne County,1,13078305.180844389,0.009053903866822826
332,38005,Benson County,1,47.164413791285504,1.2651332473955021e-08
333,38015,Burleigh County,1,339240.5638686364,7.850336141236971e-05
334,38017,Cass County,1,1043293.642328666,0.00022786258819020605
335,38027,Eddy County,1,36602877.87031195,0.021939911024440175
336,38035,Grand Forks County,1,21260992.086361814,0.005702942489114157
337,38067,Pembina County,1,1137032.1318242927,0.00039154010402201903
338,38071,Ramsey County,1,10207416.219110152,0.003029274764904844
339,38101,Ward County,1,20096322.662213333,0.0037739827861639655
340,39003,Allen County,1,1491776.293297278,0.0014156974522982475
341,39023,Clark County,2,552457.8654633986,0.0005312448986673526
342,39035,Cuyahoga County,1,124919.15298480564,3.872380000534524e-05
343,39049,Franklin County,4,3568695.9269898375,0.002534636869887991
344,39057,Greene County,1,21047558.48003452,0.01952281313649911
345,39095,Lucas County,1,547829.4248367378,0.00035499317146794705
346,39113,Montgomery County,1,85932.76206552814,7.146832542459152e-05
347,39115,Morgan County,1,1815516.8357828658,0.0016619419895023359
348,39123,Ottawa County,1,2339970.853199633,0.0015441905921582699
349,39129,Pickaway County,1,26839.068168513204,2.0457147879334375e-05
350,39133,Portage County,1,82046670.8592926,0.06284400953940479
351,39139,Richland County,1,267592.63563856785,0.00020660463990605711
352,39141,Ross County,1,1844463.665112951,0.0010275989508380066
353,39155,Trumbull County,2,6999595.439215107,0.004249053835449257
354,40003,Alfalfa County,1,4906617.457450902,0.002149254335458092
355,40021,Cherokee County,1,56106.839559463355,2.7915373856263218e-05
356,40027,Cleveland County,2,1580490.866182734,0.0010937846538337053
357,40031,Comanche County,1,379293580.71526563,0.13511489416533645
358,40047,Garfield County,1,13698834.30276602,0.004989382190627278
359,40053,Grant County,1,3408.5132500672316,1.3114977049498585e-06
360,40065,Jackson County,1,16573770.072749313,0.007956778193492126
361,40097,Mayes County,1,2139924.5124441264,0.0012087507113254954
362,40101,Muskogee County,2,135652025.91712257,0.06235079840038173
363,40109,Oklahoma County,4,26261199.493147623,0.014113183108849457
364,40121,Pittsburg County,1,181756011.8219447,0.050930521034151605
365,40135,Sequoyah County,1,24944.39000231619,1.3486173582482858e-05
366,40143,Tulsa County,1,406659.23196053284,0.0002675666763620851
367,41003,Benton County,1,2091309.3494680908,0.0011906541632123397
368,41005,Clackamas County,1,326579.27192692907,6.69633809312441e-05
369,41007,Clatsop County,1,7345086.131743408,0.002617167937067203
370,41013,Crook County,1,36211243.08580921,0.004680634398275062
371,41017,Deschutes County,2,80190591.85409446,0.010137488863633328
372,41035,Klamath County,1,644219.2314910701,4.0528842933873535e-05
373,41039,Lane County,1,90852.03584231473,7.4279504482568396e-06
374,41047,Marion County,1,321232.83196435653,0.00010413309129418879
375,41049,Morrow County,2,233922626.1648601,0.04410788853491555
376,41051,Multnomah County,1,897125.7500870483,0.0007448942564099559
377,41053,Polk County,1,43832.44278569736,2.274274326503852e-05
378,41059,Umatilla County,1,38792888.610379376,0.0046349772038880716
379,42003,Allegheny County,2,1272372.891170948,0.0006600759489461663
380,42013,Blair County,1,90575.91449121256,6.64430549872497e-05
381,42029,Chester County,1,213504.4388260398,0.00010858082748046633
382,42039,Crawford County,1,429166.0227653618,0.00015969692571230466
383,42041,Cumberland County,2,4866152.882561908,0.0034137454101255396
384,42043,Dauphin County,1,24406630.412117165,0.01688508470237734
385,42055,Franklin County,1,72569779.60870695,0.036253221331332235
386,42069,Lackawanna County,1,59657.87186024342,4.95325439169999e-05
387,42073,Lawrence County,1,23868.276375385904,2.54726626421198e-05
388,42075,Lebanon County,1,48378663.831311695,0.0515285518159827
389,42089,Monroe County,1,5684757.876557417,0.003556726739308176
390,42091,Montgomery County,1,209296.98298645706,0.00016587175265433537
391,42101,Philadelphia County,2,1614649.3937741076,0.004377282421391312
392,42133,York County,1,3393955.4750671946,0.0014388694235295913
393,44003,Kent County,1,1523435.971910145,0.0031264405764604916
394,44005,Newport County,3,3046588.7776717395,0.0037505738019711007
395,44009,Washington County,1,427265.9380439938,0.0002931302008104009
396,45013,Beaufort County,4,72578702.50090754,0.03034309713136487
397,45015,Berkeley County,1,68359457.40699668,0.021379998743588775
398,45019,Charleston County,1,14031857.371248271,0.003963415102251242
399,45035,Dorchester County,1,211.79305237384654,1.4320916283021739e-07
400,45065,McCormick County,1,3505897.035439491,0.003438845047512303
401,45075,Orangeburg County,1,9084999.505977701,0.0031100155497695526
402,45079,Richland County,2,217699055.69780627,0.10888320160538736
403,45085,Sumter County,2,64426008.52459125,0.036469098032545444
404,46035,Davison County,1,245530.9248860672,0.00021695961874582023
405,46093,Meade County,2,16047855.730860632,0.001779058492317151
406,46099,Minnehaha County,2,911762.2830088779,0.0004325473272251361
407,46103,Pennington County,4,8608953.158405146,0.0011937454755018865
408,47009,Blount County,1,1480621.3903692183,0.0010088665920084088
409,47017,Carroll County,2,49387428.590689905,0.03177604228418744
410,47031,Coffee County,1,96384477.4213836,0.08563779741300384
411,47037,Davidson County,2,622403.9110505166,0.0004574973848505802
412,47051,Franklin County,1,61004522.243295535,0.0409100294257671
413,47053,Gibson County,2,51151151.2503534,0.03271688858284597
414,47073,Hawkins County,1,23764655.7686309,0.018365125062919714
415,47113,Madison County,1,260005.4182767305,0.00017970676323853638
416,47125,Montgomery County,1,172130438.76175123,0.12220741613428585
417,47149,Rutherford County,1,3454114.264194448,0.002137050864316094
418,47157,Shelby County,4,6463433.3312043855,0.0031930057231938785
419,47161,Stewart County,1,101137243.52490495,0.07920546138692078
420,47163,Sullivan County,1,1106085.5488568728,0.000993846211966645
421,47179,Washington County,1,434227.39329128555,0.0005083193555378673
422,48021,Bastrop County,1,47439499.548500404,0.020452380634851938
423,48027,Bell County,1,273829287.4302172,0.09697212152754202
424,48029,Bexar County,2,178413620.98308653,0.054842244025847184
425,48037,Bowie County,1,60376808.256762795,0.02525837565669572
426,48049,Brown County,1,20581321.946543206,0.008303956050703968
427,48091,Comal County,1,5340820.182569745,0.0035869990731848627
428,48099,Coryell County,1,613743892.2071602,0.22422806213849433
429,48113,Dallas County,1,301945.0251722161,0.0001283029768076196
430,48141,El Paso County,1,499014963.5909085,0.18977072627012376
431,48175,Goliad County,1,4599295.759766207,0.0020664038291921343
432,48187,Guadalupe County,1,3838356.55899113,0.00207333781117491
433,48201,Harris County,1,846594.5777122154,0.0001839419685479283
434,48229,Hudspeth County,1,23971.359938260408,2.024659346147388e-06
435,48249,Jim Wells County,1,13685993.789199581,0.006083965222621525
436,48271,Kinney County,1,1625637.431679115,0.00045978453535657204
437,48273,Kleberg County,1,13545386.392463252,0.0047971916321135465
438,48277,Lamar County,1,26730103.367366903,0.011060463463995925
439,48311,McMullen County,2,42962024.782123245,0.014339545920957587
440,48355,Nueces County,3,18586509.80082797,0.006156883403376773
441,48363,Palo Pinto County,1,679840.7027950081,0.00026634776445151685
442,48367,Parker County,1,15864172.044925742,0.006730279455623737
443,48439,Tarrant County,4,9734830.779826853,0.004158817747515981
444,48441,Taylor County,1,25038.24345196486,1.0515901609186678e-05
445,48451,Tom Green County,1,4369791.417946035,0.0010951739889767816
446,48453,Travis County,3,1732919.7488554928,0.0006527480528710314
447,48465,Val Verde County,1,16549699.227013713,0.001976655609722466
448,48485,Wichita County,1,18142684.129630953,0.011068657905355241
449,49011,Davis County,1,25202608.13069175,0.015318348011660592
450,49015,Emery County,1,1241.9593055480932,1.0722381026710432e-07
451,49019,Grand County,1,10267021.356335128,0.0010758362655163718
452,49023,Juab County,1,8305.0852815337,9.415101330288475e-07
453,49035,Salt Lake County,3,33059809.021164905,0.015842866470003117
454,49045,Tooele County,4,5743402097.252059,0.3043556608666379
455,49049,Utah County,1,67278305.7865048,0.012114128126417158
456,49053,Washington County,1,278552.32892290223,4.424830255983642e-05
457,49057,Weber County,1,1640196.0045375258,0.0009596593278315455
458,50007,Chittenden County,4,48739415.260122485,0.030319915763206702
459,50015,Lamoille County,1,27.000120434105714,2.2362408535610087e-08
460,50025,Windham County,1,194134.49594808117,9.385095368295191e-05
461,51001,Accomack County,1,26199075.89374947,0.007721539523961743
462,51003,Albemarle County,1,301897.6660742509,0.00016056359461514297
463,51013,Arlington County,5,4611739.627330532,0.06821438598252286
464,51025,Brunswick County,1,26326155.302518502,0.017845691059444457
465,51033,Caroline County,1,301326128.0313225,0.21665832237351906
466,51041,Chesterfield County,1,2317261.9463581494,0.0020473372627244305
467,51053,Dinwiddie County,1,53082688.60757792,0.04040110829852733
468,51057,Essex County,1,616750.9705625586,0.0008319830947053031
469,51059,Fairfax County,1,33679390.4294367,0.03199169298405666
470,51061,Fauquier County,1,13832990.754009282,0.008195085946879283
471,51087,Henrico County,1,368238.52428166213,0.000580757133836447
472,51095,James City County,2,3909101.2924254416,0.008428598147844926
473,51099,King George County,2,17414734.282678828,0.03580911790995902
474,51111,Lunenburg County,1,52097.50430468672,4.65222182819144e-05
475,51121,Montgomery County,1,9322174.049331138,0.009246249226606645
476,51135,Nottoway County,1,86887623.38461153,0.1061464726460881
477,51149,Prince George County,1,22866130.947670978,0.03132443491179641
478,51153,Prince William County,2,93362902.29806468,0.10382587659985401
479,51155,Pulaski County,1,6981504.621831635,0.008182201651752595
480,51179,Stafford County,2,132099655.5107366,0.18212473001267723
481,51199,York County,3,47646546.873461105,0.08557039901562884
482,51510,Alexandria City,1,75303.00594707475,0.0018943512591254705
483,51550,Chesapeake City,3,23142958.541952208,0.025461261037413113
484,51650,Hampton City,2,12834628.841752088,0.036363825077004676
485,51670,Hopewell City,1,16683.395220281356,0.0005948623974303746
486,51700,Newport News City,2,32122136.92836875,0.10367677758045937
487,51710,Norfolk City,8,20433573.1713084,0.08183806376394778
488,51730,Petersburg City,1,48052.542574436,0.000808646651563213
489,51740,Portsmouth City,5,5813193.51358576,0.04808007361306052
490,51810,Virginia Beach City,4,45658508.17864947,0.03543495128075638
491,53025,Grant County,1,143431.0902396179,1.983882976963556e-05
492,53029,Island County,3,33565481.8125781,0.02505139187467332
493,53031,Jefferson County,1,11987387.821952092,0.002115436432966778
494,53035,Kitsap County,6,35183523.58857099,0.02400793208518577
495,53037,Kittitas County,1,669921880.9449309,0.11086896590040593
496,53051,Pend Oreille County,1,304393.23032031313,8.244616000469614e-05
497,53053,Pierce County,1,294774162.06508595,0.06303711582641114
498,53061,Snohomish County,3,20597546.315589618,0.003621882585195169
499,53063,Spokane County,2,17479160.789009467,0.0037893337482484283
500,53067,Thurston County,1,75012770.39117987,0.037415003863552405
501,53077,Yakima County,1,653874717.3390812,0.05857032882832614
502,54003,Berkeley County,1,1259051.3289384025,0.001511860520099247
503,54033,Harrison County,1,1740363.1450145335,0.001613276921325884
504,54035,Jackson County,1,1458874.6977740703,0.0011943167104928611
505,54039,Kanawha County,1,499775.07668957737,0.00021181026931496887
506,54057,Mineral County,1,6118665.195477784,0.007175837357627783
507,54077,Preston County,2,34439518.01372389,0.02041358053518037
508,54083,Randolph County,1,591112.3447823601,0.0002194605731433934
509,54107,Wood County,1,416347.4881963958,0.0004266639660459643
510,55025,Dane County,1,613153.2305299868,0.00019130451343437203
511,55053,Jackson County,1,13207.286810426127,5.096925238225898e-06
512,55057,Juneau County,3,68164416.0179385,0.032686993102486045
513,55079,Milwaukee County,2,777278.7997378225,0.00025229570602984774
514,55081,Monroe County,1,241548662.79435816,0.1027029010715009
515,55141,Wood County,2,53597.714870370066,2.5572001275328413e-05
516,56021,Laramie County,2,24048651.378968384,0.0034549166870653965
517,56031,Platte County,1,319168902.8174244,0.05838039305977023
518,66010,Guam,3,141941079.9287191,0.09604283028458878
519,72005,Aguadilla Municipio,2,1688570.929588597,0.008626349780531157
520,72021,Bayamón Municipio,1,1181532.179461334,0.010237540546131635
521,72031,Carolina Municipio,1,386027.05471819156,0.0024706239622339066
522,72043,Coamo Municipio,1,760174.6790389341,0.0037615459081214546
523,72061,Guaynabo Municipio,1,1842287.5971577046,0.025618304108691384
524,72075,Juana Díaz Municipio,1,3026633.3470592736,0.010900103785129804
525,72123,Salinas Municipio,1,50395220.99557993,0.17050075016170982
526,72133,Santa Isabel Municipio,1,34510.06667639546,0.000173169100140284
527,72147,Vieques Municipio,1,349721.6318186825,0.0005114875643445673
