Name,State,Location,Capacity(MW),Capacity Factor,Annual Generation (GWh),CO2 emissions (Tons/year) [2][3],CO2 emissions/ Annual Generation,Majority Owner,Fuel type,Retired,Ref
Armstrong,Pennsylvania,40°55′45″N 79°27′59″W﻿ / ﻿40.92917°N 79.46639°W,356,,,,,FirstEnergy,Bituminous coal,"September 1, 2012",[4]
Asbury,Missouri,37°21′41″N 94°35′21″W﻿ / ﻿37.36139°N 94.58917°W,232,,,,,Empire District Electric Company,,March 2020,
Birchwood,Virginia,38°15′56″N 77°18′51″W﻿ / ﻿38.265423°N 77.314233°W,258,,77 (2020),"65,032 (2019)",1355 (2019),J-POWER General Electric,Bituminous coal,March 2021,[5][6]
Boardman,Oregon,45°41′36″N 119°48′25″W﻿ / ﻿45.69333°N 119.80694°W,550,,,,,Portland General Electric,,October 2020,
Brayton Point [note 1],Massachusetts,41°42′45″N 71°11′38″W﻿ / ﻿41.71250°N 71.19389°W,1537.6,,,,,PG&E (1963-2005) Dominion Energy New England (2005-2013) Energy Capital Partners (2013-2015) Dynegy (2015-present),Bituminous coal,October 2020,[7]
Bridgeport,Connecticut,41°10′17″N 73°11′03″W﻿ / ﻿41.17139°N 73.18417°W,995,,"2,100 (2019)","806,838 (2019)",384 (2019),Public Service Enterprise Group,Sub-bituminous coal,June 2021,[8][9][10][11]
Bruce Mansfield,Pennsylvania,40°38′4″N 80°25′1″W﻿ / ﻿40.63444°N 80.41694°W,2490,,,,,FirstEnergy,,November 2019,
Bull Run,Tennessee,36°01′16″N 84°09′22″W﻿ / ﻿36.02111°N 84.15611°W,889,,641 (2020),"1,337,090 (2019)",862 (2019),Tennessee Valley Authority,Bituminous coal,December 2023,[12][13][14]
Burlington,Iowa,40°44′28″N 91°07′00″W﻿ / ﻿40.741200°N 91.116670°W,212,,"1,130 (2020)","1,194,481 (2019)",1042 (2019),Interstate Power and Light,Sub-bituminous coal,December 2021,[15][16][10]
Carbon Power Plant [note 2],Utah,39°43′38″N 110°51′51″W﻿ / ﻿39.72722°N 110.86417°W,190,,,,,PacifiCorp,Sub-bituminous coal,"April 16, 2015",[17]
Charles P. Crane,Maryland,39°19′25″N 76°21′59″W﻿ / ﻿39.32361°N 76.36639°W,400,,,,,Avenue Capital Group,Sub-bituminous coal,June 2018,[18][19][20][21][22]
Charles R. Lowman,Alabama,31°29′17″N 87°54′38″W﻿ / ﻿31.488167°N 87.910477°W,538,,,,,PowerSouth Energy Cooperative,Bituminous coal,October 2020,[23][24]
Cheswick,Pennsylvania,40°32′18″N 79°47′29″W﻿ / ﻿40.53833°N 79.79139°W,635,,542 (2020),"896,561 (2019)",1135 (2019),GenOn Energy Holdings,Bituminous coal,April 2022,[25][26][27][28][29][10]
Dan E. Karn,Michigan,43°38′32″N 83°50′17″W﻿ / ﻿43.642089°N 83.838188°W,544,,"1,654 (2020)","1,934,954 (2019)","1,063 (2019)",CMS Energy,Sub-bituminous coal,June 2023,[30][31][32][33]
Dolet Hills,Louisiana,32°1′56″N 93°34′10″W﻿ / ﻿32.03222°N 93.56944°W,720,,,,,SWEPCO Cleco Power LLC Northeast Texas Electric Cooperative Inc,Lignite,October 2021,
Eckert,Michigan,42°41′42″N 84°39′43″W﻿ / ﻿42.694957°N 84.662078°W,375,,384 (2018) 44 (2019) 5 (2020),"484,156 (2018) 46,403 (2019)",,Lansing Board of Water and Light,Sub-bituminous coal,April 2021,[34][35][10]
Elk River,Minnesota,45°17′43″N 93°33′24″W﻿ / ﻿45.295172°N 93.5567°W,35 to 42,,,,,Great River Energy,Sub-bituminous coal Oil Refuse Derived Fuel[note 3],January 2019,[36][37]
Erickson,Michigan,42°41′33″N 84°39′27″W﻿ / ﻿42.692414°N 84.657470°W,155,,691 (2019),"765,200 (2019)","1,107 (2019)",Lansing Board of Water & Light,Sub-bituminous coal,November 2022,[38][39]
Escalante,New Mexico,35°24′58″N 108°05′00″W﻿ / ﻿35.41611°N 108.08333°W,257,,"1,209 (2019)","1,292,447 (2018)",,TSGTA,Sub-bituminous coal,December 2020,[40][41][10]
Frank E. Ratts,Indiana,38°31′12″N 87°16′02″W﻿ / ﻿38.52000°N 87.26722°W,250,,,,,Hoosier Energy,Sub-bituminous coal,"December 29, 2014",[42][43]
G. G. Allen,North Carolina,35°11′25″N 81°0′30″W﻿ / ﻿35.19028°N 81.00833°W,868,,895 (2019),"974,310 (2019)","1,089 (2019)",Duke Energy,Bituminous coal,December 2024,[44][45][32][46]
George F. Weaton,Pennsylvania,40°40′2.24″N 80°20′46.03″W﻿ / ﻿40.6672889°N 80.3461194°W,110,,,,,Horsehead Corporation,Sub-bituminous coal,July 2012,[47][48]
Grainger,South Carolina,33°49′33″N 79°03′10″W﻿ / ﻿33.82583°N 79.05278°W,170,,,,,Central Electric Power Cooperative,Bituminous coal,October 2012,[49][50][51][52][53]
Harding Street,Indiana,39°42′34″N 86°11′48″W﻿ / ﻿39.70944°N 86.19667°W,698,,,,,AES Indiana,Bituminous coal,2016,[54][55]
Harllee Branch,Georgia,33°11′38″N 83°17′59″W﻿ / ﻿33.19389°N 83.29972°W,1539,,,,,Georgia Power,Bituminous coal,April 2015,
Hatfield's Ferry,Pennsylvania,39°51′20″N 79°55′39″W﻿ / ﻿39.85556°N 79.92750°W,1700,,,,,FirstEnergy,Bituminous coal,"October 9, 2013",[56][57][58][59] [60][61][62][63]
Henderson Station One [note 4],Kentucky,37°50′N 87°35′W﻿ / ﻿37.84°N 87.59°W,44,,,,,City of Henderson,Coal,"December 31, 2008",[64]
Henderson Station Two [note 5],Kentucky,37°38′48″N 87°30′05″W﻿ / ﻿37.646678°N 87.501403°W,405,,,,,Henderson City Utility Commission,Bituminous coal,May 2019,[65]
Homer City,Pennsylvania,40°30′39″N 79°11′37″W﻿ / ﻿40.51083°N 79.19361°W,2022,29%,"6,828 (2019)","6,753,709 (2019)",989 2019,NRG Energy,Bituminous coal,July 2023,[66][67][68][69][70]
Hoot Lake,Minnesota,46°17′27″N 96°02′35″W﻿ / ﻿46.290791°N 96.043071°W,129,,319 (2019),"356,720 (2019)",1118 (2019),Otter Tail Power Company,Sub-bituminous coal,June 2021,[71][72][73][74]
Indian River,Delaware,38°35′08″N 75°14′05″W﻿ / ﻿38.585556°N 75.234722°W,446,,121 (2019),"207,103 (2019)","1,712 (2019)",NRG Energy,Bituminous coal,February 2025,[75][76][77][78] [79][80][81][82]
J.M. Stuart,Ohio,38°38′16″N 83°41′35″W﻿ / ﻿38.63778°N 83.69306°W,2318,,,,,Dynegy (39%),,May 2018,
Johnsonville,Tennessee,36°1′40″N 87°59′12″W﻿ / ﻿36.02778°N 87.98667°W,1500,,,,,Tennessee Valley Authority,,December 2017,
Kenneth C. Coleman,Kentucky,37°57′45″N 86°47′30″W﻿ / ﻿37.9625°N 86.7917°W,521,,,,,Big Rivers Electric Corporation,Coal,September 2020,
Kintigh [note 6] [note 7],New York,43°21′29″N 78°36′14″W﻿ / ﻿43.35806°N 78.60389°W,675,,,,,AES Corporation,Bituminous coal,"March 31, 2020",[83][84][85]
Lewis & Clark,Montana,47°40′44″N 104°09′27″W﻿ / ﻿47.678875°N 104.157368°W,50,,263 (2019),"314,567 (2018)",,Montana-Dakota Utilities,Lignite,March 2021,[86][87][88][89][90]
Martin Drake,Colorado,38°49′27″N 104°49′53″W﻿ / ﻿38.824155°N 104.831411°W,207,,740 (2019),"1,046,153 (2018)",,City of Colorado Springs,Sub-bituminous coal,August 2021,[91][92][93][94] [95]
Mohave,Nevada,35°8′42″N 114°35′19″W﻿ / ﻿35.14500°N 114.58861°W,1636,,,,,Southern California Edison,Bituminous coal,2005,
Merrimack [note 8],New Hampshire,43°08′29″N 71°28′07″W﻿ / ﻿43.14139°N 71.46861°W,496,,302 (2019),"264,399 (2018)",,Granite Shore Power,Bituminous coal,September 2025,[96][97][98][99][94]
Monticello,Texas,33°5′28″N 95°2′17″W﻿ / ﻿33.09111°N 95.03806°W,1880,,,,,Luminant,,January 2018,
Muskingum River,Ohio,39°35′18″N 81°40′57″W﻿ / ﻿39.58833°N 81.68250°W,1529,,,,,American Electric Power,Bituminous coal,May 2015,
Navajo,Arizona  Navajo Nation,36°54′12″N 111°23′25″W﻿ / ﻿36.90333°N 111.39028°W,2250,,,,,U.S. Bureau of Reclamation (24.3%),Bituminous coal,November 2019,
Pleasant Prairie,Wisconsin,42°32′17″N 87°54′17″W﻿ / ﻿42.53806°N 87.90472°W,1210,,,8.6 million (2018),,WE energies,Coal,April 2018,
R. Gallagher,Indiana,38°15′49″N 85°50′16″W﻿ / ﻿38.26361°N 85.83778°W,280,,285 (2018),"349,403 (2018)",,Duke Energy,Bituminous coal,June 2021,[100][101][94][102]
R. M. Heskett,North Dakota,46°52′01″N 100°53′02″W﻿ / ﻿46.866894°N 100.883989°W,100,,439 (2019),"645,998 (2018)",,Montana-Dakota Utilities,Lignite,March 2022,[103][104][105][106]
River Rouge,Michigan,42°16′14″N 83°07′29″W﻿ / ﻿42.270523°N 83.124699°W,651,,624 (2019),"690,194 (2018)",,Detroit Edison,Sub-bituminous coal,May 2021,[107][108][89][109]
Rivesville,West Virginia,39°31′53″N 80°06′45″W﻿ / ﻿39.531394°N 80.112394°W,109.8,,,,,Monongahela Power Co,Bituminous coal,2012,[110]
Roanoke Valley,North Carolina,36°26′13″N 77°36′58″W﻿ / ﻿36.4369°N 77.616178°W,240.1,,,,,Westmoreland Partners LLC,Bituminous coal,2017,[111]
Rush Island,Missouri,38°07′52″N 90°15′46″W﻿ / ﻿38.131160°N 90.262892°W,1242,,"5,545 (2019)","7,206,695 (2018)",,Ameren,Refined coal,October 2024,[112][113][32][114][115]
Russell,New York,43°15′56″N 77°38′01″W﻿ / ﻿43.265478°N 77.633516°W,252.6,,,,,Rochester Gas & Electric Corp,Coal (unknown),2009,[116]
Sammis,Ohio,40°31′45″N 80°37′55″W﻿ / ﻿40.529167°N 80.632083°W,2435.6,,,,,Energy Harbor Generation LLC,Bituminous coal,2023,[117]
San Juan,New Mexico,36°48′06″N 108°26′19″W﻿ / ﻿36.80167°N 108.43861°W,847,30%,"4,716 (2019)","4,929,343 (2018)",,PNM Resources,Refined coal,September 2022,[118][119][120][94][121]
Sandow,Texas,30°34′02″N 70°47′03″W﻿ / ﻿30.567225°N 70.784167°W,1615.1,,,,,Luminant Generation Company LLC,Lignite,2018,[122]
Schiller,New Hampshire,43°05′48″N 70°47′03″W﻿ / ﻿43.096778°N 70.784167°W,185,,,,,Energy Trading Innovations LLC,Bituminous coal,2025,[123]
Scholz,Florida,30°40′09″N 84°53′16″W﻿ / ﻿30.669289°N 84.887722°W,98,,,,,NextEra Energy Inc,Bituminous coal,2015,[124]
Shiras,Michigan,46°31′52″N 87°23′31″W﻿ / ﻿46.5312°N 87.392°W,44,,,,,City of Marquette (Michigan),Bituminous coal,April 2019,[125]
Sibley,Missouri,39°10′43″N 94°11′03″W﻿ / ﻿39.178717°N 94.184169°W,504,,,,,Evergy Inc,Bituminous coal,2018,[126]
Sims,Michigan,43°04′16″N 86°14′02″W﻿ / ﻿43.071111°N 86.23388°W,80,,,,,Grand Haven Board of Power and Light,Bituminous coal,February 2020,[127]
Silver Lake,Minnesota,44°01′42″N 92°27′37″W﻿ / ﻿44.028465°N 92.460272°W,54,,,,,Rochester Public Utilities,Coal,2015,[128]
Somerset (Massachusetts),Massachusetts,41°44′15″N 71°08′45″W﻿ / ﻿41.7375°N 71.145833°W,173.7,,,,,Somerset Power LLC,Bituminous coal,2011,[129]
Somerset (New York),New York,43°21′23″N 78°36′13″W﻿ / ﻿43.356383°N 78.603583°W,685,,,,,Riesling Power LLC,Bituminous coal,2020,[130]
Southampton,Virginia,36°39′08″N 76°59′42″W﻿ / ﻿36.652187°N 76.994911°W,71.1,,,,,Virginia Electric and Power,Coal (unknown),2013,[131]
Spiritwood Industrial Park,North Dakota,46°55′32″N 98°30′08″W﻿ / ﻿46.925511°N 98.502173°W,106.2,,,,,Great River Energy Cooperative,Lignite,2022,[132]
St. Clair,Michigan,42°45′51″N 82°28′18″W﻿ / ﻿42.764161°N 82.471553°W,1551,,,,,DTE Energy Co,Bituminous coal Sub-bituminous coal,May 2022,[133]
St. Johns River,Florida,30°25′51″N 81°33′03″W﻿ / ﻿30.430933°N 81.550969°W,1358,,,,,JEA,Bituminous coal,"January 8, 2018",[134]
Stanton,North Dakota,47°17′10″N 101°19′55″W﻿ / ﻿47.286211°N 101.332081°W,190.2,,,,,Great River Energy Cooperative,Sub-bituminous coal,2017,[135]
State Line,Indiana,41°42′27″N 87°31′16″W﻿ / ﻿41.70750°N 87.52111°W,614,,,,,BTU Solutions,Bituminous coal,"March 31, 2012",[136][137][138][139] [140][141][142][143]
Stoneman [note 9],Wisconsin,42°42′28″N 90°59′03″W﻿ / ﻿42.7079°N 90.9843°W,35,,,,,DTE Energy Services,Coal Biomass,2015,[144]
Streeter,Iowa,42°31′37″N 92°26′21″W﻿ / ﻿42.526977°N 92.439112°W,35,,,,,Cedar Falls Utilities,Coal,2016,[145]
Stuart [note 10],Ohio,38°38′10″N 83°41′38″W﻿ / ﻿38.636153°N 83.693769°W,2440.8,,,,,AES Ohio LLC,Bituminous coal,2018,[146]
Sunbury,Pennsylvania,40°50′17″N 76°49′28″W﻿ / ﻿40.837961°N 76.824311°W,437.9,,,,,Sunbury Generation LP,Anthracite,2014,[147]
Sutherland,Iowa,42°02′51″N 92°51′35″W﻿ / ﻿42.047478°N 92.859617°W,157,,,,,Interstate Power and Light Co,Sub-bituminous coal,2016,[148]
Sutton Steam Plant,North Carolina,34°16′58″N 77°59′11″W﻿ / ﻿34.282828°N 77.986417°W,671.6,,,,,Duke Energy Progress LLC,Bituminous coal,2013,[149]
Taconite Harbor,Minnesota,47°31′52″N 90°54′42″W﻿ / ﻿47.531225°N 90.911758°W,252,,,,,ALLETE Inc,Bituminous coal,2023,[150]
Tanner's Creek,Indiana,39°04′53″N 84°51′39″W﻿ / ﻿39.08139°N 84.86083°W,995,,,,,Indiana Michigan Power,Bituminous coal,"May 31, 2015",[42][151]
Tecumseh,Kansas,39°03′13″N 95°34′07″W﻿ / ﻿39.053556°N 95.568475°W,231.6,,,,,Evergy Kansas Central Inc,Sub-bituminous coal,2018,[152]
Titus,Pennsylvania,40°18′19″N 75°54′31″W﻿ / ﻿40.3054°N 75.908581°W,225,,,,,GenOn Holdings Inc,Bituminous coal,2013,[153]
Tobaccoville,North Carolina,36°15′04″N 80°22′01″W﻿ / ﻿36.2511°N 80.3669°W,80,,,,,Reynolds American Inc,Coal,2004,[154]
Trigen Syracuse [note 11],New York,43°03′55″N 76°12′30″W﻿ / ﻿43.065381°N 76.208311°W,90.6,,,,,Dynegy Generation NA Inc,Bituminous coal,2013,[155]
Tyrone,Kentucky,38°02′50″N 84°50′53″W﻿ / ﻿38.0471°N 84.848133°W,75,,,,,Kentucky Utilities Co,Bituminous coal,2013,[156][157]
Utah Smelter [note 12],Utah,40°43′18″N 112°11′53″W﻿ / ﻿40.721589°N 112.198006°W,132,,,,,Kennecott Utah Copper LLC,Bituminous coal,2019,[158]
Vermilion,Illinois,40°10′41″N 87°44′53″W﻿ / ﻿40.178055°N 87.748055°W,182.3,,,,,Dynegy Midwest Generation Inc,Bituminous coal,2011,[159]
W. H. Sammis,Ohio,40°31′48″N 80°37′51″W﻿ / ﻿40.53000°N 80.63083°W,2220,,"3,957 (2019)",,,Energy Harbor,Bituminous coal,June 2023 (units 5–7),[160][161][162]
Wabash [note 13],Indiana,39°31′39″N 87°25′23″W﻿ / ﻿39.527389°N 87.423178°W,1164.7,,,,,Wabash Valley Power Association Inc Duke Energy Indiana LLC,Bituminous coal [note 14],2016,[163]
Wansley,Georgia,33°24′22″N 85°2′17″W﻿ / ﻿33.40611°N 85.03806°W,1904,17%,"2,791 (2018)","2,704,960 (2018)",,Southern Power,Bituminous coal,2022,[164]
Warrior Run,Maryland,39°35′46″N 78°44′46″W﻿ / ﻿39.59611°N 78.74611°W,205,,,,,AES Corporation,Bituminous coal,June 2024,[165]
Warren,Pennsylvania,41°50′09″N 79°11′19″W﻿ / ﻿41.835947°N 79.18867°W,84,,,,,GenOn Holdings Inc,Bituminous coal [note 15],2002,[166]
Watts Bar,Tennessee,35°36′39″N 84°46′56″W﻿ / ﻿35.610778°N 84.782167°W,240,,,,,Tennessee Valley Authority,Bituminous coal,2011,[167]
Waukegan,Illinois,42°22′58″N 87°49′13″W﻿ / ﻿42.382778°N 87.820274°W,681,,"1,194 (2019)","1,718,814 (2018)",,NRG Energy,Sub-bituminous coal,June 2022,[168][169][170][171]
Weadock [note 16],Michigan,43°38′29″N 83°50′34″W﻿ / ﻿43.641447°N 83.842706°W,312.6,,,,,The Vanguard Group Inc,Bituminous coal,2016,[172]
Weatherspoon [note 17],North Carolina,34°35′22″N 78°58′32″W﻿ / ﻿34.589523°N 78.975649°W,165.5,,,,,Duke Energy Progress LLC,Bituminous coal,2011,[173]
Whiting [note 18],Michigan,41°47′31″N 83°26′57″W﻿ / ﻿41.791942°N 83.449072°W,345.4,,,,,Consumers Energy Co.,Bituminous coal,April 2016,[174]
Widows Creek,Alabama,34°53′08″N 85°45′03″W﻿ / ﻿34.885422°N 85.750939°W,1968.6,,,,,Tennessee Valley Authority,Bituminous coal,September 2015,[175]
Will County,Illinois,41°37′59″N 88°03′43″W﻿ / ﻿41.633011°N 88.061897°W,1268.8,,,,,NRG Energy,Sub-bituminous coal,June 2022,[176]
William H. Zimmer,Ohio,38°51′59″N 84°13′41″W﻿ / ﻿38.86638°N 84.22805°W,1351,,,,,Vistra Corp,Coal,May 2022,[177][178][179][180][181]
Willow Island,West Virginia,39°22′03″N 81°17′43″W﻿ / ﻿39.367571°N 81.295226°W,213.2,,,,,FirstEnergy,Bituminous coal,2012,[182]
