geo_id,county_name,location_factor
40075,Kiowa County,0.97
46079,Lake County,0.99
37033,Caswell County,0.99
48377,Presidio County,0.95
39057,Greene County,0.99
35028,Los Alamos County,1.03
20041,Dickinson County,0.99
48427,Starr County,0.95
40129,Roger Mills County,0.97
55103,Richland County,1.03
35025,Lea County,1.03
47117,Marshall County,1.02
51011,Appomattox County,1.0
5087,Madison County,1.0
22089,St. Charles Parish,1.02
47063,Hamblen County,1.02
48009,Archer County,0.95
48023,Baylor County,0.95
48405,San Augustine County,0.95
13249,Schley County,1.02
48313,Madison County,0.95
28159,Winston County,0.97
21103,Henry County,1.01
21167,Mercer County,1.01
31183,Wheeler County,0.99
21135,Lewis County,1.01
27051,Grant County,1.05
1025,Clarke County,0.99
19099,Jasper County,1.005
28153,Wayne County,0.97
48101,Cottle County,0.95
51081,Greensville County,1.0
48503,Young County,0.95
1123,Tallapoosa County,0.99
33015,Rockingham County,1.04
8105,Rio Grande County,0.98
19149,Plymouth County,1.005
36123,Yates County,1.17
41017,Deschutes County,1.09
19155,Pottawattamie County,1.005
29043,Christian County,1.065
28073,Lamar County,0.97
18137,Ripley County,1.01
38057,Mercer County,1.01
13147,Hart County,1.02
22049,Jackson Parish,1.02
51133,Northumberland County,1.0
55047,Green Lake County,1.03
30073,Pondera County,0.99
55127,Walworth County,1.03
18067,Howard County,1.01
18125,Pike County,1.01
26045,Eaton County,1.0350000000000001
19179,Wapello County,1.005
26027,Cass County,1.0350000000000001
48035,Bosque County,0.95
44005,Newport County,1.09
39045,Fairfield County,0.99
17015,Carroll County,1.18
27125,Red Lake County,1.05
41031,Jefferson County,1.09
30055,McCone County,0.99
19019,Buchanan County,1.005
17043,DuPage County,1.18
46047,Fall River County,0.99
13219,Oconee County,1.02
48493,Wilson County,0.95
31059,Fillmore County,0.99
18153,Sullivan County,1.01
13027,Brooks County,1.02
20185,Stafford County,0.99
13271,Telfair County,1.02
26115,Monroe County,1.0350000000000001
18181,White County,1.01
18113,Noble County,1.01
46017,Buffalo County,0.99
46095,Mellette County,0.99
48135,Ector County,0.95
48293,Limestone County,0.95
54003,Berkeley County,1.01
45021,Cherokee County,1.02
37199,Yancey County,0.99
48387,Red River County,0.95
27149,Stevens County,1.05
13301,Warren County,1.02
48197,Hardeman County,0.95
13165,Jenkins County,1.02
21085,Grayson County,1.01
48363,Palo Pinto County,0.95
13149,Heard County,1.02
1079,Lawrence County,0.99
20025,Clark County,0.99
20081,Haskell County,0.99
22013,Bienville Parish,1.02
27167,Wilkin County,1.05
23011,Kennebec County,1.02
51173,Smyth County,1.0
35041,Roosevelt County,1.03
42111,Somerset County,1.085
51191,Washington County,1.0
37081,Guilford County,0.99
40039,Custer County,0.97
39101,Marion County,0.99
17149,Pike County,1.18
17203,Woodford County,1.18
18167,Vigo County,1.01
18039,Elkhart County,1.01
51077,Grayson County,1.0
48303,Lubbock County,0.95
27093,Meeker County,1.05
18135,Randolph County,1.01
27113,Pennington County,1.05
41021,Gilliam County,1.09
5009,Boone County,1.0
48253,Jones County,0.95
48185,Grimes County,0.95
26049,Genesee County,1.0350000000000001
28041,Greene County,0.97
29059,Dallas County,1.065
51143,Pittsylvania County,1.0
20145,Pawnee County,0.99
20209,Wyandotte County,0.99
26157,Tuscola County,1.0350000000000001
20065,Graham County,0.99
47055,Giles County,1.02
39095,Lucas County,0.99
21213,Simpson County,1.01
50013,Grand Isle County,1.08
39029,Columbiana County,0.99
51125,Nelson County,1.0
18033,DeKalb County,1.01
29197,Schuyler County,1.065
1059,Franklin County,0.99
21041,Carroll County,1.01
48267,Kimble County,0.95
46027,Clay County,0.99
10005,Sussex County,1.07
13159,Jasper County,1.02
29175,Randolph County,1.065
20015,Butler County,0.99
48209,Hays County,0.95
48297,Live Oak County,0.95
31091,Hooker County,0.99
51147,Prince Edward County,1.0
42017,Bucks County,1.085
42081,Lycoming County,1.085
16057,Latah County,1.02
51640,Galax city,1.0
35037,Quay County,1.03
48269,King County,0.95
5073,Lafayette County,1.0
48451,Tom Green County,0.95
21031,Butler County,1.01
56005,Campbell County,0.99
13211,Morgan County,1.02
78030,St. Thomas Island,
19061,Dubuque County,1.005
51075,Goochland County,1.0
20181,Sherman County,0.99
39139,Richland County,0.99
17001,Adams County,1.18
39021,Champaign County,0.99
33019,Sullivan County,1.04
17075,Iroquois County,1.18
19157,Poweshiek County,1.005
39169,Wayne County,0.99
13113,Fayette County,1.02
13141,Hancock County,1.02
48259,Kendall County,0.95
51137,Orange County,1.0
13277,Tift County,1.02
31025,Cass County,0.99
56009,Converse County,0.99
26053,Gogebic County,1.0350000000000001
27005,Becker County,1.05
1095,Marshall County,0.99
20179,Sheridan County,0.99
28037,Franklin County,0.97
19015,Boone County,1.005
48373,Polk County,0.95
31051,Dixon County,0.99
45037,Edgefield County,1.02
54057,Mineral County,1.01
55003,Ashland County,1.03
17053,Ford County,1.18
22035,East Carroll Parish,1.02
22037,East Feliciana Parish,1.02
2198,Prince of Wales-Hyder Census Area,
48153,Floyd County,0.95
21151,Madison County,1.01
51025,Brunswick County,1.0
51149,Prince George County,1.0
23023,Sagadahoc County,1.02
30097,Sweet Grass County,0.99
48181,Grayson County,0.95
42059,Greene County,1.085
20051,Ellis County,0.99
1105,Perry County,0.99
20151,Pratt County,0.99
21017,Bourbon County,1.01
47149,Rutherford County,1.02
20101,Lane County,0.99
40059,Harper County,0.97
17147,Piatt County,1.18
48107,Crosby County,0.95
8009,Baca County,0.98
16021,Boundary County,1.02
39159,Union County,0.99
39035,Cuyahoga County,0.99
48285,Lavaca County,0.95
40105,Nowata County,0.97
13125,Glascock County,1.02
41059,Umatilla County,1.09
46102,Oglala Lakota County,0.99
18035,Delaware County,1.01
13315,Wilcox County,1.02
22081,Red River Parish,1.02
23017,Oxford County,1.02
25021,Norfolk County,1.15
18063,Hendricks County,1.01
38041,Hettinger County,1.01
55011,Buffalo County,1.03
51069,Frederick County,1.0
54041,Lewis County,1.01
27119,Polk County,1.05
27127,Redwood County,1.05
60040,Swains Island,
23031,York County,1.02
13231,Pike County,1.02
13259,Stewart County,1.02
34025,Monmouth County,1.15
40041,Delaware County,0.97
19107,Keokuk County,1.005
13285,Troup County,1.02
47043,Dickson County,1.02
54081,Raleigh County,1.01
35005,Chaves County,1.03
35049,Santa Fe County,1.03
4023,Santa Cruz County,1.01
31181,Webster County,0.99
17067,Hancock County,1.18
46067,Hutchinson County,0.99
41013,Crook County,1.09
50011,Franklin County,1.08
26103,Marquette County,1.0350000000000001
37057,Davidson County,0.99
29103,Knox County,1.065
42117,Tioga County,1.085
31043,Dakota County,0.99
26089,Leelanau County,1.0350000000000001
51181,Surry County,1.0
29135,Moniteau County,1.065
51193,Westmoreland County,1.0
37197,Yadkin County,0.99
40043,Dewey County,0.97
37191,Wayne County,0.99
42123,Warren County,1.085
5061,Howard County,1.0
37059,Davie County,0.99
37111,McDowell County,0.99
5099,Nevada County,1.0
8125,Yuma County,0.98
48421,Sherman County,0.95
48463,Uvalde County,0.95
39011,Auglaize County,0.99
19063,Emmet County,1.005
21153,Magoffin County,1.01
48017,Bailey County,0.95
29027,Callaway County,1.065
56001,Albany County,0.99
42093,Montour County,1.085
36081,Queens County,1.17
12121,Suwannee County,0.975
1111,Randolph County,0.99
37009,Ashe County,0.99
39089,Licking County,0.99
51683,Manassas city,1.0
17071,Henderson County,1.18
8005,Arapahoe County,0.98
21155,Marion County,1.01
28105,Oktibbeha County,0.97
24023,Garrett County,1.02
26059,Hillsdale County,1.0350000000000001
21141,Logan County,1.01
33013,Merrimack County,1.04
42133,York County,1.085
37161,Rutherford County,0.99
1043,Cullman County,0.99
13097,Douglas County,1.02
31097,Johnson County,0.99
46075,Jones County,0.99
39073,Hocking County,0.99
1085,Lowndes County,0.99
13043,Candler County,1.02
19113,Linn County,1.005
20005,Atchison County,0.99
17041,Douglas County,1.18
66010,Guam,
55137,Waushara County,1.03
29131,Miller County,1.065
37193,Wilkes County,0.99
2110,Juneau City and Borough,
13087,Decatur County,1.02
18177,Wayne County,1.01
21009,Barren County,1.01
31093,Howard County,0.99
38025,Dunn County,1.01
6005,Amador County,1.16
47049,Fentress County,1.02
26023,Branch County,1.0350000000000001
31139,Pierce County,0.99
13023,Bleckley County,1.02
13033,Burke County,1.02
17091,Kankakee County,1.18
31141,Platte County,0.99
37185,Warren County,0.99
13197,Marion County,1.02
51061,Fauquier County,1.0
51750,Radford city,1.0
18139,Rush County,1.01
55131,Washington County,1.03
29105,Laclede County,1.065
42085,Mercer County,1.085
55065,Lafayette County,1.03
54077,Preston County,1.01
69100,Rota Municipality,
55135,Waupaca County,1.03
48137,Edwards County,0.95
29153,Ozark County,1.065
19059,Dickinson County,1.005
21095,Harlan County,1.01
20061,Geary County,0.99
42011,Berks County,1.085
27083,Lyon County,1.05
51037,Charlotte County,1.0
47179,Washington County,1.02
45071,Newberry County,1.02
51093,Isle of Wight County,1.0
41069,Wheeler County,1.09
51111,Lunenburg County,1.0
38097,Traill County,1.01
13139,Hall County,1.02
13283,Treutlen County,1.02
13037,Calhoun County,1.02
55125,Vilas County,1.03
13055,Chattooga County,1.02
37103,Jones County,0.99
29199,Scotland County,1.065
20131,Nemaha County,0.99
20137,Norton County,0.99
40093,Major County,0.97
53051,Pend Oreille County,1.08
19197,Wright County,1.005
48419,Shelby County,0.95
29055,Crawford County,1.065
56033,Sheridan County,0.99
42041,Cumberland County,1.085
42055,Franklin County,1.085
42079,Luzerne County,1.085
1113,Russell County,0.99
39019,Carroll County,0.99
48191,Hall County,0.95
35057,Torrance County,1.03
48221,Hood County,0.95
29045,Clark County,1.065
21015,Boone County,1.01
21229,Washington County,1.01
22009,Avoyelles Parish,1.02
29227,Worth County,1.065
31163,Sherman County,0.99
46063,Harding County,0.99
26057,Gratiot County,1.0350000000000001
19175,Union County,1.005
27043,Faribault County,1.05
48161,Freestone County,0.95
42087,Mifflin County,1.085
1041,Crenshaw County,0.99
51520,Bristol city,1.0
48399,Runnels County,0.95
48443,Terrell County,0.95
20153,Rawlins County,0.99
20193,Thomas County,0.99
13161,Jeff Davis County,1.02
19035,Cherokee County,1.005
29053,Cooper County,1.065
17197,Will County,1.18
48117,Deaf Smith County,0.95
46011,Brookings County,0.99
19083,Hardin County,1.005
39027,Clinton County,0.99
39093,Lorain County,0.99
47101,Lewis County,1.02
51103,Lancaster County,1.0
29013,Bates County,1.065
33001,Belknap County,1.04
51159,Richmond County,1.0
29159,Pettis County,1.065
20019,Chautauqua County,0.99
48459,Upshur County,0.95
51047,Culpeper County,1.0
40061,Haskell County,0.97
54069,Ohio County,1.01
54065,Morgan County,1.01
51165,Rockingham County,1.0
18183,Whitley County,1.01
4001,Apache County,1.01
29121,Macon County,1.065
48279,Lamb County,0.95
20097,Kiowa County,0.99
29061,Daviess County,1.065
26101,Manistee County,1.0350000000000001
19119,Lyon County,1.005
48233,Hutchinson County,0.95
40139,Texas County,0.97
40153,Woodward County,0.97
19003,Adams County,1.005
55109,St. Croix County,1.03
42121,Venango County,1.085
39153,Summit County,0.99
48479,Webb County,0.95
37123,Montgomery County,0.99
23003,Aroostook County,1.02
28065,Jefferson Davis County,0.97
18175,Washington County,1.01
31107,Knox County,0.99
35061,Valencia County,1.03
30079,Prairie County,0.99
49031,Piute County,1.02
21161,Mason County,1.01
27009,Benton County,1.05
48129,Donley County,0.95
1077,Lauderdale County,0.99
18045,Fountain County,1.01
17173,Shelby County,1.18
17051,Fayette County,1.18
39127,Perry County,0.99
51590,Danville city,1.0
13011,Banks County,1.02
40109,Oklahoma County,0.97
40069,Johnston County,0.97
37099,Jackson County,0.99
29167,Polk County,1.065
19191,Winneshiek County,1.005
45039,Fairfield County,1.02
31033,Cheyenne County,0.99
27091,Martin County,1.05
48263,Kent County,0.95
31069,Garden County,0.99
17117,Macoupin County,1.18
39141,Ross County,0.99
48301,Loving County,0.95
40077,Latimer County,0.97
39167,Washington County,0.99
29091,Howell County,1.065
20047,Edwards County,0.99
21111,Jefferson County,1.01
17107,Logan County,1.18
47003,Bedford County,1.02
47027,Clay County,1.02
17029,Coles County,1.18
41001,Baker County,1.09
36097,Schuyler County,1.17
26159,Van Buren County,1.0350000000000001
17131,Mercer County,1.18
28099,Neshoba County,0.97
1035,Conecuh County,0.99
18029,Dearborn County,1.01
28081,Lee County,0.97
48125,Dickens County,0.95
51115,Mathews County,1.0
48283,La Salle County,0.95
36067,Onondaga County,1.17
19087,Henry County,1.005
31083,Harlan County,0.99
30075,Powder River County,0.99
55091,Pepin County,1.03
1021,Chilton County,0.99
48219,Hockley County,0.95
13009,Baldwin County,1.02
37171,Surry County,0.99
1031,Coffee County,0.99
39149,Shelby County,0.99
16027,Canyon County,1.02
55041,Forest County,1.03
39151,Stark County,0.99
48187,Guadalupe County,0.95
54037,Jefferson County,1.01
54055,Mercer County,1.01
28049,Hinds County,0.97
48281,Lampasas County,0.95
51107,Loudoun County,1.0
29185,St. Clair County,1.065
36025,Delaware County,1.17
29129,Mercer County,1.065
1051,Elmore County,0.99
39083,Knox County,0.99
19017,Bremer County,1.005
48175,Goliad County,0.95
37089,Henderson County,0.99
48393,Roberts County,0.95
31049,Deuel County,0.99
36051,Livingston County,1.17
19141,O'Brien County,1.005
28115,Pontotoc County,0.97
27105,Nobles County,1.05
27001,Aitkin County,1.05
37145,Person County,0.99
20195,Trego County,0.99
48133,Eastland County,0.95
48123,DeWitt County,0.95
45081,Saluda County,1.02
29125,Maries County,1.065
29109,Lawrence County,1.065
51540,Charlottesville city,1.0
17011,Bureau County,1.18
37115,Madison County,0.99
16053,Jerome County,1.02
48309,McLennan County,0.95
19089,Howard County,1.005
1013,Butler County,0.99
46009,Bon Homme County,0.99
47059,Greene County,1.02
51183,Sussex County,1.0
18141,St. Joseph County,1.01
19165,Shelby County,1.005
24013,Carroll County,1.02
19011,Benton County,1.005
21159,Martin County,1.01
27025,Chisago County,1.05
21189,Owsley County,1.01
42015,Bradford County,1.085
54029,Hancock County,1.01
29051,Cole County,1.065
26021,Berrien County,1.0350000000000001
42061,Huntingdon County,1.085
31045,Dawes County,0.99
51141,Patrick County,1.0
48325,Medina County,0.95
26105,Mason County,1.0350000000000001
46135,Yankton County,0.99
42039,Crawford County,1.085
46123,Tripp County,0.99
19077,Guthrie County,1.005
19183,Washington County,1.005
40051,Grady County,0.97
54039,Kanawha County,1.01
1009,Blount County,0.99
45065,McCormick County,1.02
45087,Union County,1.02
27103,Nicollet County,1.05
28161,Yalobusha County,0.97
4003,Cochise County,1.01
28023,Clarke County,0.97
19125,Marion County,1.005
51600,Fairfax city,1.0
40057,Harmon County,0.97
29039,Cedar County,1.065
13059,Clarke County,1.02
48275,Knox County,0.95
39037,Darke County,0.99
46041,Dewey County,0.99
13077,Coweta County,1.02
13105,Elbert County,1.02
1005,Barbour County,0.99
37017,Bladen County,0.99
48111,Dallam County,0.95
17167,Sangamon County,1.18
40035,Craig County,0.97
19161,Sac County,1.005
17113,McLean County,1.18
23001,Androscoggin County,1.02
16055,Kootenai County,1.02
20147,Phillips County,0.99
31089,Holt County,0.99
29101,Johnson County,1.065
55063,La Crosse County,1.03
17009,Brown County,1.18
27111,Otter Tail County,1.05
39077,Huron County,0.99
13005,Bacon County,1.02
10001,Kent County,1.07
39173,Wood County,0.99
13157,Jackson County,1.02
20003,Anderson County,0.99
17095,Knox County,1.18
30107,Wheatland County,0.99
45031,Darlington County,1.02
1053,Escambia County,0.99
13143,Haralson County,1.02
20001,Allen County,0.99
55049,Iowa County,1.03
27097,Morrison County,1.05
42003,Allegheny County,1.085
29205,Shelby County,1.065
39097,Madison County,0.99
20201,Washington County,0.99
17019,Champaign County,1.18
16087,Washington County,1.02
17045,Edgar County,1.18
8121,Washington County,0.98
39065,Hardin County,0.99
48423,Smith County,0.95
40143,Tulsa County,0.97
40091,McIntosh County,0.97
48171,Gillespie County,0.95
26125,Oakland County,1.0350000000000001
1071,Jackson County,0.99
19123,Mahaska County,1.005
20045,Douglas County,0.99
21197,Powell County,1.01
29097,Jasper County,1.065
41061,Union County,1.09
13151,Henry County,1.02
47175,Van Buren County,1.02
40125,Pottawatomie County,0.97
13003,Atkinson County,1.02
48145,Falls County,0.95
20033,Comanche County,0.99
21113,Jessamine County,1.01
21171,Monroe County,1.01
48031,Blanco County,0.95
21121,Knox County,1.01
26067,Ionia County,1.0350000000000001
51003,Albemarle County,1.0
47147,Robertson County,1.02
51043,Clarke County,1.0
53023,Garfield County,1.08
21109,Jackson County,1.01
45073,Oconee County,1.02
24037,St. Mary's County,1.02
21127,Lawrence County,1.01
21175,Morgan County,1.01
21177,Muhlenberg County,1.01
17049,Effingham County,1.18
18157,Tippecanoe County,1.01
42109,Snyder County,1.085
48277,Lamar County,0.95
31057,Dundy County,0.99
48289,Leon County,0.95
38035,Grand Forks County,1.01
18091,LaPorte County,1.01
18057,Hamilton County,1.01
51595,Emporia city,1.0
40081,Lincoln County,0.97
20071,Greeley County,0.99
13145,Harris County,1.02
13251,Screven County,1.02
48433,Stonewall County,0.95
39069,Henry County,0.99
33009,Grafton County,1.04
29145,Newton County,1.065
48311,McMullen County,0.95
17035,Cumberland County,1.18
13297,Walton County,1.02
51009,Amherst County,1.0
17033,Crawford County,1.18
27115,Pine County,1.05
48021,Bastrop County,0.95
53039,Klickitat County,1.08
55009,Brown County,1.03
20205,Wilson County,0.99
13155,Irwin County,1.02
26011,Arenac County,1.0350000000000001
19111,Lee County,1.005
20141,Osborne County,0.99
26047,Emmet County,1.0350000000000001
19071,Fremont County,1.005
23015,Lincoln County,1.02
21023,Bracken County,1.01
54087,Roane County,1.01
27159,Wadena County,1.05
37007,Anson County,0.99
38007,Billings County,1.01
31003,Antelope County,0.99
29073,Gasconade County,1.065
37035,Catawba County,0.99
21025,Breathitt County,1.01
48075,Childress County,0.95
17179,Tazewell County,1.18
48243,Jeff Davis County,0.95
51678,Lexington city,1.0
27163,Washington County,1.05
42051,Fayette County,1.085
54023,Grant County,1.01
51171,Shenandoah County,1.0
48235,Irion County,0.95
54101,Webster County,1.01
27033,Cottonwood County,1.05
16033,Clark County,1.02
19109,Kossuth County,1.005
31103,Keya Paha County,0.99
19187,Webster County,1.005
47159,Smith County,1.02
51089,Henry County,1.0
51510,Alexandria city,1.0
19101,Jefferson County,1.005
40003,Alfalfa County,0.97
48119,Delta County,0.95
47169,Trousdale County,1.02
21193,Perry County,1.01
48507,Zavala County,0.95
31007,Banner County,0.99
19121,Madison County,1.005
12011,Broward County,0.975
13279,Toombs County,1.02
26151,Sanilac County,1.0350000000000001
26163,Wayne County,1.0350000000000001
18043,Floyd County,1.01
20129,Morton County,0.99
21081,Grant County,1.01
21217,Taylor County,1.01
13115,Floyd County,1.02
24011,Caroline County,1.02
30043,Jefferson County,0.99
51059,Fairfax County,1.0
54045,Logan County,1.01
54073,Pleasants County,1.01
51071,Giles County,1.0
35015,Eddy County,1.03
31117,McPherson County,0.99
31145,Red Willow County,0.99
30051,Liberty County,0.99
48131,Duval County,0.95
29173,Ralls County,1.065
48251,Johnson County,0.95
13061,Clay County,1.02
41023,Grant County,1.09
48159,Franklin County,0.95
40005,Atoka County,0.97
17129,Menard County,1.18
13015,Bartow County,1.02
40111,Okmulgee County,0.97
18049,Fulton County,1.01
20091,Johnson County,0.99
24009,Calvert County,1.02
27169,Winona County,1.05
29003,Andrew County,1.065
29139,Montgomery County,1.065
37083,Halifax County,0.99
35043,Sandoval County,1.03
21051,Clay County,1.01
42035,Clinton County,1.085
13235,Pulaski County,1.02
37167,Stanly County,0.99
47143,Rhea County,1.02
37079,Greene County,0.99
17123,Marshall County,1.18
48095,Concho County,0.95
48081,Coke County,0.95
47133,Overton County,1.02
26063,Huron County,1.0350000000000001
26069,Iosco County,1.0350000000000001
13069,Coffee County,1.02
38037,Grant County,1.01
22103,St. Tammany Parish,1.02
45045,Greenville County,1.02
46085,Lyman County,0.99
55121,Trempealeau County,1.03
48431,Sterling County,0.95
48495,Winkler County,0.95
46071,Jackson County,0.99
49041,Sevier County,1.02
51036,Charles City County,1.0
20197,Wabaunsee County,0.99
27055,Houston County,1.05
21181,Nicholas County,1.01
25023,Plymouth County,1.15
36005,Bronx County,1.17
39103,Medina County,0.99
42005,Armstrong County,1.085
55071,Manitowoc County,1.03
55029,Door County,1.03
39053,Gallia County,0.99
48441,Taylor County,0.95
26139,Ottawa County,1.0350000000000001
17031,Cook County,1.18
45047,Greenwood County,1.02
20059,Franklin County,0.99
27027,Clay County,1.05
49003,Box Elder County,1.02
54051,Marshall County,1.01
54035,Jackson County,1.01
24005,Baltimore County,1.02
29163,Pike County,1.065
39087,Lawrence County,0.99
48143,Erath County,0.95
13137,Habersham County,1.02
13319,Wilkinson County,1.02
54061,Monongalia County,1.01
39033,Crawford County,0.99
39059,Guernsey County,0.99
26015,Barry County,1.0350000000000001
29209,Stone County,1.065
51760,Richmond city,1.0
37169,Stokes County,0.99
19039,Clarke County,1.005
19065,Fayette County,1.005
48381,Randall County,0.95
48401,Rusk County,0.95
19181,Warren County,1.005
39161,Van Wert County,0.99
13199,Meriwether County,1.02
50023,Washington County,1.08
46093,Meade County,0.99
29229,Wright County,1.065
30101,Toole County,0.99
36107,Tioga County,1.17
48287,Lee County,0.95
13121,Fulton County,1.02
48073,Cherokee County,0.95
29007,Audrain County,1.065
20075,Hamilton County,0.99
19151,Pocahontas County,1.005
16045,Gem County,1.02
18111,Newton County,1.01
13119,Franklin County,1.02
13265,Taliaferro County,1.02
30059,Meagher County,0.99
29087,Holt County,1.065
48295,Lipscomb County,0.95
49001,Beaver County,1.02
18075,Jay County,1.01
26117,Montcalm County,1.0350000000000001
36083,Rensselaer County,1.17
35031,McKinley County,1.03
13017,Ben Hill County,1.02
20159,Rice County,0.99
1015,Calhoun County,0.99
21037,Campbell County,1.01
21057,Cumberland County,1.01
48195,Hansford County,0.95
13239,Quitman County,1.02
17039,De Witt County,1.18
27049,Goodhue County,1.05
36059,Nassau County,1.17
38091,Steele County,1.01
29071,Franklin County,1.065
54107,Wood County,1.01
55097,Portage County,1.03
45063,Lexington County,1.02
24003,Anne Arundel County,1.02
55039,Fond du Lac County,1.03
1073,Jefferson County,0.99
1127,Walker County,0.99
29063,DeKalb County,1.065
13083,Dade County,1.02
69110,Saipan Municipality,
17125,Mason County,1.18
51197,Wythe County,1.0
13303,Washington County,1.02
5143,Washington County,1.0
47153,Sequatchie County,1.02
48471,Walker County,0.95
39157,Tuscarawas County,0.99
9110,Capitol Planning Region,1.1
9120,Greater Bridgeport Planning Region,1.1
9130,Lower Connecticut River Valley Planning Region,1.1
9140,Naugatuck Valley Planning Region,1.1
9150,Northeastern Connecticut Planning Region,1.1
9160,Northwest Hills Planning Region,1.1
9170,South Central Connecticut Planning Region,1.1
9180,Southeastern Connecticut Planning Region,1.1
9190,Western Connecticut Planning Region,1.1
48389,Reeves County,0.95
51155,Pulaski County,1.0
37179,Union County,0.99
38053,McKenzie County,1.01
18085,Kosciusko County,1.01
34015,Gloucester County,1.15
33011,Hillsborough County,1.04
30045,Judith Basin County,0.99
37121,Mitchell County,0.99
41065,Wasco County,1.09
46105,Perkins County,0.99
19173,Taylor County,1.005
1129,Washington County,0.99
39039,Defiance County,0.99
51051,Dickenson County,1.0
51007,Amelia County,1.0
13243,Randolph County,1.02
35029,Luna County,1.03
56045,Weston County,0.99
17187,Warren County,1.18
1089,Madison County,0.99
47189,Wilson County,1.02
48063,Camp County,0.95
40067,Jefferson County,0.97
54085,Ritchie County,1.01
19145,Page County,1.005
20087,Jefferson County,0.99
1049,DeKalb County,0.99
36101,Steuben County,1.17
42053,Forest County,1.085
26109,Menominee County,1.0350000000000001
18073,Jasper County,1.01
13171,Lamar County,1.02
18151,Steuben County,1.01
39047,Fayette County,0.99
25015,Hampshire County,1.15
21003,Allen County,1.01
37001,Alamance County,0.99
20073,Greenwood County,0.99
55089,Ozaukee County,1.03
45059,Laurens County,1.02
56011,Crook County,0.99
55117,Sheboygan County,1.03
25013,Hampden County,1.15
48055,Caldwell County,0.95
20029,Cloud County,0.99
1037,Coosa County,0.99
55123,Vernon County,1.03
48223,Hopkins County,0.95
36001,Albany County,1.17
48225,Houston County,0.95
39111,Monroe County,0.99
20165,Rush County,0.99
18107,Montgomery County,1.01
20187,Stanton County,0.99
21129,Lee County,1.01
27071,Koochiching County,1.05
48029,Bexar County,0.95
40097,Mayes County,0.97
31131,Otoe County,0.99
27161,Waseca County,1.05
47177,Warren County,1.02
17023,Clark County,1.18
21201,Robertson County,1.01
5051,Garland County,1.0
20139,Osage County,0.99
39155,Trumbull County,0.99
48333,Mills County,0.95
48359,Oldham County,0.95
42019,Butler County,1.085
20115,Marion County,0.99
51029,Buckingham County,1.0
36099,Seneca County,1.17
21125,Laurel County,1.01
13269,Taylor County,1.02
51830,Williamsburg city,1.0
48415,Scurry County,0.95
37119,Mecklenburg County,0.99
34013,Essex County,1.15
29115,Linn County,1.065
13209,Montgomery County,1.02
41055,Sherman County,1.09
54053,Mason County,1.01
54021,Gilmer County,1.01
28063,Jefferson County,0.97
30103,Treasure County,0.99
21049,Clark County,1.01
26005,Allegan County,1.0350000000000001
27015,Brown County,1.05
47137,Pickett County,1.02
51109,Louisa County,1.0
18145,Shelby County,1.01
30091,Sheridan County,0.99
31063,Frontier County,0.99
1007,Bibb County,0.99
28075,Lauderdale County,0.97
27013,Blue Earth County,1.05
51091,Highland County,1.0
51177,Spotsylvania County,1.0
33017,Strafford County,1.04
13153,Houston County,1.02
26035,Clare County,1.0350000000000001
20157,Republic County,0.99
40017,Canadian County,0.97
35019,Guadalupe County,1.03
21163,Meade County,1.01
21179,Nelson County,1.01
21187,Owen County,1.01
19041,Clay County,1.005
30025,Fallon County,0.99
48109,Culberson County,0.95
23005,Cumberland County,1.02
48013,Atascosa County,0.95
20095,Kingman County,0.99
48375,Potter County,0.95
40133,Seminole County,0.97
45003,Aiken County,1.02
60020,Manu'a District,
69120,Tinian Municipality,
56037,Sweetwater County,0.99
48169,Garza County,0.95
42119,Union County,1.085
51041,Chesterfield County,1.0
19001,Adair County,1.005
29089,Howard County,1.065
55079,Milwaukee County,1.03
27139,Scott County,1.05
39129,Pickaway County,0.99
51145,Powhatan County,1.0
8014,Broomfield County,0.98
47099,Lawrence County,1.02
21099,Hart County,1.01
21137,Lincoln County,1.01
30005,Blaine County,0.99
27133,Rock County,1.05
42063,Indiana County,1.085
22061,Lincoln Parish,1.02
42099,Perry County,1.085
46137,Ziebach County,0.99
48203,Harrison County,0.95
29019,Boone County,1.065
72097,Mayagüez Municipio,
40015,Caddo County,0.97
8059,Jefferson County,0.98
54011,Cabell County,1.01
48383,Reagan County,0.95
5141,Van Buren County,1.0
20035,Cowley County,0.99
5071,Johnson County,1.0
51045,Craig County,1.0
48083,Coleman County,0.95
4017,Navajo County,1.01
28085,Lincoln County,0.97
48357,Ochiltree County,0.95
48103,Crane County,0.95
56003,Big Horn County,0.99
31061,Franklin County,0.99
20037,Crawford County,0.99
27023,Chippewa County,1.05
46103,Pennington County,0.99
45049,Hampton County,1.02
16043,Fremont County,1.02
51053,Dinwiddie County,1.0
12111,St. Lucie County,0.975
36055,Monroe County,1.17
46083,Lincoln County,0.99
55017,Chippewa County,1.03
55073,Marathon County,1.03
32007,Elko County,1.1
54007,Braxton County,1.01
48079,Cochran County,0.95
42013,Blair County,1.085
29085,Hickory County,1.065
29009,Barry County,1.065
27123,Ramsey County,1.05
5081,Little River County,1.0
28113,Pike County,0.97
47031,Coffee County,1.02
48439,Tarrant County,0.95
24033,Prince George's County,1.02
51169,Scott County,1.0
13289,Twiggs County,1.02
39099,Mahoning County,0.99
1087,Macon County,0.99
48437,Swisher County,0.95
29151,Osage County,1.065
17089,Kane County,1.18
45055,Kershaw County,1.02
8089,Otero County,0.98
37183,Wake County,0.99
39061,Hamilton County,0.99
34003,Bergen County,1.15
55061,Kewaunee County,1.03
48369,Parmer County,0.95
40151,Woods County,0.97
21063,Elliott County,1.01
8103,Rio Blanco County,0.98
8087,Morgan County,0.98
34023,Middlesex County,1.15
20191,Sumner County,0.99
26127,Oceana County,1.0350000000000001
27065,Kanabec County,1.05
39007,Ashtabula County,0.99
1011,Bullock County,0.99
17105,Livingston County,1.18
39135,Preble County,0.99
39079,Jackson County,0.99
25017,Middlesex County,1.15
48115,Dawson County,0.95
36069,Ontario County,1.17
1001,Autauga County,0.99
39049,Franklin County,0.99
49021,Iron County,1.02
49039,Sanpete County,1.02
20093,Kearny County,0.99
18105,Monroe County,1.01
19117,Lucas County,1.005
21239,Woodford County,1.01
17085,Jo Daviess County,1.18
18059,Hancock County,1.01
48329,Midland County,0.95
20171,Scott County,0.99
30013,Cascade County,0.99
51660,Harrisonburg city,1.0
20189,Stevens County,0.99
31125,Nance County,0.99
55078,Menominee County,1.03
48365,Panola County,0.95
21011,Bath County,1.01
48001,Anderson County,0.95
19167,Sioux County,1.005
42037,Columbia County,1.085
39023,Clark County,0.99
48323,Maverick County,0.95
34005,Burlington County,1.15
50021,Rutland County,1.08
13099,Early County,1.02
31149,Rock County,0.99
26051,Gladwin County,1.0350000000000001
21173,Montgomery County,1.01
45057,Lancaster County,1.02
21123,Larue County,1.01
19193,Woodbury County,1.005
36037,Genesee County,1.17
18019,Clark County,1.01
21021,Boyle County,1.01
21065,Estill County,1.01
48087,Collingsworth County,0.95
48089,Colorado County,0.95
17063,Grundy County,1.18
27081,Lincoln County,1.05
48497,Wise County,0.95
28117,Prentiss County,0.97
21235,Whitley County,1.01
48491,Williamson County,0.95
19131,Mitchell County,1.005
13107,Emanuel County,1.02
42025,Carbon County,1.085
31133,Pawnee County,0.99
45083,Spartanburg County,1.02
47041,DeKalb County,1.02
36029,Erie County,1.17
24031,Montgomery County,1.02
53021,Franklin County,1.08
19093,Ida County,1.005
20173,Sedgwick County,0.99
48453,Travis County,0.95
34021,Mercer County,1.15
31023,Butler County,0.99
42129,Westmoreland County,1.085
19029,Cass County,1.005
39107,Mercer County,0.99
21073,Franklin County,1.01
23009,Hancock County,1.02
23013,Knox County,1.02
13217,Newton County,1.02
26061,Houghton County,1.0350000000000001
30061,Mineral County,0.99
47051,Franklin County,1.02
22029,Concordia Parish,1.02
25009,Essex County,1.15
46019,Butte County,0.99
8035,Douglas County,0.98
18095,Madison County,1.01
40099,Murray County,0.97
54009,Brooke County,1.01
54013,Calhoun County,1.01
51021,Bland County,1.0
30111,Yellowstone County,0.99
54043,Lincoln County,1.01
13131,Grady County,1.02
18133,Putnam County,1.01
47015,Cannon County,1.02
23007,Franklin County,1.02
21165,Menifee County,1.01
26029,Charlevoix County,1.0350000000000001
27151,Swift County,1.05
39147,Seneca County,0.99
13267,Tattnall County,1.02
48429,Stephens County,0.95
13317,Wilkes County,1.02
53043,Lincoln County,1.08
39171,Williams County,0.99
20207,Woodson County,0.99
13185,Lowndes County,1.02
15007,Kauai County,
26099,Macomb County,1.0350000000000001
13287,Turner County,1.02
17079,Jasper County,1.18
48331,Milam County,0.95
51049,Cumberland County,1.0
54109,Wyoming County,1.01
48097,Cooke County,0.95
55119,Taylor County,1.03
27099,Mower County,1.05
27101,Murray County,1.05
44007,Providence County,1.09
29161,Phelps County,1.065
8095,Phillips County,0.98
5013,Calhoun County,1.0
29141,Morgan County,1.065
39075,Holmes County,0.99
19143,Osceola County,1.005
18079,Jennings County,1.01
16083,Twin Falls County,1.02
26077,Kalamazoo County,1.0350000000000001
45061,Lee County,1.02
56019,Johnson County,0.99
18027,Daviess County,1.01
26055,Grand Traverse County,1.0350000000000001
46065,Hughes County,0.99
47007,Bledsoe County,1.02
21219,Todd County,1.01
29077,Greene County,1.065
51013,Arlington County,1.0
51035,Carroll County,1.0
20013,Brown County,0.99
13031,Bulloch County,1.02
21071,Floyd County,1.01
13309,Wheeler County,1.02
39031,Coshocton County,0.99
31135,Perkins County,0.99
48205,Hartley County,0.95
48249,Jim Wells County,0.95
19189,Winnebago County,1.005
1067,Henry County,0.99
39175,Wyandot County,0.99
38085,Sioux County,1.01
48127,Dimmit County,0.95
27045,Fillmore County,1.05
45023,Chester County,1.02
55093,Pierce County,1.03
13233,Polk County,1.02
49051,Wasatch County,1.02
37157,Rockingham County,0.99
5011,Bradley County,1.0
48193,Hamilton County,0.95
21067,Fayette County,1.01
54001,Barbour County,1.01
47181,Wayne County,1.02
31013,Box Butte County,0.99
42097,Northumberland County,1.085
51530,Buena Vista city,1.0
26147,St. Clair County,1.0350000000000001
31173,Thurston County,0.99
51067,Franklin County,1.0
40011,Blaine County,0.97
19103,Johnson County,1.005
21089,Greenup County,1.01
20107,Linn County,0.99
32011,Eureka County,1.1
31085,Hayes County,0.99
26135,Oscoda County,1.0350000000000001
35007,Colfax County,1.03
42009,Bedford County,1.085
20099,Labette County,0.99
48059,Callahan County,0.95
20067,Grant County,0.99
51105,Lee County,1.0
31123,Morrill County,0.99
30019,Daniels County,0.99
40119,Payne County,0.97
1039,Covington County,0.99
18093,Lawrence County,1.01
20069,Gray County,0.99
21045,Casey County,1.01
21169,Metcalfe County,1.01
21207,Russell County,1.01
23025,Somerset County,1.02
40025,Cimarron County,0.97
19097,Jackson County,1.005
26097,Mackinac County,1.0350000000000001
48307,McCulloch County,0.95
28141,Tishomingo County,0.97
48105,Crockett County,0.95
48217,Hill County,0.95
8075,Logan County,0.98
20055,Finney County,0.99
1099,Monroe County,0.99
29015,Benton County,1.065
5109,Pike County,1.0
29065,Dent County,1.065
51185,Tazewell County,1.0
42103,Pike County,1.085
42115,Susquehanna County,1.085
48343,Morris County,0.95
42125,Washington County,1.085
50001,Addison County,1.08
20103,Leavenworth County,0.99
26121,Muskegon County,1.0350000000000001
51680,Lynchburg city,1.0
42089,Monroe County,1.085
38019,Cavalier County,1.01
20109,Logan County,0.99
29075,Gentry County,1.065
31009,Blaine County,0.99
49009,Daggett County,1.02
56031,Platte County,0.99
37071,Gaston County,0.99
47081,Hickman County,1.02
29081,Harrison County,1.065
39015,Brown County,0.99
47141,Putnam County,1.02
25027,Worcester County,1.15
39091,Logan County,0.99
13079,Crawford County,1.02
29037,Cass County,1.065
36027,Dutchess County,1.17
48477,Washington County,0.95
8101,Pueblo County,0.98
29067,Douglas County,1.065
56017,Hot Springs County,0.99
26001,Alcona County,1.0350000000000001
5129,Searcy County,1.0
48305,Lynn County,0.95
36077,Otsego County,1.17
49027,Millard County,1.02
49029,Morgan County,1.02
26129,Ogemaw County,1.0350000000000001
47087,Jackson County,1.02
22057,Lafourche Parish,1.02
12113,Santa Rosa County,0.975
21203,Rockcastle County,1.01
21223,Trimble County,1.01
40045,Ellis County,0.97
19075,Grundy County,1.005
34035,Somerset County,1.15
16031,Cassia County,1.02
42049,Erie County,1.085
28029,Copiah County,0.97
48467,Van Zandt County,0.95
51161,Roanoke County,1.0
51015,Augusta County,1.0
2060,Bristol Bay Borough,
45041,Florence County,1.02
30003,Big Horn County,0.99
42047,Elk County,1.085
31165,Sioux County,0.99
28031,Covington County,0.97
39143,Sandusky County,0.99
40107,Okfuskee County,0.97
26145,Saginaw County,1.0350000000000001
35039,Rio Arriba County,1.03
50005,Caledonia County,1.08
51023,Botetourt County,1.0
17119,Madison County,1.18
48085,Collin County,0.95
45001,Abbeville County,1.02
55077,Marquette County,1.03
4025,Yavapai County,1.01
42091,Montgomery County,1.085
16061,Lewis County,1.02
51720,Norton city,1.0
29211,Sullivan County,1.065
20135,Ness County,0.99
51790,Staunton city,1.0
31029,Chase County,0.99
39113,Montgomery County,0.99
48447,Throckmorton County,0.95
13221,Oglethorpe County,1.02
29147,Nodaway County,1.065
40037,Creek County,0.97
48457,Tyler County,0.95
13129,Gordon County,1.02
19025,Calhoun County,1.005
51580,Covington city,1.0
50017,Orange County,1.08
20113,McPherson County,0.99
39051,Fulton County,0.99
28129,Smith County,0.97
16075,Payette County,1.02
16079,Shoshone County,1.02
19007,Appanoose County,1.005
78010,St. Croix Island,
51127,New Kent County,1.0
13263,Talbot County,1.02
54015,Clay County,1.01
18077,Jefferson County,1.01
48347,Nacogdoches County,0.95
53063,Spokane County,1.08
23027,Waldo County,1.02
24027,Howard County,1.02
38001,Adams County,1.01
42021,Cambria County,1.085
26093,Livingston County,1.0350000000000001
8001,Adams County,0.98
42069,Lackawanna County,1.085
40123,Pontotoc County,0.97
28127,Simpson County,0.97
28131,Stone County,0.97
51087,Henrico County,1.0
18119,Owen County,1.01
36119,Westchester County,1.17
54047,McDowell County,1.01
54033,Harrison County,1.01
1117,Shelby County,0.99
35009,Curry County,1.03
40149,Washita County,0.97
37135,Orange County,0.99
18131,Pulaski County,1.01
26019,Benzie County,1.0350000000000001
17139,Moultrie County,1.18
16035,Clearwater County,1.02
21013,Bell County,1.01
27035,Crow Wing County,1.05
60050,Western District,
4009,Graham County,1.01
30017,Custer County,0.99
17141,Ogle County,1.18
38077,Richland County,1.01
55005,Barron County,1.03
27157,Wabasha County,1.05
26141,Presque Isle County,1.0350000000000001
40027,Cleveland County,0.97
36105,Sullivan County,1.17
37149,Polk County,0.99
37085,Harnett County,0.99
37105,Lee County,0.99
18159,Tipton County,1.01
20027,Clay County,0.99
20121,Miami County,0.99
13091,Dodge County,1.02
36023,Cortland County,1.17
26161,Washtenaw County,1.0350000000000001
18087,LaGrange County,1.01
48371,Pecos County,0.95
13225,Peach County,1.02
13163,Jefferson County,1.02
55083,Oconto County,1.03
31065,Furnas County,0.99
1069,Houston County,0.99
40103,Noble County,0.97
20063,Gove County,0.99
22077,Pointe Coupee Parish,1.02
31067,Gage County,0.99
1115,St. Clair County,0.99
28123,Scott County,0.97
18061,Harrison County,1.01
16017,Bonner County,1.02
55105,Rock County,1.03
18023,Clinton County,1.01
42113,Sullivan County,1.085
48345,Motley County,0.95
48485,Wichita County,0.95
26155,Shiawassee County,1.0350000000000001
20089,Jewell County,0.99
20123,Mitchell County,0.99
28091,Marion County,0.97
27085,McLeod County,1.05
55033,Dunn County,1.03
48353,Nolan County,0.95
42127,Wayne County,1.085
36091,Saratoga County,1.17
40095,Marshall County,0.97
24001,Allegany County,1.02
54103,Wetzel County,1.01
36003,Allegany County,1.17
19031,Cedar County,1.005
18117,Orange County,1.01
13089,DeKalb County,1.02
13227,Pickens County,1.02
30015,Chouteau County,0.99
31017,Brown County,0.99
37069,Franklin County,0.99
24510,Baltimore city,1.02
20111,Lyon County,0.99
19027,Carroll County,1.005
27131,Rice County,1.05
29219,Warren County,1.065
21227,Warren County,1.01
46121,Todd County,0.99
19127,Marshall County,1.005
40141,Tillman County,0.97
37113,Macon County,0.99
54063,Monroe County,1.01
18155,Switzerland County,1.01
1061,Geneva County,0.99
17099,LaSalle County,1.18
19055,Delaware County,1.005
20127,Morris County,0.99
19051,Davis County,1.005
16015,Boise County,1.02
37143,Perquimans County,0.99
31039,Cuming County,0.99
35011,De Baca County,1.03
31109,Lancaster County,0.99
31129,Nuckolls County,0.99
46099,Minnehaha County,0.99
48327,Menard County,0.95
21053,Clinton County,1.01
39063,Hancock County,0.99
48189,Hale County,0.95
1027,Clay County,0.99
48011,Armstrong County,0.95
39003,Allen County,0.99
13189,McDuffie County,1.02
55111,Sauk County,1.03
42007,Beaver County,1.085
28061,Jasper County,0.97
37037,Chatham County,0.99
28067,Jones County,0.97
55021,Columbia County,1.03
27029,Clearwater County,1.05
20163,Rooks County,0.99
18041,Fayette County,1.01
31081,Hamilton County,0.99
31115,Loup County,0.99
42105,Potter County,1.085
48465,Val Verde County,0.95
20077,Harper County,0.99
49023,Juab County,1.02
40137,Stephens County,0.97
36017,Chenango County,1.17
17143,Peoria County,1.18
19091,Humboldt County,1.005
48391,Refugio County,0.95
39017,Butler County,0.99
13273,Terrell County,1.02
13063,Clayton County,1.02
18115,Ohio County,1.01
13073,Columbia County,1.02
8115,Sedgwick County,0.98
30065,Musselshell County,0.99
42043,Dauphin County,1.085
46101,Moody County,0.99
54079,Putnam County,1.01
20039,Decatur County,0.99
18123,Perry County,1.01
28145,Union County,0.97
31015,Boyd County,0.99
18103,Miami County,1.01
20053,Ellsworth County,0.99
20083,Hodgeman County,0.99
20119,Meade County,0.99
48445,Terry County,0.95
35021,Harding County,1.03
1121,Talladega County,0.99
48155,Foard County,0.95
19021,Buena Vista County,1.005
19129,Mills County,1.005
48385,Real County,0.95
39041,Delaware County,0.99
37067,Forsyth County,0.99
19049,Dallas County,1.005
48065,Carson County,0.95
13261,Sumter County,1.02
26143,Roscommon County,1.0350000000000001
37005,Alleghany County,0.99
51610,Falls Church city,1.0
39119,Muskingum County,0.99
8025,Crowley County,0.98
31041,Custer County,0.99
26017,Bay County,1.0350000000000001
18083,Knox County,1.01
31047,Dawson County,0.99
20057,Ford County,0.99
38105,Williams County,1.01
38017,Cass County,1.01
31005,Arthur County,0.99
48163,Frio County,0.95
37077,Granville County,0.99
39013,Belmont County,0.99
51195,Wise County,1.0
31035,Clay County,0.99
24017,Charles County,1.02
19033,Cerro Gordo County,1.005
19073,Greene County,1.005
21205,Rowan County,1.01
53071,Walla Walla County,1.08
5025,Cleveland County,1.0
48113,Dallas County,0.95
25025,Suffolk County,1.15
16051,Jefferson County,1.02
48177,Gonzales County,0.95
47115,Marion County,1.02
26007,Alpena County,1.0350000000000001
21231,Wayne County,1.01
47185,White County,1.02
48027,Bell County,0.95
28069,Kemper County,0.97
36075,Oswego County,1.17
48019,Bandera County,0.95
30087,Rosebud County,0.99
35059,Union County,1.03
34007,Camden County,1.15
47165,Sumner County,1.02
51097,King and Queen County,1.0
5015,Carroll County,1.0
51820,Waynesboro city,1.0
47061,Grundy County,1.02
27057,Hubbard County,1.05
39125,Paulding County,0.99
18179,Wells County,1.01
51063,Floyd County,1.0
54005,Boone County,1.01
21115,Johnson County,1.01
50025,Windham County,1.08
50019,Orleans County,1.08
20085,Jackson County,0.99
53019,Ferry County,1.08
30109,Wibaux County,0.99
35027,Lincoln County,1.03
40021,Cherokee County,0.97
27173,Yellow Medicine County,1.05
48335,Mitchell County,0.95
40113,Osage County,0.97
26107,Mecosta County,1.0350000000000001
21195,Pike County,1.01
29047,Clay County,1.065
18011,Boone County,1.01
19057,Des Moines County,1.005
19163,Scott County,1.005
20143,Ottawa County,0.99
28047,Harrison County,0.97
27017,Carlton County,1.05
48315,Marion County,0.95
36095,Schoharie County,1.17
40117,Pawnee County,0.97
36007,Broome County,1.17
39009,Athens County,0.99
39081,Jefferson County,0.99
54049,Marion County,1.01
21199,Pulaski County,1.01
27165,Watonwan County,1.05
46119,Sully County,0.99
8031,Denver County,0.98
40029,Coal County,0.97
30011,Carter County,0.99
48461,Upton County,0.95
31105,Kimball County,0.99
17093,Kendall County,1.18
11001,District of Columbia,1.02
27171,Wright County,1.05
55059,Kenosha County,1.03
8113,San Miguel County,0.98
28019,Choctaw County,0.97
37025,Cabarrus County,0.99
29225,Webster County,1.065
39005,Ashland County,0.99
31119,Madison County,0.99
13167,Johnson County,1.02
51117,Mecklenburg County,1.0
40047,Garfield County,0.97
26091,Lenawee County,1.0350000000000001
13101,Echols County,1.02
20105,Lincoln County,0.99
20183,Smith County,0.99
28005,Amite County,0.97
26025,Calhoun County,1.0350000000000001
1029,Cleburne County,0.99
8123,Weld County,0.98
40009,Beckham County,0.97
19153,Polk County,1.005
36085,Richmond County,1.17
39071,Highland County,0.99
16011,Bingham County,1.02
13201,Miller County,1.02
47103,Lincoln County,1.02
21211,Shelby County,1.01
31185,York County,0.99
42001,Adams County,1.085
45005,Allendale County,1.02
47037,Davidson County,1.02
49047,Uintah County,1.02
45007,Anderson County,1.02
56007,Carbon County,0.99
30093,Silver Bow County,0.99
17177,Stephenson County,1.18
26087,Lapeer County,1.0350000000000001
22027,Claiborne Parish,1.02
54027,Hampshire County,1.01
37125,Moore County,0.99
38087,Slope County,1.01
31071,Garfield County,0.99
1133,Winston County,0.99
28035,Forrest County,0.97
26065,Ingham County,1.0350000000000001
20177,Shawnee County,0.99
46061,Hanson County,0.99
27061,Itasca County,1.05
8073,Lincoln County,0.98
36053,Madison County,1.17
36115,Washington County,1.17
18081,Johnson County,1.01
17057,Fulton County,1.18
36103,Suffolk County,1.17
18161,Union County,1.01
29119,McDonald County,1.065
31157,Scotts Bluff County,0.99
35047,San Miguel County,1.03
1081,Lee County,0.99
48367,Parker County,0.95
27143,Sibley County,1.05
13293,Upson County,1.02
26033,Chippewa County,1.0350000000000001
13013,Barrow County,1.02
48271,Kinney County,0.95
42033,Clearfield County,1.085
26037,Clinton County,1.0350000000000001
17135,Montgomery County,1.18
28003,Alcorn County,0.97
29005,Atchison County,1.065
17115,Macon County,1.18
20167,Russell County,0.99
17155,Putnam County,1.18
46055,Haakon County,0.99
47111,Macon County,1.02
1109,Pike County,0.99
16003,Adams County,1.02
25005,Bristol County,1.15
42107,Schuylkill County,1.085
37045,Cleveland County,0.99
5059,Hot Spring County,1.0
24021,Frederick County,1.02
17169,Schuyler County,1.18
13081,Crisp County,1.02
5027,Columbia County,1.0
19043,Clayton County,1.005
19067,Floyd County,1.005
46125,Turner County,0.99
47067,Hancock County,1.02
13093,Dooly County,1.02
27145,Stearns County,1.05
31155,Saunders County,0.99
46035,Davison County,0.99
48337,Montague County,0.95
48049,Brown County,0.95
55101,Racine County,1.03
55115,Shawano County,1.03
19009,Audubon County,1.005
48207,Haskell County,0.95
40083,Logan County,0.97
36065,Oneida County,1.17
40121,Pittsburg County,0.97
54017,Doddridge County,1.01
54105,Wirt County,1.01
33003,Carroll County,1.04
54095,Tyler County,1.01
26081,Kent County,1.0350000000000001
37147,Pitt County,0.99
31167,Stanton County,0.99
13001,Appling County,1.02
25007,Dukes County,1.15
31179,Wayne County,0.99
18127,Porter County,1.01
26009,Antrim County,1.0350000000000001
16009,Benewah County,1.02
17103,Lee County,1.18
20149,Pottawatomie County,0.99
26075,Jackson County,1.0350000000000001
48091,Comal County,0.95
25019,Nantucket County,1.15
45009,Bamberg County,1.02
13019,Berrien County,1.02
18165,Vermillion County,1.01
51019,Bedford County,1.0
35033,Mora County,1.03
31011,Boone County,0.99
42131,Wyoming County,1.085
37107,Lenoir County,0.99
13071,Colquitt County,1.02
46117,Stanley County,0.99
47073,Hawkins County,1.02
38011,Bowman County,1.01
42057,Fulton County,1.085
48237,Jack County,0.95
17175,Stark County,1.18
40055,Greer County,0.97
48211,Hemphill County,0.95
40033,Cotton County,0.97
36011,Cayuga County,1.17
48417,Shackelford County,0.95
48047,Brooks County,0.95
47187,Williamson County,1.02
56021,Laramie County,0.99
27155,Traverse County,1.05
13247,Rockdale County,1.02
42067,Juniata County,1.085
42083,McKean County,1.085
35045,San Juan County,1.03
36073,Orleans County,1.17
22031,De Soto Parish,1.02
19095,Iowa County,1.005
31019,Buffalo County,0.99
40007,Beaver County,0.97
19023,Butler County,1.005
30085,Roosevelt County,0.99
51670,Hopewell city,1.0
17201,Winnebago County,1.18
4007,Gila County,1.01
24045,Wicomico County,1.02
21043,Carter County,1.01
37097,Iredell County,0.99
51083,Halifax County,1.0
37091,Hertford County,0.99
36057,Montgomery County,1.17
48227,Howard County,0.95
39025,Clermont County,0.99
48501,Yoakum County,0.95
20049,Elk County,0.99
39121,Noble County,0.99
39137,Putnam County,0.99
48425,Somervell County,0.95
42075,Lebanon County,1.085
32027,Pershing County,1.1
48261,Kenedy County,0.95
48033,Borden County,0.95
48411,San Saba County,0.95
40073,Kingfisher County,0.97
48247,Jim Hogg County,0.95
8017,Cheyenne County,0.98
5113,Polk County,1.0
13193,Macon County,1.02
18007,Benton County,1.01
24047,Worcester County,1.02
18069,Huntington County,1.01
21209,Scott County,1.01
19053,Decatur County,1.005
18169,Wabash County,1.01
18003,Allen County,1.01
18099,Marshall County,1.01
31171,Thomas County,0.99
42077,Lehigh County,1.085
31159,Seward County,0.99
36015,Chemung County,1.17
36121,Wyoming County,1.17
42095,Northampton County,1.085
1103,Morgan County,0.99
21027,Breckinridge County,1.01
31113,Logan County,0.99
31161,Sheridan County,0.99
56025,Natrona County,0.99
13321,Worth County,1.02
18109,Morgan County,1.01
48139,Ellis County,0.95
60010,Eastern District,
18053,Grant County,1.01
17073,Henry County,1.18
55087,Outagamie County,1.03
29107,Lafayette County,1.065
37195,Wilson County,0.99
39117,Morrow County,0.99
5033,Crawford County,1.0
48053,Burnet County,0.95
48179,Gray County,0.95
17109,McDonough County,1.18
19137,Montgomery County,1.005
48229,Hudspeth County,0.95
28101,Newton County,0.97
37163,Sampson County,0.99
47127,Moore County,1.02
12103,Pinellas County,0.975
20023,Cheyenne County,0.99
19185,Wayne County,1.005
48165,Gaines County,0.95
1093,Marion County,0.99
37189,Watauga County,0.99
51770,Roanoke city,1.0
48317,Martin County,0.95
29127,Marion County,1.065
36045,Jefferson County,1.17
18097,Marion County,1.01
5115,Pope County,1.0
51175,Southampton County,1.0
36087,Rockland County,1.17
5089,Marion County,1.0
8041,El Paso County,0.98
48475,Ward County,0.95
8061,Kiowa County,0.98
48487,Wilbarger County,0.95
8119,Teller County,0.98
29049,Clinton County,1.065
37127,Nash County,0.99
51199,York County,1.0
16047,Gooding County,1.02
29171,Putnam County,1.065
55043,Grant County,1.03
38059,Morton County,1.01
37041,Chowan County,0.99
37021,Buncombe County,0.99
51730,Petersburg city,1.0
13175,Laurens County,1.02
5007,Benton County,1.0
12083,Marion County,0.975
34041,Warren County,1.15
36021,Columbia County,1.17
51690,Martinsville city,1.0
29165,Platte County,1.065
29021,Buchanan County,1.065
1083,Limestone County,0.99
18065,Henry County,1.01
31143,Polk County,0.99
39123,Ottawa County,0.99
27107,Norman County,1.05
27053,Hennepin County,1.05
42027,Centre County,1.085
48025,Bee County,0.95
19171,Tama County,1.005
20175,Seward County,0.99
19135,Monroe County,1.005
17021,Christian County,1.18
13275,Thomas County,1.02
21005,Anderson County,1.01
21185,Oldham County,1.01
13057,Cherokee County,1.02
38065,Oliver County,1.01
26133,Osceola County,1.0350000000000001
53001,Adams County,1.08
29057,Dade County,1.065
50007,Chittenden County,1.08
27079,Le Sueur County,1.05
53017,Douglas County,1.08
36009,Cattaraugus County,1.17
55027,Dodge County,1.03
19105,Jones County,1.005
20007,Barber County,0.99
46031,Corson County,0.99
46053,Gregory County,0.99
37181,Vance County,0.99
45011,Barnwell County,1.02
18009,Blackford County,1.01
1055,Etowah County,0.99
16025,Camas County,1.02
20155,Reno County,0.99
40001,Adair County,0.97
39085,Lake County,0.99
51775,Salem city,1.0
51121,Montgomery County,1.0
29011,Barton County,1.065
48077,Clay County,0.95
51095,James City County,1.0
31101,Keith County,0.99
31137,Phelps County,0.99
42073,Lawrence County,1.085
39067,Harrison County,0.99
37003,Alexander County,0.99
33005,Cheshire County,1.04
51101,King William County,1.0
8055,Huerfano County,0.98
48255,Karnes County,0.95
48003,Andrews County,0.95
39109,Miami County,0.99
31169,Thayer County,0.99
19079,Hamilton County,1.005
39165,Warren County,0.99
13255,Spalding County,1.02
34019,Hunterdon County,1.15
29217,Vernon County,1.065
18121,Parke County,1.01
19069,Franklin County,1.005
13035,Butts County,1.02
8039,Elbert County,0.98
30083,Richland County,0.99
48147,Fannin County,0.95
20043,Doniphan County,0.99
48265,Kerr County,0.95
28017,Chickasaw County,0.97
29025,Caldwell County,1.065
18025,Crawford County,1.01
29111,Lewis County,1.065
31075,Grant County,0.99
19147,Palo Alto County,1.005
19159,Ringgold County,1.005
37151,Randolph County,0.99
24015,Cecil County,1.02
18171,Warren County,1.01
31077,Greeley County,0.99
31095,Jefferson County,0.99
31151,Saline County,0.99
21119,Knott County,1.01
19045,Clinton County,1.005
27063,Jackson County,1.05
27039,Dodge County,1.05
27047,Freeborn County,1.05
6009,Calaveras County,1.16
25001,Barnstable County,1.15
51119,Middlesex County,1.0
42065,Jefferson County,1.085
30021,Dawson County,0.99
54091,Taylor County,1.01
26111,Midland County,1.0350000000000001
51630,Fredericksburg city,1.0
46007,Bennett County,0.99
23019,Penobscot County,1.02
24041,Talbot County,1.02
13257,Stephens County,1.02
28007,Attala County,0.97
19169,Story County,1.005
20011,Bourbon County,0.99
42031,Clarion County,1.085
18031,Decatur County,1.01
18037,Dubois County,1.01
51057,Essex County,1.0
19195,Worth County,1.005
40063,Hughes County,0.97
51027,Buchanan County,1.0
51005,Alleghany County,1.0
18143,Scott County,1.01
8099,Prowers County,0.98
48435,Sutton County,0.95
40101,Muskogee County,0.97
19005,Allamakee County,1.005
8071,Las Animas County,0.98
48299,Llano County,0.95
48319,Mason County,0.95
37043,Clay County,0.99
36071,Orange County,1.17
36093,Schenectady County,1.17
54059,Mingo County,1.01
51065,Fluvanna County,1.0
17097,Lake County,1.18
13195,Madison County,1.02
8063,Kit Carson County,0.98
36013,Chautauqua County,1.17
13067,Cobb County,1.02
26041,Delta County,1.0350000000000001
13207,Monroe County,1.02
48483,Wheeler County,0.95
13117,Forsyth County,1.02
48409,San Patricio County,0.95
28147,Walthall County,0.97
29137,Monroe County,1.065
26073,Isabella County,1.0350000000000001
48341,Moore County,0.95
45017,Calhoun County,1.02
29095,Jackson County,1.065
26149,St. Joseph County,1.0350000000000001
30033,Garfield County,0.99
31001,Adams County,0.99
27109,Olmsted County,1.05
34039,Union County,1.15
1097,Mobile County,0.99
46087,McCook County,0.99
1057,Fayette County,0.99
1017,Chambers County,0.99
37131,Northampton County,0.99
21087,Green County,1.01
18047,Franklin County,1.01
37159,Rowan County,0.99
27067,Kandiyohi County,1.05
21237,Wolfe County,1.01
48149,Fayette County,0.95
46081,Lawrence County,0.99
23029,Washington County,1.02
48045,Briscoe County,0.95
26131,Ontonagon County,1.0350000000000001
28015,Carroll County,0.97
38033,Golden Valley County,1.01
56027,Niobrara County,0.99
27117,Pipestone County,1.05
51099,King George County,1.0
27129,Renville County,1.05
54097,Upshur County,1.01
29215,Texas County,1.065
19047,Crawford County,1.005
16005,Bannock County,1.02
39055,Geauga County,0.99
36117,Wayne County,1.17
42045,Delaware County,1.085
36063,Niagara County,1.17
20117,Marshall County,0.99
48505,Zapata County,0.95
13177,Lee County,1.02
21019,Boyd County,1.01
27019,Carver County,1.05
17083,Jersey County,1.18
51085,Hanover County,1.0
20199,Wallace County,0.99
26003,Alger County,1.0350000000000001
48215,Hidalgo County,0.95
26123,Newaygo County,1.0350000000000001
41049,Morrow County,1.09
27153,Todd County,1.05
5083,Logan County,1.0
37109,Lincoln County,0.99
13045,Carroll County,1.02
48413,Schleicher County,0.95
51167,Russell County,1.0
37027,Caldwell County,0.99
16065,Madison County,1.02
21001,Adair County,1.01
21077,Gallatin County,1.01
21097,Harrison County,1.01
22079,Rapides Parish,1.02
31111,Lincoln County,0.99
48067,Cass County,0.95
51840,Winchester city,1.0
37061,Duplin County,0.99
27037,Dakota County,1.05
55001,Adams County,1.03
38099,Walsh County,1.01
39115,Morgan County,0.99
39133,Portage County,0.99
56041,Uinta County,0.99
13307,Webster County,1.02
13135,Gwinnett County,1.02
55095,Polk County,1.03
55045,Green County,1.03
36079,Putnam County,1.17
8011,Bent County,0.98
30089,Sanders County,0.99
48173,Glasscock County,0.95
5047,Franklin County,1.0
30037,Golden Valley County,0.99
37101,Johnston County,0.99
53005,Benton County,1.08
29001,Adair County,1.065
39043,Erie County,0.99
17183,Vermilion County,1.18
29189,St. Louis County,1.065
17007,Boone County,1.18
55025,Dane County,1.03
48151,Fisher County,0.95
22085,Sabine Parish,1.02
17137,Morgan County,1.18
48093,Comanche County,0.95
30053,Lincoln County,0.99
27021,Cass County,1.05
42071,Lancaster County,1.085
19013,Black Hawk County,1.005
39131,Pike County,0.99
1125,Tuscaloosa County,0.99
28097,Montgomery County,0.97
31099,Kearney County,0.99
31087,Hitchcock County,0.99
10003,New Castle County,1.07
51073,Gloucester County,1.0
5133,Sevier County,1.0
18017,Cass County,1.01
16077,Power County,1.02
18015,Carroll County,1.01
42101,Philadelphia County,1.085
56043,Washakie County,0.99
36109,Tompkins County,1.17
30105,Valley County,0.99
20203,Wichita County,0.99
46023,Charles Mix County,0.99
31027,Cedar County,0.99
17111,McHenry County,1.18
30069,Petroleum County,0.99
53075,Whitman County,1.08
27147,Steele County,1.05
21117,Kenton County,1.01
19037,Chickasaw County,1.005
17037,DeKalb County,1.18
19081,Hancock County,1.005
38089,Stark County,1.01
40019,Carter County,0.97
21069,Fleming County,1.01
45091,York County,1.02
18001,Adams County,1.01
28155,Webster County,0.97
25011,Franklin County,1.15
31031,Cherry County,0.99
29029,Camden County,1.065
51031,Campbell County,1.0
39105,Meigs County,0.99
54067,Nicholas County,1.01
40053,Grant County,0.97
50027,Windsor County,1.08
48455,Trinity County,0.95
35001,Bernalillo County,1.03
13205,Mitchell County,1.02
21191,Pendleton County,1.01
21215,Spencer County,1.01
30041,Hill County,0.99
31175,Valley County,0.99
48069,Castro County,0.95
24043,Washington County,1.02
21133,Letcher County,1.01
47119,Maury County,1.02
56015,Goshen County,0.99
55133,Waukesha County,1.03
21079,Garrard County,1.01
53065,Stevens County,1.08
19177,Van Buren County,1.005
31073,Gosper County,0.99
12033,Escambia County,0.975
